<?xml version="1.0" encoding="UTF-8" standalone="no"?>
<gpx xmlns="http://www.topografix.com/GPX/1/1" creator="GaiaGPS" version="1.1" xmlns:xsi="http://www.w3.org/2001/XMLSchema-instance" xsi:schemaLocation="http://www.topografix.com/GPX/1/1 http://www.topografix.com/GPX/1/1/gpx.xsd">
  <metadata>
    <time>2026-07-18T12:48:27Z</time>
  </metadata>
  <trk>
    <name>Saturday Morning Activity</name>
    <trkseg>
      <trkpt lat="47.531883" lon="-120.816150">
        <ele>1008.0</ele>
        <time>2026-07-18T12:48:28Z</time>
      </trkpt>
      <trkpt lat="47.531822" lon="-120.816222">
        <ele>1008.0</ele>
        <time>2026-07-18T12:48:34Z</time>
      </trkpt>
      <trkpt lat="47.531692" lon="-120.816449">
        <ele>1008.0</ele>
        <time>2026-07-18T12:48:50Z</time>
      </trkpt>
      <trkpt lat="47.531567" lon="-120.816585">
        <ele>1007.0</ele>
        <time>2026-07-18T12:49:03Z</time>
      </trkpt>
      <trkpt lat="47.531517" lon="-120.816689">
        <ele>1008.0</ele>
        <time>2026-07-18T12:49:10Z</time>
      </trkpt>
      <trkpt lat="47.531437" lon="-120.816775">
        <ele>1010.0</ele>
        <time>2026-07-18T12:49:18Z</time>
      </trkpt>
      <trkpt lat="47.531381" lon="-120.816888">
        <ele>1010.0</ele>
        <time>2026-07-18T12:49:27Z</time>
      </trkpt>
      <trkpt lat="47.531319" lon="-120.816934">
        <ele>1008.0</ele>
        <time>2026-07-18T12:49:31Z</time>
      </trkpt>
      <trkpt lat="47.531285" lon="-120.816993">
        <ele>1010.0</ele>
        <time>2026-07-18T12:49:35Z</time>
      </trkpt>
      <trkpt lat="47.531223" lon="-120.817061">
        <ele>1010.0</ele>
        <time>2026-07-18T12:49:41Z</time>
      </trkpt>
      <trkpt lat="47.531194" lon="-120.817075">
        <ele>1011.0</ele>
        <time>2026-07-18T12:49:43Z</time>
      </trkpt>
      <trkpt lat="47.531150" lon="-120.817122">
        <ele>1012.0</ele>
        <time>2026-07-18T12:49:47Z</time>
      </trkpt>
      <trkpt lat="47.531115" lon="-120.817133">
        <ele>1011.0</ele>
        <time>2026-07-18T12:49:50Z</time>
      </trkpt>
      <trkpt lat="47.531061" lon="-120.817183">
        <ele>1012.0</ele>
        <time>2026-07-18T12:49:55Z</time>
      </trkpt>
      <trkpt lat="47.530877" lon="-120.817279">
        <ele>1016.0</ele>
        <time>2026-07-18T12:50:10Z</time>
      </trkpt>
      <trkpt lat="47.530773" lon="-120.817320">
        <ele>1015.0</ele>
        <time>2026-07-18T12:50:18Z</time>
      </trkpt>
      <trkpt lat="47.530704" lon="-120.817393">
        <ele>1018.0</ele>
        <time>2026-07-18T12:50:25Z</time>
      </trkpt>
      <trkpt lat="47.530527" lon="-120.817507">
        <ele>1016.0</ele>
        <time>2026-07-18T12:50:41Z</time>
      </trkpt>
      <trkpt lat="47.530418" lon="-120.817526">
        <ele>1017.0</ele>
        <time>2026-07-18T12:50:50Z</time>
      </trkpt>
      <trkpt lat="47.530374" lon="-120.817518">
        <ele>1018.0</ele>
        <time>2026-07-18T12:50:52Z</time>
      </trkpt>
      <trkpt lat="47.530235" lon="-120.817573">
        <ele>1018.0</ele>
        <time>2026-07-18T12:51:05Z</time>
      </trkpt>
      <trkpt lat="47.530211" lon="-120.817604">
        <ele>1020.0</ele>
        <time>2026-07-18T12:51:07Z</time>
      </trkpt>
      <trkpt lat="47.530181" lon="-120.817616">
        <ele>1022.0</ele>
        <time>2026-07-18T12:51:09Z</time>
      </trkpt>
      <trkpt lat="47.530157" lon="-120.817641">
        <ele>1022.0</ele>
        <time>2026-07-18T12:51:11Z</time>
      </trkpt>
      <trkpt lat="47.530073" lon="-120.817802">
        <ele>1023.0</ele>
        <time>2026-07-18T12:51:23Z</time>
      </trkpt>
      <trkpt lat="47.530053" lon="-120.817885">
        <ele>1023.0</ele>
        <time>2026-07-18T12:51:27Z</time>
      </trkpt>
      <trkpt lat="47.529984" lon="-120.817976">
        <ele>1023.0</ele>
        <time>2026-07-18T12:51:35Z</time>
      </trkpt>
      <trkpt lat="47.529897" lon="-120.818029">
        <ele>1023.0</ele>
        <time>2026-07-18T12:51:43Z</time>
      </trkpt>
      <trkpt lat="47.529832" lon="-120.818127">
        <ele>1022.0</ele>
        <time>2026-07-18T12:51:51Z</time>
      </trkpt>
      <trkpt lat="47.529714" lon="-120.818209">
        <ele>1023.0</ele>
        <time>2026-07-18T12:52:01Z</time>
      </trkpt>
      <trkpt lat="47.529648" lon="-120.818239">
        <ele>1023.0</ele>
        <time>2026-07-18T12:52:06Z</time>
      </trkpt>
      <trkpt lat="47.529374" lon="-120.818524">
        <ele>1027.0</ele>
        <time>2026-07-18T12:52:33Z</time>
      </trkpt>
      <trkpt lat="47.529340" lon="-120.818585">
        <ele>1028.0</ele>
        <time>2026-07-18T12:52:37Z</time>
      </trkpt>
      <trkpt lat="47.529325" lon="-120.818656">
        <ele>1028.0</ele>
        <time>2026-07-18T12:52:42Z</time>
      </trkpt>
      <trkpt lat="47.529296" lon="-120.818690">
        <ele>1027.0</ele>
        <time>2026-07-18T12:52:44Z</time>
      </trkpt>
      <trkpt lat="47.529285" lon="-120.818720">
        <ele>1026.0</ele>
        <time>2026-07-18T12:52:46Z</time>
      </trkpt>
      <trkpt lat="47.529252" lon="-120.818868">
        <ele>1028.0</ele>
        <time>2026-07-18T12:52:55Z</time>
      </trkpt>
      <trkpt lat="47.529227" lon="-120.818915">
        <ele>1028.2</ele>
        <time>2026-07-18T12:52:59Z</time>
      </trkpt>
      <trkpt lat="47.529178" lon="-120.819092">
        <ele>1026.0</ele>
        <time>2026-07-18T12:53:08Z</time>
      </trkpt>
      <trkpt lat="47.529178" lon="-120.819132">
        <ele>1026.0</ele>
        <time>2026-07-18T12:53:10Z</time>
      </trkpt>
      <trkpt lat="47.529128" lon="-120.819278">
        <ele>1026.0</ele>
        <time>2026-07-18T12:53:18Z</time>
      </trkpt>
      <trkpt lat="47.529083" lon="-120.819477">
        <ele>1026.0</ele>
        <time>2026-07-18T12:53:29Z</time>
      </trkpt>
      <trkpt lat="47.528865" lon="-120.819877">
        <ele>1026.0</ele>
        <time>2026-07-18T12:53:57Z</time>
      </trkpt>
      <trkpt lat="47.528769" lon="-120.819990">
        <ele>1026.0</ele>
        <time>2026-07-18T12:54:07Z</time>
      </trkpt>
      <trkpt lat="47.528718" lon="-120.820099">
        <ele>1026.0</ele>
        <time>2026-07-18T12:54:14Z</time>
      </trkpt>
      <trkpt lat="47.528653" lon="-120.820184">
        <ele>1027.0</ele>
        <time>2026-07-18T12:54:21Z</time>
      </trkpt>
      <trkpt lat="47.528632" lon="-120.820228">
        <ele>1026.0</ele>
        <time>2026-07-18T12:54:24Z</time>
      </trkpt>
      <trkpt lat="47.528557" lon="-120.820302">
        <ele>1026.0</ele>
        <time>2026-07-18T12:54:31Z</time>
      </trkpt>
      <trkpt lat="47.528485" lon="-120.820405">
        <ele>1027.0</ele>
        <time>2026-07-18T12:54:39Z</time>
      </trkpt>
      <trkpt lat="47.528334" lon="-120.820559">
        <ele>1029.0</ele>
        <time>2026-07-18T12:54:54Z</time>
      </trkpt>
      <trkpt lat="47.528302" lon="-120.820563">
        <ele>1015.0</ele>
        <time>2026-07-18T12:55:11Z</time>
      </trkpt>
      <trkpt lat="47.528287" lon="-120.820553">
        <ele>1029.0</ele>
        <time>2026-07-18T12:55:54Z</time>
      </trkpt>
      <trkpt lat="47.528228" lon="-120.820635">
        <ele>1028.0</ele>
        <time>2026-07-18T12:56:40Z</time>
      </trkpt>
      <trkpt lat="47.528167" lon="-120.820668">
        <ele>1032.0</ele>
        <time>2026-07-18T12:56:47Z</time>
      </trkpt>
      <trkpt lat="47.528104" lon="-120.820679">
        <ele>1031.0</ele>
        <time>2026-07-18T12:56:54Z</time>
      </trkpt>
      <trkpt lat="47.528020" lon="-120.820721">
        <ele>1032.0</ele>
        <time>2026-07-18T12:57:04Z</time>
      </trkpt>
      <trkpt lat="47.527969" lon="-120.820759">
        <ele>1032.0</ele>
        <time>2026-07-18T12:57:09Z</time>
      </trkpt>
      <trkpt lat="47.527888" lon="-120.820798">
        <ele>1032.0</ele>
        <time>2026-07-18T12:57:17Z</time>
      </trkpt>
      <trkpt lat="47.527855" lon="-120.820797">
        <ele>1032.0</ele>
        <time>2026-07-18T12:57:20Z</time>
      </trkpt>
      <trkpt lat="47.527788" lon="-120.820837">
        <ele>1032.0</ele>
        <time>2026-07-18T12:57:26Z</time>
      </trkpt>
      <trkpt lat="47.527730" lon="-120.820895">
        <ele>1032.0</ele>
        <time>2026-07-18T12:57:34Z</time>
      </trkpt>
      <trkpt lat="47.527740" lon="-120.820958">
        <ele>1031.0</ele>
        <time>2026-07-18T12:58:04Z</time>
      </trkpt>
      <trkpt lat="47.527755" lon="-120.820992">
        <ele>1035.0</ele>
        <time>2026-07-18T13:01:01Z</time>
      </trkpt>
      <trkpt lat="47.527673" lon="-120.820998">
        <ele>1035.0</ele>
        <time>2026-07-18T13:03:26Z</time>
      </trkpt>
      <trkpt lat="47.527602" lon="-120.820961">
        <ele>1035.0</ele>
        <time>2026-07-18T13:03:36Z</time>
      </trkpt>
      <trkpt lat="47.527498" lon="-120.820847">
        <ele>1040.0</ele>
        <time>2026-07-18T13:03:48Z</time>
      </trkpt>
      <trkpt lat="47.527454" lon="-120.820838">
        <ele>1038.0</ele>
        <time>2026-07-18T13:03:51Z</time>
      </trkpt>
      <trkpt lat="47.527377" lon="-120.820892">
        <ele>1037.0</ele>
        <time>2026-07-18T13:03:58Z</time>
      </trkpt>
      <trkpt lat="47.527291" lon="-120.821019">
        <ele>1043.6</ele>
        <time>2026-07-18T13:04:09Z</time>
      </trkpt>
      <trkpt lat="47.527144" lon="-120.821081">
        <ele>1044.0</ele>
        <time>2026-07-18T13:04:22Z</time>
      </trkpt>
      <trkpt lat="47.527107" lon="-120.821081">
        <ele>1042.0</ele>
        <time>2026-07-18T13:04:26Z</time>
      </trkpt>
      <trkpt lat="47.527075" lon="-120.821098">
        <ele>1041.0</ele>
        <time>2026-07-18T13:04:30Z</time>
      </trkpt>
      <trkpt lat="47.527061" lon="-120.821169">
        <ele>1041.0</ele>
        <time>2026-07-18T13:04:35Z</time>
      </trkpt>
      <trkpt lat="47.526996" lon="-120.821253">
        <ele>1044.0</ele>
        <time>2026-07-18T13:04:45Z</time>
      </trkpt>
      <trkpt lat="47.526951" lon="-120.821347">
        <ele>1048.0</ele>
        <time>2026-07-18T13:04:55Z</time>
      </trkpt>
      <trkpt lat="47.526931" lon="-120.821377">
        <ele>1049.2</ele>
        <time>2026-07-18T13:04:59Z</time>
      </trkpt>
      <trkpt lat="47.526844" lon="-120.821458">
        <ele>1047.0</ele>
        <time>2026-07-18T13:05:10Z</time>
      </trkpt>
      <trkpt lat="47.526792" lon="-120.821462">
        <ele>1046.0</ele>
        <time>2026-07-18T13:05:17Z</time>
      </trkpt>
      <trkpt lat="47.526766" lon="-120.821477">
        <ele>1050.0</ele>
        <time>2026-07-18T13:05:20Z</time>
      </trkpt>
      <trkpt lat="47.526702" lon="-120.821552">
        <ele>1050.0</ele>
        <time>2026-07-18T13:05:27Z</time>
      </trkpt>
      <trkpt lat="47.526606" lon="-120.821576">
        <ele>1050.0</ele>
        <time>2026-07-18T13:05:35Z</time>
      </trkpt>
      <trkpt lat="47.526539" lon="-120.821647">
        <ele>1052.0</ele>
        <time>2026-07-18T13:05:45Z</time>
      </trkpt>
      <trkpt lat="47.526507" lon="-120.821651">
        <ele>1050.0</ele>
        <time>2026-07-18T13:05:52Z</time>
      </trkpt>
      <trkpt lat="47.526457" lon="-120.821704">
        <ele>1050.0</ele>
        <time>2026-07-18T13:06:00Z</time>
      </trkpt>
      <trkpt lat="47.526402" lon="-120.821662">
        <ele>1051.0</ele>
        <time>2026-07-18T13:06:07Z</time>
      </trkpt>
      <trkpt lat="47.526345" lon="-120.821662">
        <ele>1050.0</ele>
        <time>2026-07-18T13:06:13Z</time>
      </trkpt>
      <trkpt lat="47.526318" lon="-120.821646">
        <ele>1050.0</ele>
        <time>2026-07-18T13:06:15Z</time>
      </trkpt>
      <trkpt lat="47.526189" lon="-120.821722">
        <ele>1055.0</ele>
        <time>2026-07-18T13:06:26Z</time>
      </trkpt>
      <trkpt lat="47.526076" lon="-120.821727">
        <ele>1056.0</ele>
        <time>2026-07-18T13:06:34Z</time>
      </trkpt>
      <trkpt lat="47.526028" lon="-120.821750">
        <ele>1056.5</ele>
        <time>2026-07-18T13:06:39Z</time>
      </trkpt>
      <trkpt lat="47.525920" lon="-120.821752">
        <ele>1056.0</ele>
        <time>2026-07-18T13:06:49Z</time>
      </trkpt>
      <trkpt lat="47.525864" lon="-120.821775">
        <ele>1056.0</ele>
        <time>2026-07-18T13:06:54Z</time>
      </trkpt>
      <trkpt lat="47.525823" lon="-120.821830">
        <ele>1054.0</ele>
        <time>2026-07-18T13:07:00Z</time>
      </trkpt>
      <trkpt lat="47.525757" lon="-120.821856">
        <ele>1056.0</ele>
        <time>2026-07-18T13:07:05Z</time>
      </trkpt>
      <trkpt lat="47.525697" lon="-120.821918">
        <ele>1056.0</ele>
        <time>2026-07-18T13:07:11Z</time>
      </trkpt>
      <trkpt lat="47.525622" lon="-120.821953">
        <ele>1056.0</ele>
        <time>2026-07-18T13:07:18Z</time>
      </trkpt>
      <trkpt lat="47.525528" lon="-120.821977">
        <ele>1059.6</ele>
        <time>2026-07-18T13:07:28Z</time>
      </trkpt>
      <trkpt lat="47.525502" lon="-120.821996">
        <ele>1056.0</ele>
        <time>2026-07-18T13:07:30Z</time>
      </trkpt>
      <trkpt lat="47.525378" lon="-120.822038">
        <ele>1058.0</ele>
        <time>2026-07-18T13:07:45Z</time>
      </trkpt>
      <trkpt lat="47.525306" lon="-120.822052">
        <ele>1060.0</ele>
        <time>2026-07-18T13:07:52Z</time>
      </trkpt>
      <trkpt lat="47.525269" lon="-120.822044">
        <ele>1058.0</ele>
        <time>2026-07-18T13:07:55Z</time>
      </trkpt>
      <trkpt lat="47.525233" lon="-120.822051">
        <ele>1059.0</ele>
        <time>2026-07-18T13:07:59Z</time>
      </trkpt>
      <trkpt lat="47.525189" lon="-120.822105">
        <ele>1058.0</ele>
        <time>2026-07-18T13:08:03Z</time>
      </trkpt>
      <trkpt lat="47.525159" lon="-120.822162">
        <ele>1058.0</ele>
        <time>2026-07-18T13:08:08Z</time>
      </trkpt>
      <trkpt lat="47.525042" lon="-120.822217">
        <ele>1058.0</ele>
        <time>2026-07-18T13:08:18Z</time>
      </trkpt>
      <trkpt lat="47.525025" lon="-120.822352">
        <ele>1060.0</ele>
        <time>2026-07-18T13:08:25Z</time>
      </trkpt>
      <trkpt lat="47.524984" lon="-120.822409">
        <ele>1059.0</ele>
        <time>2026-07-18T13:08:30Z</time>
      </trkpt>
      <trkpt lat="47.524953" lon="-120.822483">
        <ele>1058.0</ele>
        <time>2026-07-18T13:08:35Z</time>
      </trkpt>
      <trkpt lat="47.524923" lon="-120.822498">
        <ele>1057.0</ele>
        <time>2026-07-18T13:08:37Z</time>
      </trkpt>
      <trkpt lat="47.524854" lon="-120.822418">
        <ele>1060.0</ele>
        <time>2026-07-18T13:08:47Z</time>
      </trkpt>
      <trkpt lat="47.524814" lon="-120.822403">
        <ele>1058.0</ele>
        <time>2026-07-18T13:08:50Z</time>
      </trkpt>
      <trkpt lat="47.524783" lon="-120.822406">
        <ele>1059.0</ele>
        <time>2026-07-18T13:08:53Z</time>
      </trkpt>
      <trkpt lat="47.524728" lon="-120.822454">
        <ele>1060.0</ele>
        <time>2026-07-18T13:09:00Z</time>
      </trkpt>
      <trkpt lat="47.524664" lon="-120.822483">
        <ele>1060.0</ele>
        <time>2026-07-18T13:09:07Z</time>
      </trkpt>
      <trkpt lat="47.524578" lon="-120.822593">
        <ele>1062.0</ele>
        <time>2026-07-18T13:09:20Z</time>
      </trkpt>
      <trkpt lat="47.524498" lon="-120.822639">
        <ele>1060.0</ele>
        <time>2026-07-18T13:09:26Z</time>
      </trkpt>
      <trkpt lat="47.524466" lon="-120.822619">
        <ele>1060.0</ele>
        <time>2026-07-18T13:09:29Z</time>
      </trkpt>
      <trkpt lat="47.524396" lon="-120.822601">
        <ele>1062.0</ele>
        <time>2026-07-18T13:09:34Z</time>
      </trkpt>
      <trkpt lat="47.524327" lon="-120.822621">
        <ele>1064.0</ele>
        <time>2026-07-18T13:09:40Z</time>
      </trkpt>
      <trkpt lat="47.524197" lon="-120.822620">
        <ele>1065.0</ele>
        <time>2026-07-18T13:09:49Z</time>
      </trkpt>
      <trkpt lat="47.524152" lon="-120.822647">
        <ele>1067.0</ele>
        <time>2026-07-18T13:09:55Z</time>
      </trkpt>
      <trkpt lat="47.524048" lon="-120.822649">
        <ele>1066.0</ele>
        <time>2026-07-18T13:10:05Z</time>
      </trkpt>
      <trkpt lat="47.524015" lon="-120.822658">
        <ele>1065.0</ele>
        <time>2026-07-18T13:10:08Z</time>
      </trkpt>
      <trkpt lat="47.523951" lon="-120.822635">
        <ele>1071.0</ele>
        <time>2026-07-18T13:10:16Z</time>
      </trkpt>
      <trkpt lat="47.523901" lon="-120.822546">
        <ele>1075.0</ele>
        <time>2026-07-18T13:10:23Z</time>
      </trkpt>
      <trkpt lat="47.523834" lon="-120.822531">
        <ele>1076.0</ele>
        <time>2026-07-18T13:10:28Z</time>
      </trkpt>
      <trkpt lat="47.523783" lon="-120.822467">
        <ele>1078.0</ele>
        <time>2026-07-18T13:10:34Z</time>
      </trkpt>
      <trkpt lat="47.523720" lon="-120.822422">
        <ele>1078.0</ele>
        <time>2026-07-18T13:10:39Z</time>
      </trkpt>
      <trkpt lat="47.523640" lon="-120.822417">
        <ele>1076.0</ele>
        <time>2026-07-18T13:10:44Z</time>
      </trkpt>
      <trkpt lat="47.523604" lon="-120.822441">
        <ele>1079.0</ele>
        <time>2026-07-18T13:10:47Z</time>
      </trkpt>
      <trkpt lat="47.523600" lon="-120.822504">
        <ele>1080.0</ele>
        <time>2026-07-18T13:10:51Z</time>
      </trkpt>
      <trkpt lat="47.523580" lon="-120.822534">
        <ele>1078.0</ele>
        <time>2026-07-18T13:10:53Z</time>
      </trkpt>
      <trkpt lat="47.523549" lon="-120.822542">
        <ele>1077.0</ele>
        <time>2026-07-18T13:10:57Z</time>
      </trkpt>
      <trkpt lat="47.523521" lon="-120.822572">
        <ele>1078.0</ele>
        <time>2026-07-18T13:11:01Z</time>
      </trkpt>
      <trkpt lat="47.523512" lon="-120.822616">
        <ele>1077.0</ele>
        <time>2026-07-18T13:11:04Z</time>
      </trkpt>
      <trkpt lat="47.523483" lon="-120.822624">
        <ele>1074.0</ele>
        <time>2026-07-18T13:11:07Z</time>
      </trkpt>
      <trkpt lat="47.523450" lon="-120.822655">
        <ele>1077.0</ele>
        <time>2026-07-18T13:11:11Z</time>
      </trkpt>
      <trkpt lat="47.523412" lon="-120.822663">
        <ele>1078.0</ele>
        <time>2026-07-18T13:11:14Z</time>
      </trkpt>
      <trkpt lat="47.523382" lon="-120.822684">
        <ele>1078.0</ele>
        <time>2026-07-18T13:11:17Z</time>
      </trkpt>
      <trkpt lat="47.523334" lon="-120.822733">
        <ele>1080.0</ele>
        <time>2026-07-18T13:11:23Z</time>
      </trkpt>
      <trkpt lat="47.523312" lon="-120.822805">
        <ele>1084.0</ele>
        <time>2026-07-18T13:11:30Z</time>
      </trkpt>
      <trkpt lat="47.523275" lon="-120.822829">
        <ele>1083.0</ele>
        <time>2026-07-18T13:11:35Z</time>
      </trkpt>
      <trkpt lat="47.523237" lon="-120.822879">
        <ele>1083.0</ele>
        <time>2026-07-18T13:11:40Z</time>
      </trkpt>
      <trkpt lat="47.523141" lon="-120.822943">
        <ele>1080.0</ele>
        <time>2026-07-18T13:11:48Z</time>
      </trkpt>
      <trkpt lat="47.523113" lon="-120.823038">
        <ele>1082.0</ele>
        <time>2026-07-18T13:11:55Z</time>
      </trkpt>
      <trkpt lat="47.523027" lon="-120.823120">
        <ele>1080.0</ele>
        <time>2026-07-18T13:12:00Z</time>
      </trkpt>
      <trkpt lat="47.523010" lon="-120.823157">
        <ele>1081.0</ele>
        <time>2026-07-18T13:12:02Z</time>
      </trkpt>
      <trkpt lat="47.522915" lon="-120.823189">
        <ele>1080.0</ele>
        <time>2026-07-18T13:12:10Z</time>
      </trkpt>
      <trkpt lat="47.522877" lon="-120.823213">
        <ele>1080.0</ele>
        <time>2026-07-18T13:12:13Z</time>
      </trkpt>
      <trkpt lat="47.522861" lon="-120.823260">
        <ele>1081.0</ele>
        <time>2026-07-18T13:12:15Z</time>
      </trkpt>
      <trkpt lat="47.522862" lon="-120.823300">
        <ele>1081.0</ele>
        <time>2026-07-18T13:12:17Z</time>
      </trkpt>
      <trkpt lat="47.522788" lon="-120.823381">
        <ele>1084.0</ele>
        <time>2026-07-18T13:12:27Z</time>
      </trkpt>
      <trkpt lat="47.522575" lon="-120.823345">
        <ele>1087.0</ele>
        <time>2026-07-18T13:12:50Z</time>
      </trkpt>
      <trkpt lat="47.522537" lon="-120.823283">
        <ele>1087.0</ele>
        <time>2026-07-18T13:12:57Z</time>
      </trkpt>
      <trkpt lat="47.522449" lon="-120.823233">
        <ele>1091.0</ele>
        <time>2026-07-18T13:13:06Z</time>
      </trkpt>
      <trkpt lat="47.522413" lon="-120.823181">
        <ele>1092.0</ele>
        <time>2026-07-18T13:13:10Z</time>
      </trkpt>
      <trkpt lat="47.522385" lon="-120.823117">
        <ele>1092.0</ele>
        <time>2026-07-18T13:13:15Z</time>
      </trkpt>
      <trkpt lat="47.522337" lon="-120.823102">
        <ele>1092.5</ele>
        <time>2026-07-18T13:13:20Z</time>
      </trkpt>
      <trkpt lat="47.522260" lon="-120.823106">
        <ele>1092.0</ele>
        <time>2026-07-18T13:13:28Z</time>
      </trkpt>
      <trkpt lat="47.522226" lon="-120.823123">
        <ele>1093.4</ele>
        <time>2026-07-18T13:13:32Z</time>
      </trkpt>
      <trkpt lat="47.522179" lon="-120.823097">
        <ele>1092.0</ele>
        <time>2026-07-18T13:13:35Z</time>
      </trkpt>
      <trkpt lat="47.522149" lon="-120.823093">
        <ele>1093.0</ele>
        <time>2026-07-18T13:13:38Z</time>
      </trkpt>
      <trkpt lat="47.522087" lon="-120.823120">
        <ele>1095.0</ele>
        <time>2026-07-18T13:13:45Z</time>
      </trkpt>
      <trkpt lat="47.522049" lon="-120.823125">
        <ele>1095.0</ele>
        <time>2026-07-18T13:13:48Z</time>
      </trkpt>
      <trkpt lat="47.521988" lon="-120.823152">
        <ele>1096.0</ele>
        <time>2026-07-18T13:13:54Z</time>
      </trkpt>
      <trkpt lat="47.521954" lon="-120.823154">
        <ele>1095.0</ele>
        <time>2026-07-18T13:13:57Z</time>
      </trkpt>
      <trkpt lat="47.521851" lon="-120.823191">
        <ele>1096.0</ele>
        <time>2026-07-18T13:14:08Z</time>
      </trkpt>
      <trkpt lat="47.521816" lon="-120.823212">
        <ele>1098.0</ele>
        <time>2026-07-18T13:14:11Z</time>
      </trkpt>
      <trkpt lat="47.521799" lon="-120.823298">
        <ele>1096.0</ele>
        <time>2026-07-18T13:14:18Z</time>
      </trkpt>
      <trkpt lat="47.521740" lon="-120.823323">
        <ele>1096.0</ele>
        <time>2026-07-18T13:14:26Z</time>
      </trkpt>
      <trkpt lat="47.521695" lon="-120.823285">
        <ele>1099.0</ele>
        <time>2026-07-18T13:14:32Z</time>
      </trkpt>
      <trkpt lat="47.521662" lon="-120.823298">
        <ele>1098.0</ele>
        <time>2026-07-18T13:14:35Z</time>
      </trkpt>
      <trkpt lat="47.521604" lon="-120.823297">
        <ele>1097.0</ele>
        <time>2026-07-18T13:14:42Z</time>
      </trkpt>
      <trkpt lat="47.521539" lon="-120.823315">
        <ele>1099.0</ele>
        <time>2026-07-18T13:14:48Z</time>
      </trkpt>
      <trkpt lat="47.521474" lon="-120.823297">
        <ele>1101.0</ele>
        <time>2026-07-18T13:14:55Z</time>
      </trkpt>
      <trkpt lat="47.521443" lon="-120.823299">
        <ele>1102.0</ele>
        <time>2026-07-18T13:14:59Z</time>
      </trkpt>
      <trkpt lat="47.521274" lon="-120.823364">
        <ele>1104.0</ele>
        <time>2026-07-18T13:15:18Z</time>
      </trkpt>
      <trkpt lat="47.521254" lon="-120.823414">
        <ele>1106.0</ele>
        <time>2026-07-18T13:15:23Z</time>
      </trkpt>
      <trkpt lat="47.521151" lon="-120.823387">
        <ele>1108.0</ele>
        <time>2026-07-18T13:15:32Z</time>
      </trkpt>
      <trkpt lat="47.521057" lon="-120.823468">
        <ele>1109.0</ele>
        <time>2026-07-18T13:15:43Z</time>
      </trkpt>
      <trkpt lat="47.520977" lon="-120.823440">
        <ele>1110.0</ele>
        <time>2026-07-18T13:15:51Z</time>
      </trkpt>
      <trkpt lat="47.520905" lon="-120.823493">
        <ele>1112.0</ele>
        <time>2026-07-18T13:15:58Z</time>
      </trkpt>
      <trkpt lat="47.520865" lon="-120.823478">
        <ele>1113.9</ele>
        <time>2026-07-18T13:16:02Z</time>
      </trkpt>
      <trkpt lat="47.520811" lon="-120.823439">
        <ele>1113.0</ele>
        <time>2026-07-18T13:16:07Z</time>
      </trkpt>
      <trkpt lat="47.520783" lon="-120.823408">
        <ele>1113.0</ele>
        <time>2026-07-18T13:16:11Z</time>
      </trkpt>
      <trkpt lat="47.520767" lon="-120.823373">
        <ele>1116.0</ele>
        <time>2026-07-18T13:16:14Z</time>
      </trkpt>
      <trkpt lat="47.520691" lon="-120.823346">
        <ele>1114.0</ele>
        <time>2026-07-18T13:16:22Z</time>
      </trkpt>
      <trkpt lat="47.520666" lon="-120.823291">
        <ele>1112.0</ele>
        <time>2026-07-18T13:16:27Z</time>
      </trkpt>
      <trkpt lat="47.520605" lon="-120.823242">
        <ele>1115.0</ele>
        <time>2026-07-18T13:16:33Z</time>
      </trkpt>
      <trkpt lat="47.520536" lon="-120.823233">
        <ele>1117.0</ele>
        <time>2026-07-18T13:16:39Z</time>
      </trkpt>
      <trkpt lat="47.520440" lon="-120.823282">
        <ele>1120.0</ele>
        <time>2026-07-18T13:16:49Z</time>
      </trkpt>
      <trkpt lat="47.520423" lon="-120.823352">
        <ele>1118.0</ele>
        <time>2026-07-18T13:16:55Z</time>
      </trkpt>
      <trkpt lat="47.520378" lon="-120.823411">
        <ele>1116.0</ele>
        <time>2026-07-18T13:17:01Z</time>
      </trkpt>
      <trkpt lat="47.520349" lon="-120.823430">
        <ele>1116.0</ele>
        <time>2026-07-18T13:17:05Z</time>
      </trkpt>
      <trkpt lat="47.520316" lon="-120.823433">
        <ele>1115.0</ele>
        <time>2026-07-18T13:17:08Z</time>
      </trkpt>
      <trkpt lat="47.520219" lon="-120.823474">
        <ele>1113.0</ele>
        <time>2026-07-18T13:17:18Z</time>
      </trkpt>
      <trkpt lat="47.520135" lon="-120.823478">
        <ele>1114.0</ele>
        <time>2026-07-18T13:17:23Z</time>
      </trkpt>
      <trkpt lat="47.520074" lon="-120.823492">
        <ele>1116.0</ele>
        <time>2026-07-18T13:17:28Z</time>
      </trkpt>
      <trkpt lat="47.520011" lon="-120.823532">
        <ele>1113.0</ele>
        <time>2026-07-18T13:17:33Z</time>
      </trkpt>
      <trkpt lat="47.519939" lon="-120.823541">
        <ele>1116.0</ele>
        <time>2026-07-18T13:17:38Z</time>
      </trkpt>
      <trkpt lat="47.519835" lon="-120.823591">
        <ele>1113.0</ele>
        <time>2026-07-18T13:17:47Z</time>
      </trkpt>
      <trkpt lat="47.519811" lon="-120.823616">
        <ele>1112.0</ele>
        <time>2026-07-18T13:17:50Z</time>
      </trkpt>
      <trkpt lat="47.519745" lon="-120.823627">
        <ele>1112.0</ele>
        <time>2026-07-18T13:17:57Z</time>
      </trkpt>
      <trkpt lat="47.519715" lon="-120.823644">
        <ele>1111.0</ele>
        <time>2026-07-18T13:18:00Z</time>
      </trkpt>
      <trkpt lat="47.519686" lon="-120.823680">
        <ele>1113.0</ele>
        <time>2026-07-18T13:18:03Z</time>
      </trkpt>
      <trkpt lat="47.519626" lon="-120.823718">
        <ele>1114.0</ele>
        <time>2026-07-18T13:18:07Z</time>
      </trkpt>
      <trkpt lat="47.519561" lon="-120.823744">
        <ele>1115.0</ele>
        <time>2026-07-18T13:18:13Z</time>
      </trkpt>
      <trkpt lat="47.519490" lon="-120.823747">
        <ele>1114.0</ele>
        <time>2026-07-18T13:18:20Z</time>
      </trkpt>
      <trkpt lat="47.519477" lon="-120.823782">
        <ele>1114.0</ele>
        <time>2026-07-18T13:18:22Z</time>
      </trkpt>
      <trkpt lat="47.519412" lon="-120.823865">
        <ele>1113.0</ele>
        <time>2026-07-18T13:18:28Z</time>
      </trkpt>
      <trkpt lat="47.519375" lon="-120.823934">
        <ele>1115.0</ele>
        <time>2026-07-18T13:18:33Z</time>
      </trkpt>
      <trkpt lat="47.519324" lon="-120.824112">
        <ele>1118.1</ele>
        <time>2026-07-18T13:18:43Z</time>
      </trkpt>
      <trkpt lat="47.519301" lon="-120.824233">
        <ele>1118.7</ele>
        <time>2026-07-18T13:18:48Z</time>
      </trkpt>
      <trkpt lat="47.519226" lon="-120.824329">
        <ele>1116.0</ele>
        <time>2026-07-18T13:18:56Z</time>
      </trkpt>
      <trkpt lat="47.519189" lon="-120.824417">
        <ele>1119.0</ele>
        <time>2026-07-18T13:19:02Z</time>
      </trkpt>
      <trkpt lat="47.519141" lon="-120.824474">
        <ele>1119.0</ele>
        <time>2026-07-18T13:19:08Z</time>
      </trkpt>
      <trkpt lat="47.519102" lon="-120.824568">
        <ele>1119.0</ele>
        <time>2026-07-18T13:19:14Z</time>
      </trkpt>
      <trkpt lat="47.519047" lon="-120.824607">
        <ele>1119.0</ele>
        <time>2026-07-18T13:19:18Z</time>
      </trkpt>
      <trkpt lat="47.518975" lon="-120.824698">
        <ele>1119.0</ele>
        <time>2026-07-18T13:19:29Z</time>
      </trkpt>
      <trkpt lat="47.518953" lon="-120.824776">
        <ele>1121.0</ele>
        <time>2026-07-18T13:19:36Z</time>
      </trkpt>
      <trkpt lat="47.518900" lon="-120.824831">
        <ele>1122.0</ele>
        <time>2026-07-18T13:19:43Z</time>
      </trkpt>
      <trkpt lat="47.518882" lon="-120.824869">
        <ele>1123.4</ele>
        <time>2026-07-18T13:19:45Z</time>
      </trkpt>
      <trkpt lat="47.518863" lon="-120.824932">
        <ele>1120.0</ele>
        <time>2026-07-18T13:19:50Z</time>
      </trkpt>
      <trkpt lat="47.518850" lon="-120.825054">
        <ele>1120.0</ele>
        <time>2026-07-18T13:19:57Z</time>
      </trkpt>
      <trkpt lat="47.518829" lon="-120.825096">
        <ele>1124.0</ele>
        <time>2026-07-18T13:20:15Z</time>
      </trkpt>
      <trkpt lat="47.518828" lon="-120.825126">
        <ele>1124.0</ele>
        <time>2026-07-18T13:20:20Z</time>
      </trkpt>
      <trkpt lat="47.518843" lon="-120.825168">
        <ele>1123.0</ele>
        <time>2026-07-18T13:20:24Z</time>
      </trkpt>
      <trkpt lat="47.518835" lon="-120.825245">
        <ele>1123.0</ele>
        <time>2026-07-18T13:20:34Z</time>
      </trkpt>
      <trkpt lat="47.518791" lon="-120.825302">
        <ele>1120.0</ele>
        <time>2026-07-18T13:20:42Z</time>
      </trkpt>
      <trkpt lat="47.518758" lon="-120.825308">
        <ele>1120.0</ele>
        <time>2026-07-18T13:20:46Z</time>
      </trkpt>
      <trkpt lat="47.518717" lon="-120.825299">
        <ele>1120.0</ele>
        <time>2026-07-18T13:20:50Z</time>
      </trkpt>
      <trkpt lat="47.518693" lon="-120.825281">
        <ele>1120.0</ele>
        <time>2026-07-18T13:20:53Z</time>
      </trkpt>
      <trkpt lat="47.518612" lon="-120.825261">
        <ele>1121.0</ele>
        <time>2026-07-18T13:21:01Z</time>
      </trkpt>
      <trkpt lat="47.518588" lon="-120.825231">
        <ele>1123.0</ele>
        <time>2026-07-18T13:21:04Z</time>
      </trkpt>
      <trkpt lat="47.518505" lon="-120.825167">
        <ele>1120.0</ele>
        <time>2026-07-18T13:21:12Z</time>
      </trkpt>
      <trkpt lat="47.518459" lon="-120.825161">
        <ele>1125.0</ele>
        <time>2026-07-18T13:21:15Z</time>
      </trkpt>
      <trkpt lat="47.518277" lon="-120.825168">
        <ele>1128.0</ele>
        <time>2026-07-18T13:21:31Z</time>
      </trkpt>
      <trkpt lat="47.518248" lon="-120.825192">
        <ele>1128.0</ele>
        <time>2026-07-18T13:21:34Z</time>
      </trkpt>
      <trkpt lat="47.518219" lon="-120.825202">
        <ele>1128.0</ele>
        <time>2026-07-18T13:21:38Z</time>
      </trkpt>
      <trkpt lat="47.518158" lon="-120.825264">
        <ele>1130.0</ele>
        <time>2026-07-18T13:21:43Z</time>
      </trkpt>
      <trkpt lat="47.518064" lon="-120.825206">
        <ele>1130.0</ele>
        <time>2026-07-18T13:21:52Z</time>
      </trkpt>
      <trkpt lat="47.518040" lon="-120.825214">
        <ele>1131.0</ele>
        <time>2026-07-18T13:21:54Z</time>
      </trkpt>
      <trkpt lat="47.517991" lon="-120.825212">
        <ele>1131.1</ele>
        <time>2026-07-18T13:21:59Z</time>
      </trkpt>
      <trkpt lat="47.517834" lon="-120.825253">
        <ele>1135.0</ele>
        <time>2026-07-18T13:22:11Z</time>
      </trkpt>
      <trkpt lat="47.517784" lon="-120.825295">
        <ele>1136.0</ele>
        <time>2026-07-18T13:22:16Z</time>
      </trkpt>
      <trkpt lat="47.517694" lon="-120.825350">
        <ele>1134.0</ele>
        <time>2026-07-18T13:22:24Z</time>
      </trkpt>
      <trkpt lat="47.517662" lon="-120.825360">
        <ele>1133.0</ele>
        <time>2026-07-18T13:22:27Z</time>
      </trkpt>
      <trkpt lat="47.517605" lon="-120.825406">
        <ele>1131.0</ele>
        <time>2026-07-18T13:22:32Z</time>
      </trkpt>
      <trkpt lat="47.517579" lon="-120.825481">
        <ele>1128.0</ele>
        <time>2026-07-18T13:22:37Z</time>
      </trkpt>
      <trkpt lat="47.517547" lon="-120.825523">
        <ele>1128.0</ele>
        <time>2026-07-18T13:22:39Z</time>
      </trkpt>
      <trkpt lat="47.517499" lon="-120.825563">
        <ele>1128.0</ele>
        <time>2026-07-18T13:22:43Z</time>
      </trkpt>
      <trkpt lat="47.517435" lon="-120.825517">
        <ele>1126.0</ele>
        <time>2026-07-18T13:22:53Z</time>
      </trkpt>
      <trkpt lat="47.517379" lon="-120.825543">
        <ele>1128.0</ele>
        <time>2026-07-18T13:22:59Z</time>
      </trkpt>
      <trkpt lat="47.517301" lon="-120.825619">
        <ele>1134.0</ele>
        <time>2026-07-18T13:23:17Z</time>
      </trkpt>
      <trkpt lat="47.517224" lon="-120.825624">
        <ele>1132.0</ele>
        <time>2026-07-18T13:23:24Z</time>
      </trkpt>
      <trkpt lat="47.517185" lon="-120.825658">
        <ele>1134.0</ele>
        <time>2026-07-18T13:23:26Z</time>
      </trkpt>
      <trkpt lat="47.517161" lon="-120.825703">
        <ele>1133.0</ele>
        <time>2026-07-18T13:23:28Z</time>
      </trkpt>
      <trkpt lat="47.517049" lon="-120.825669">
        <ele>1136.0</ele>
        <time>2026-07-18T13:23:39Z</time>
      </trkpt>
      <trkpt lat="47.517018" lon="-120.825674">
        <ele>1135.0</ele>
        <time>2026-07-18T13:23:42Z</time>
      </trkpt>
      <trkpt lat="47.516973" lon="-120.825699">
        <ele>1134.0</ele>
        <time>2026-07-18T13:23:48Z</time>
      </trkpt>
      <trkpt lat="47.516943" lon="-120.825725">
        <ele>1134.0</ele>
        <time>2026-07-18T13:23:50Z</time>
      </trkpt>
      <trkpt lat="47.516887" lon="-120.825815">
        <ele>1136.0</ele>
        <time>2026-07-18T13:23:59Z</time>
      </trkpt>
      <trkpt lat="47.516806" lon="-120.825835">
        <ele>1131.0</ele>
        <time>2026-07-18T13:24:04Z</time>
      </trkpt>
      <trkpt lat="47.516757" lon="-120.825864">
        <ele>1131.0</ele>
        <time>2026-07-18T13:24:06Z</time>
      </trkpt>
      <trkpt lat="47.516681" lon="-120.826021">
        <ele>1129.0</ele>
        <time>2026-07-18T13:24:14Z</time>
      </trkpt>
      <trkpt lat="47.516639" lon="-120.826050">
        <ele>1131.0</ele>
        <time>2026-07-18T13:24:16Z</time>
      </trkpt>
      <trkpt lat="47.516617" lon="-120.826082">
        <ele>1131.0</ele>
        <time>2026-07-18T13:24:19Z</time>
      </trkpt>
      <trkpt lat="47.516543" lon="-120.826113">
        <ele>1129.0</ele>
        <time>2026-07-18T13:24:25Z</time>
      </trkpt>
      <trkpt lat="47.516498" lon="-120.826178">
        <ele>1130.0</ele>
        <time>2026-07-18T13:24:29Z</time>
      </trkpt>
      <trkpt lat="47.516402" lon="-120.826227">
        <ele>1128.0</ele>
        <time>2026-07-18T13:24:36Z</time>
      </trkpt>
      <trkpt lat="47.516354" lon="-120.826288">
        <ele>1131.0</ele>
        <time>2026-07-18T13:24:42Z</time>
      </trkpt>
      <trkpt lat="47.516321" lon="-120.826311">
        <ele>1132.0</ele>
        <time>2026-07-18T13:24:45Z</time>
      </trkpt>
      <trkpt lat="47.516193" lon="-120.826328">
        <ele>1133.0</ele>
        <time>2026-07-18T13:24:57Z</time>
      </trkpt>
      <trkpt lat="47.516035" lon="-120.826367">
        <ele>1137.0</ele>
        <time>2026-07-18T13:25:12Z</time>
      </trkpt>
      <trkpt lat="47.515919" lon="-120.826334">
        <ele>1140.0</ele>
        <time>2026-07-18T13:25:25Z</time>
      </trkpt>
      <trkpt lat="47.515877" lon="-120.826356">
        <ele>1142.0</ele>
        <time>2026-07-18T13:25:30Z</time>
      </trkpt>
      <trkpt lat="47.515845" lon="-120.826356">
        <ele>1143.0</ele>
        <time>2026-07-18T13:25:34Z</time>
      </trkpt>
      <trkpt lat="47.515811" lon="-120.826369">
        <ele>1145.0</ele>
        <time>2026-07-18T13:25:39Z</time>
      </trkpt>
      <trkpt lat="47.515693" lon="-120.826449">
        <ele>1144.0</ele>
        <time>2026-07-18T13:25:51Z</time>
      </trkpt>
      <trkpt lat="47.515665" lon="-120.826495">
        <ele>1143.0</ele>
        <time>2026-07-18T13:25:54Z</time>
      </trkpt>
      <trkpt lat="47.515413" lon="-120.826557">
        <ele>1149.0</ele>
        <time>2026-07-18T13:26:16Z</time>
      </trkpt>
      <trkpt lat="47.515303" lon="-120.826638">
        <ele>1151.0</ele>
        <time>2026-07-18T13:26:26Z</time>
      </trkpt>
      <trkpt lat="47.515210" lon="-120.826809">
        <ele>1152.0</ele>
        <time>2026-07-18T13:26:37Z</time>
      </trkpt>
      <trkpt lat="47.515202" lon="-120.826844">
        <ele>1152.0</ele>
        <time>2026-07-18T13:26:39Z</time>
      </trkpt>
      <trkpt lat="47.515149" lon="-120.826892">
        <ele>1152.0</ele>
        <time>2026-07-18T13:26:46Z</time>
      </trkpt>
      <trkpt lat="47.515120" lon="-120.826997">
        <ele>1154.0</ele>
        <time>2026-07-18T13:26:53Z</time>
      </trkpt>
      <trkpt lat="47.514988" lon="-120.827095">
        <ele>1153.0</ele>
        <time>2026-07-18T13:27:04Z</time>
      </trkpt>
      <trkpt lat="47.514949" lon="-120.827151">
        <ele>1153.0</ele>
        <time>2026-07-18T13:27:08Z</time>
      </trkpt>
      <trkpt lat="47.514922" lon="-120.827168">
        <ele>1152.0</ele>
        <time>2026-07-18T13:27:11Z</time>
      </trkpt>
      <trkpt lat="47.514807" lon="-120.827187">
        <ele>1152.0</ele>
        <time>2026-07-18T13:27:21Z</time>
      </trkpt>
      <trkpt lat="47.514772" lon="-120.827176">
        <ele>1154.0</ele>
        <time>2026-07-18T13:27:24Z</time>
      </trkpt>
      <trkpt lat="47.514740" lon="-120.827188">
        <ele>1155.0</ele>
        <time>2026-07-18T13:27:26Z</time>
      </trkpt>
      <trkpt lat="47.514702" lon="-120.827247">
        <ele>1154.0</ele>
        <time>2026-07-18T13:27:31Z</time>
      </trkpt>
      <trkpt lat="47.514635" lon="-120.827296">
        <ele>1154.0</ele>
        <time>2026-07-18T13:27:37Z</time>
      </trkpt>
      <trkpt lat="47.514588" lon="-120.827393">
        <ele>1155.0</ele>
        <time>2026-07-18T13:27:45Z</time>
      </trkpt>
      <trkpt lat="47.514547" lon="-120.827385">
        <ele>1155.0</ele>
        <time>2026-07-18T13:27:48Z</time>
      </trkpt>
      <trkpt lat="47.514521" lon="-120.827361">
        <ele>1158.0</ele>
        <time>2026-07-18T13:27:50Z</time>
      </trkpt>
      <trkpt lat="47.514454" lon="-120.827400">
        <ele>1155.0</ele>
        <time>2026-07-18T13:27:56Z</time>
      </trkpt>
      <trkpt lat="47.514375" lon="-120.827482">
        <ele>1157.0</ele>
        <time>2026-07-18T13:28:04Z</time>
      </trkpt>
      <trkpt lat="47.514356" lon="-120.827528">
        <ele>1158.0</ele>
        <time>2026-07-18T13:28:07Z</time>
      </trkpt>
      <trkpt lat="47.514329" lon="-120.827546">
        <ele>1158.0</ele>
        <time>2026-07-18T13:28:09Z</time>
      </trkpt>
      <trkpt lat="47.514298" lon="-120.827549">
        <ele>1158.0</ele>
        <time>2026-07-18T13:28:12Z</time>
      </trkpt>
      <trkpt lat="47.514228" lon="-120.827577">
        <ele>1159.0</ele>
        <time>2026-07-18T13:28:18Z</time>
      </trkpt>
      <trkpt lat="47.514095" lon="-120.827595">
        <ele>1159.0</ele>
        <time>2026-07-18T13:28:29Z</time>
      </trkpt>
      <trkpt lat="47.514033" lon="-120.827641">
        <ele>1161.0</ele>
        <time>2026-07-18T13:28:35Z</time>
      </trkpt>
      <trkpt lat="47.513965" lon="-120.827655">
        <ele>1159.0</ele>
        <time>2026-07-18T13:28:40Z</time>
      </trkpt>
      <trkpt lat="47.513915" lon="-120.827736">
        <ele>1161.0</ele>
        <time>2026-07-18T13:28:46Z</time>
      </trkpt>
      <trkpt lat="47.513884" lon="-120.827762">
        <ele>1162.0</ele>
        <time>2026-07-18T13:28:48Z</time>
      </trkpt>
      <trkpt lat="47.513851" lon="-120.827758">
        <ele>1161.0</ele>
        <time>2026-07-18T13:28:51Z</time>
      </trkpt>
      <trkpt lat="47.513702" lon="-120.827860">
        <ele>1161.0</ele>
        <time>2026-07-18T13:29:05Z</time>
      </trkpt>
      <trkpt lat="47.513615" lon="-120.827884">
        <ele>1164.0</ele>
        <time>2026-07-18T13:29:12Z</time>
      </trkpt>
      <trkpt lat="47.513578" lon="-120.827866">
        <ele>1164.0</ele>
        <time>2026-07-18T13:29:14Z</time>
      </trkpt>
      <trkpt lat="47.513490" lon="-120.827860">
        <ele>1164.0</ele>
        <time>2026-07-18T13:29:22Z</time>
      </trkpt>
      <trkpt lat="47.513379" lon="-120.827899">
        <ele>1165.0</ele>
        <time>2026-07-18T13:29:30Z</time>
      </trkpt>
      <trkpt lat="47.513200" lon="-120.827885">
        <ele>1164.0</ele>
        <time>2026-07-18T13:29:44Z</time>
      </trkpt>
      <trkpt lat="47.513095" lon="-120.827918">
        <ele>1164.0</ele>
        <time>2026-07-18T13:29:53Z</time>
      </trkpt>
      <trkpt lat="47.512951" lon="-120.827890">
        <ele>1164.0</ele>
        <time>2026-07-18T13:30:07Z</time>
      </trkpt>
      <trkpt lat="47.512924" lon="-120.827904">
        <ele>1164.0</ele>
        <time>2026-07-18T13:30:10Z</time>
      </trkpt>
      <trkpt lat="47.512827" lon="-120.827895">
        <ele>1164.0</ele>
        <time>2026-07-18T13:30:20Z</time>
      </trkpt>
      <trkpt lat="47.512756" lon="-120.827872">
        <ele>1164.0</ele>
        <time>2026-07-18T13:30:27Z</time>
      </trkpt>
      <trkpt lat="47.512717" lon="-120.827875">
        <ele>1165.0</ele>
        <time>2026-07-18T13:30:30Z</time>
      </trkpt>
      <trkpt lat="47.512654" lon="-120.827864">
        <ele>1168.4</ele>
        <time>2026-07-18T13:30:36Z</time>
      </trkpt>
      <trkpt lat="47.512631" lon="-120.827872">
        <ele>1168.0</ele>
        <time>2026-07-18T13:30:37Z</time>
      </trkpt>
      <trkpt lat="47.512594" lon="-120.827900">
        <ele>1168.2</ele>
        <time>2026-07-18T13:30:40Z</time>
      </trkpt>
      <trkpt lat="47.512539" lon="-120.828038">
        <ele>1166.0</ele>
        <time>2026-07-18T13:30:46Z</time>
      </trkpt>
      <trkpt lat="47.512464" lon="-120.828151">
        <ele>1167.0</ele>
        <time>2026-07-18T13:30:54Z</time>
      </trkpt>
      <trkpt lat="47.512431" lon="-120.828162">
        <ele>1167.0</ele>
        <time>2026-07-18T13:30:57Z</time>
      </trkpt>
      <trkpt lat="47.512372" lon="-120.828147">
        <ele>1165.0</ele>
        <time>2026-07-18T13:31:03Z</time>
      </trkpt>
      <trkpt lat="47.512339" lon="-120.828150">
        <ele>1167.0</ele>
        <time>2026-07-18T13:31:06Z</time>
      </trkpt>
      <trkpt lat="47.512234" lon="-120.828183">
        <ele>1168.0</ele>
        <time>2026-07-18T13:31:14Z</time>
      </trkpt>
      <trkpt lat="47.512179" lon="-120.828225">
        <ele>1167.0</ele>
        <time>2026-07-18T13:31:19Z</time>
      </trkpt>
      <trkpt lat="47.512121" lon="-120.828329">
        <ele>1168.0</ele>
        <time>2026-07-18T13:31:26Z</time>
      </trkpt>
      <trkpt lat="47.512104" lon="-120.828404">
        <ele>1168.0</ele>
        <time>2026-07-18T13:31:32Z</time>
      </trkpt>
      <trkpt lat="47.512078" lon="-120.828425">
        <ele>1168.0</ele>
        <time>2026-07-18T13:31:36Z</time>
      </trkpt>
      <trkpt lat="47.512037" lon="-120.828426">
        <ele>1169.0</ele>
        <time>2026-07-18T13:31:39Z</time>
      </trkpt>
      <trkpt lat="47.512012" lon="-120.828404">
        <ele>1170.0</ele>
        <time>2026-07-18T13:31:42Z</time>
      </trkpt>
      <trkpt lat="47.511967" lon="-120.828399">
        <ele>1170.0</ele>
        <time>2026-07-18T13:31:45Z</time>
      </trkpt>
      <trkpt lat="47.511945" lon="-120.828435">
        <ele>1170.0</ele>
        <time>2026-07-18T13:31:48Z</time>
      </trkpt>
      <trkpt lat="47.511938" lon="-120.828502">
        <ele>1171.0</ele>
        <time>2026-07-18T13:31:52Z</time>
      </trkpt>
      <trkpt lat="47.511961" lon="-120.828571">
        <ele>1172.0</ele>
        <time>2026-07-18T13:31:56Z</time>
      </trkpt>
      <trkpt lat="47.511953" lon="-120.828633">
        <ele>1173.0</ele>
        <time>2026-07-18T13:32:00Z</time>
      </trkpt>
      <trkpt lat="47.511915" lon="-120.828718">
        <ele>1172.0</ele>
        <time>2026-07-18T13:32:06Z</time>
      </trkpt>
      <trkpt lat="47.511784" lon="-120.828821">
        <ele>1170.4</ele>
        <time>2026-07-18T13:32:21Z</time>
      </trkpt>
      <trkpt lat="47.511767" lon="-120.828874">
        <ele>1171.0</ele>
        <time>2026-07-18T13:32:25Z</time>
      </trkpt>
      <trkpt lat="47.511737" lon="-120.828884">
        <ele>1173.0</ele>
        <time>2026-07-18T13:32:30Z</time>
      </trkpt>
      <trkpt lat="47.511661" lon="-120.828876">
        <ele>1172.0</ele>
        <time>2026-07-18T13:32:37Z</time>
      </trkpt>
      <trkpt lat="47.511595" lon="-120.828892">
        <ele>1173.0</ele>
        <time>2026-07-18T13:32:45Z</time>
      </trkpt>
      <trkpt lat="47.511468" lon="-120.828952">
        <ele>1178.0</ele>
        <time>2026-07-18T13:32:59Z</time>
      </trkpt>
      <trkpt lat="47.511306" lon="-120.828949">
        <ele>1181.0</ele>
        <time>2026-07-18T13:33:14Z</time>
      </trkpt>
      <trkpt lat="47.511246" lon="-120.828905">
        <ele>1185.0</ele>
        <time>2026-07-18T13:33:21Z</time>
      </trkpt>
      <trkpt lat="47.511188" lon="-120.828888">
        <ele>1187.0</ele>
        <time>2026-07-18T13:33:27Z</time>
      </trkpt>
      <trkpt lat="47.511104" lon="-120.828843">
        <ele>1186.0</ele>
        <time>2026-07-18T13:33:33Z</time>
      </trkpt>
      <trkpt lat="47.511003" lon="-120.828741">
        <ele>1185.0</ele>
        <time>2026-07-18T13:33:45Z</time>
      </trkpt>
      <trkpt lat="47.510975" lon="-120.828733">
        <ele>1185.0</ele>
        <time>2026-07-18T13:33:48Z</time>
      </trkpt>
      <trkpt lat="47.510918" lon="-120.828672">
        <ele>1190.0</ele>
        <time>2026-07-18T13:33:56Z</time>
      </trkpt>
      <trkpt lat="47.510903" lon="-120.828637">
        <ele>1185.0</ele>
        <time>2026-07-18T13:34:05Z</time>
      </trkpt>
      <trkpt lat="47.510841" lon="-120.828611">
        <ele>1194.0</ele>
        <time>2026-07-18T13:34:18Z</time>
      </trkpt>
      <trkpt lat="47.510723" lon="-120.828626">
        <ele>1196.0</ele>
        <time>2026-07-18T13:34:30Z</time>
      </trkpt>
      <trkpt lat="47.510601" lon="-120.828716">
        <ele>1195.0</ele>
        <time>2026-07-18T13:34:43Z</time>
      </trkpt>
      <trkpt lat="47.510531" lon="-120.828807">
        <ele>1195.0</ele>
        <time>2026-07-18T13:34:57Z</time>
      </trkpt>
      <trkpt lat="47.510381" lon="-120.828945">
        <ele>1198.0</ele>
        <time>2026-07-18T13:35:11Z</time>
      </trkpt>
      <trkpt lat="47.510351" lon="-120.829030">
        <ele>1194.0</ele>
        <time>2026-07-18T13:35:18Z</time>
      </trkpt>
      <trkpt lat="47.510177" lon="-120.829241">
        <ele>1198.0</ele>
        <time>2026-07-18T13:35:38Z</time>
      </trkpt>
      <trkpt lat="47.510050" lon="-120.829344">
        <ele>1196.0</ele>
        <time>2026-07-18T13:35:49Z</time>
      </trkpt>
      <trkpt lat="47.509937" lon="-120.829383">
        <ele>1200.0</ele>
        <time>2026-07-18T13:35:59Z</time>
      </trkpt>
      <trkpt lat="47.509902" lon="-120.829406">
        <ele>1200.0</ele>
        <time>2026-07-18T13:36:01Z</time>
      </trkpt>
      <trkpt lat="47.509834" lon="-120.829521">
        <ele>1200.0</ele>
        <time>2026-07-18T13:36:12Z</time>
      </trkpt>
      <trkpt lat="47.509811" lon="-120.829416">
        <ele>1200.0</ele>
        <time>2026-07-18T13:36:23Z</time>
      </trkpt>
      <trkpt lat="47.509762" lon="-120.829408">
        <ele>1200.0</ele>
        <time>2026-07-18T13:36:27Z</time>
      </trkpt>
      <trkpt lat="47.509662" lon="-120.829511">
        <ele>1203.0</ele>
        <time>2026-07-18T13:36:39Z</time>
      </trkpt>
      <trkpt lat="47.509632" lon="-120.829530">
        <ele>1202.0</ele>
        <time>2026-07-18T13:36:42Z</time>
      </trkpt>
      <trkpt lat="47.509595" lon="-120.829609">
        <ele>1203.0</ele>
        <time>2026-07-18T13:36:48Z</time>
      </trkpt>
      <trkpt lat="47.509503" lon="-120.829679">
        <ele>1205.0</ele>
        <time>2026-07-18T13:36:56Z</time>
      </trkpt>
      <trkpt lat="47.509398" lon="-120.829924">
        <ele>1206.0</ele>
        <time>2026-07-18T13:37:13Z</time>
      </trkpt>
      <trkpt lat="47.509356" lon="-120.829990">
        <ele>1206.0</ele>
        <time>2026-07-18T13:37:18Z</time>
      </trkpt>
      <trkpt lat="47.509290" lon="-120.830058">
        <ele>1211.0</ele>
        <time>2026-07-18T13:37:26Z</time>
      </trkpt>
      <trkpt lat="47.509232" lon="-120.830243">
        <ele>1208.0</ele>
        <time>2026-07-18T13:37:38Z</time>
      </trkpt>
      <trkpt lat="47.509232" lon="-120.830316">
        <ele>1207.0</ele>
        <time>2026-07-18T13:37:43Z</time>
      </trkpt>
      <trkpt lat="47.509179" lon="-120.830413">
        <ele>1206.0</ele>
        <time>2026-07-18T13:37:51Z</time>
      </trkpt>
      <trkpt lat="47.509171" lon="-120.830472">
        <ele>1207.0</ele>
        <time>2026-07-18T13:37:56Z</time>
      </trkpt>
      <trkpt lat="47.509181" lon="-120.830507">
        <ele>1210.0</ele>
        <time>2026-07-18T13:37:59Z</time>
      </trkpt>
      <trkpt lat="47.509237" lon="-120.830588">
        <ele>1208.0</ele>
        <time>2026-07-18T13:38:10Z</time>
      </trkpt>
      <trkpt lat="47.509271" lon="-120.830614">
        <ele>1209.0</ele>
        <time>2026-07-18T13:38:22Z</time>
      </trkpt>
      <trkpt lat="47.509305" lon="-120.830673">
        <ele>1210.0</ele>
        <time>2026-07-18T13:38:30Z</time>
      </trkpt>
      <trkpt lat="47.509292" lon="-120.830745">
        <ele>1211.0</ele>
        <time>2026-07-18T13:38:38Z</time>
      </trkpt>
      <trkpt lat="47.509309" lon="-120.830815">
        <ele>1212.0</ele>
        <time>2026-07-18T13:38:43Z</time>
      </trkpt>
      <trkpt lat="47.509259" lon="-120.830876">
        <ele>1212.0</ele>
        <time>2026-07-18T13:38:49Z</time>
      </trkpt>
      <trkpt lat="47.509221" lon="-120.830888">
        <ele>1210.0</ele>
        <time>2026-07-18T13:38:54Z</time>
      </trkpt>
      <trkpt lat="47.509176" lon="-120.830994">
        <ele>1210.0</ele>
        <time>2026-07-18T13:39:03Z</time>
      </trkpt>
      <trkpt lat="47.509152" lon="-120.831017">
        <ele>1212.0</ele>
        <time>2026-07-18T13:39:06Z</time>
      </trkpt>
      <trkpt lat="47.509150" lon="-120.831055">
        <ele>1211.0</ele>
        <time>2026-07-18T13:39:10Z</time>
      </trkpt>
      <trkpt lat="47.509120" lon="-120.831116">
        <ele>1212.0</ele>
        <time>2026-07-18T13:39:16Z</time>
      </trkpt>
      <trkpt lat="47.509132" lon="-120.831180">
        <ele>1212.0</ele>
        <time>2026-07-18T13:39:22Z</time>
      </trkpt>
      <trkpt lat="47.509111" lon="-120.831331">
        <ele>1215.0</ele>
        <time>2026-07-18T13:39:32Z</time>
      </trkpt>
      <trkpt lat="47.509125" lon="-120.831398">
        <ele>1216.0</ele>
        <time>2026-07-18T13:39:38Z</time>
      </trkpt>
      <trkpt lat="47.509117" lon="-120.831443">
        <ele>1216.0</ele>
        <time>2026-07-18T13:39:43Z</time>
      </trkpt>
      <trkpt lat="47.509046" lon="-120.831534">
        <ele>1220.0</ele>
        <time>2026-07-18T13:39:52Z</time>
      </trkpt>
      <trkpt lat="47.509034" lon="-120.831596">
        <ele>1220.0</ele>
        <time>2026-07-18T13:39:57Z</time>
      </trkpt>
      <trkpt lat="47.509026" lon="-120.831721">
        <ele>1219.0</ele>
        <time>2026-07-18T13:40:05Z</time>
      </trkpt>
      <trkpt lat="47.509036" lon="-120.831759">
        <ele>1221.0</ele>
        <time>2026-07-18T13:40:08Z</time>
      </trkpt>
      <trkpt lat="47.509027" lon="-120.831791">
        <ele>1220.0</ele>
        <time>2026-07-18T13:40:11Z</time>
      </trkpt>
      <trkpt lat="47.509058" lon="-120.831911">
        <ele>1222.0</ele>
        <time>2026-07-18T13:40:20Z</time>
      </trkpt>
      <trkpt lat="47.509135" lon="-120.832001">
        <ele>1228.0</ele>
        <time>2026-07-18T13:40:27Z</time>
      </trkpt>
      <trkpt lat="47.509190" lon="-120.832117">
        <ele>1227.0</ele>
        <time>2026-07-18T13:40:37Z</time>
      </trkpt>
      <trkpt lat="47.509212" lon="-120.832202">
        <ele>1228.0</ele>
        <time>2026-07-18T13:40:43Z</time>
      </trkpt>
      <trkpt lat="47.509231" lon="-120.832237">
        <ele>1227.0</ele>
        <time>2026-07-18T13:40:46Z</time>
      </trkpt>
      <trkpt lat="47.509232" lon="-120.832279">
        <ele>1228.0</ele>
        <time>2026-07-18T13:40:49Z</time>
      </trkpt>
      <trkpt lat="47.509219" lon="-120.832317">
        <ele>1227.0</ele>
        <time>2026-07-18T13:40:52Z</time>
      </trkpt>
      <trkpt lat="47.509173" lon="-120.832373">
        <ele>1228.0</ele>
        <time>2026-07-18T13:40:58Z</time>
      </trkpt>
      <trkpt lat="47.509139" lon="-120.832450">
        <ele>1230.0</ele>
        <time>2026-07-18T13:41:03Z</time>
      </trkpt>
      <trkpt lat="47.509041" lon="-120.832502">
        <ele>1232.0</ele>
        <time>2026-07-18T13:41:11Z</time>
      </trkpt>
      <trkpt lat="47.509004" lon="-120.832511">
        <ele>1233.0</ele>
        <time>2026-07-18T13:41:14Z</time>
      </trkpt>
      <trkpt lat="47.508985" lon="-120.832535">
        <ele>1232.0</ele>
        <time>2026-07-18T13:41:16Z</time>
      </trkpt>
      <trkpt lat="47.508937" lon="-120.832540">
        <ele>1234.0</ele>
        <time>2026-07-18T13:41:21Z</time>
      </trkpt>
      <trkpt lat="47.508885" lon="-120.832505">
        <ele>1230.0</ele>
        <time>2026-07-18T13:41:27Z</time>
      </trkpt>
      <trkpt lat="47.508854" lon="-120.832499">
        <ele>1233.0</ele>
        <time>2026-07-18T13:41:30Z</time>
      </trkpt>
      <trkpt lat="47.508788" lon="-120.832446">
        <ele>1236.0</ele>
        <time>2026-07-18T13:41:40Z</time>
      </trkpt>
      <trkpt lat="47.508745" lon="-120.832367">
        <ele>1240.0</ele>
        <time>2026-07-18T13:41:50Z</time>
      </trkpt>
      <trkpt lat="47.508713" lon="-120.832361">
        <ele>1240.0</ele>
        <time>2026-07-18T13:41:55Z</time>
      </trkpt>
      <trkpt lat="47.508687" lon="-120.832450">
        <ele>1240.0</ele>
        <time>2026-07-18T13:42:01Z</time>
      </trkpt>
      <trkpt lat="47.508554" lon="-120.832614">
        <ele>1240.0</ele>
        <time>2026-07-18T13:42:23Z</time>
      </trkpt>
      <trkpt lat="47.508555" lon="-120.832703">
        <ele>1242.0</ele>
        <time>2026-07-18T13:42:34Z</time>
      </trkpt>
      <trkpt lat="47.508593" lon="-120.832728">
        <ele>1245.0</ele>
        <time>2026-07-18T13:42:41Z</time>
      </trkpt>
      <trkpt lat="47.508611" lon="-120.832757">
        <ele>1248.0</ele>
        <time>2026-07-18T13:42:43Z</time>
      </trkpt>
      <trkpt lat="47.508592" lon="-120.832908">
        <ele>1248.0</ele>
        <time>2026-07-18T13:42:52Z</time>
      </trkpt>
      <trkpt lat="47.508560" lon="-120.832939">
        <ele>1250.9</ele>
        <time>2026-07-18T13:42:57Z</time>
      </trkpt>
      <trkpt lat="47.508550" lon="-120.832972">
        <ele>1248.0</ele>
        <time>2026-07-18T13:42:59Z</time>
      </trkpt>
      <trkpt lat="47.508468" lon="-120.833022">
        <ele>1248.0</ele>
        <time>2026-07-18T13:43:08Z</time>
      </trkpt>
      <trkpt lat="47.508409" lon="-120.833033">
        <ele>1249.0</ele>
        <time>2026-07-18T13:43:14Z</time>
      </trkpt>
      <trkpt lat="47.508358" lon="-120.833071">
        <ele>1250.0</ele>
        <time>2026-07-18T13:43:29Z</time>
      </trkpt>
      <trkpt lat="47.508342" lon="-120.833097">
        <ele>1249.0</ele>
        <time>2026-07-18T13:43:32Z</time>
      </trkpt>
      <trkpt lat="47.508210" lon="-120.833145">
        <ele>1252.0</ele>
        <time>2026-07-18T13:43:45Z</time>
      </trkpt>
      <trkpt lat="47.508106" lon="-120.833257">
        <ele>1255.0</ele>
        <time>2026-07-18T13:44:01Z</time>
      </trkpt>
      <trkpt lat="47.508071" lon="-120.833329">
        <ele>1260.0</ele>
        <time>2026-07-18T13:44:13Z</time>
      </trkpt>
      <trkpt lat="47.508107" lon="-120.833365">
        <ele>1260.0</ele>
        <time>2026-07-18T13:44:21Z</time>
      </trkpt>
      <trkpt lat="47.508110" lon="-120.833397">
        <ele>1260.0</ele>
        <time>2026-07-18T13:44:25Z</time>
      </trkpt>
      <trkpt lat="47.508091" lon="-120.833476">
        <ele>1260.0</ele>
        <time>2026-07-18T13:44:32Z</time>
      </trkpt>
      <trkpt lat="47.508048" lon="-120.833534">
        <ele>1260.0</ele>
        <time>2026-07-18T13:44:38Z</time>
      </trkpt>
      <trkpt lat="47.508052" lon="-120.833592">
        <ele>1260.0</ele>
        <time>2026-07-18T13:44:44Z</time>
      </trkpt>
      <trkpt lat="47.508031" lon="-120.833619">
        <ele>1263.0</ele>
        <time>2026-07-18T13:44:49Z</time>
      </trkpt>
      <trkpt lat="47.507998" lon="-120.833629">
        <ele>1263.0</ele>
        <time>2026-07-18T13:44:52Z</time>
      </trkpt>
      <trkpt lat="47.507979" lon="-120.833723">
        <ele>1263.0</ele>
        <time>2026-07-18T13:45:00Z</time>
      </trkpt>
      <trkpt lat="47.507928" lon="-120.833824">
        <ele>1264.0</ele>
        <time>2026-07-18T13:45:09Z</time>
      </trkpt>
      <trkpt lat="47.507904" lon="-120.833849">
        <ele>1266.0</ele>
        <time>2026-07-18T13:45:13Z</time>
      </trkpt>
      <trkpt lat="47.507895" lon="-120.833927">
        <ele>1265.0</ele>
        <time>2026-07-18T13:45:18Z</time>
      </trkpt>
      <trkpt lat="47.507780" lon="-120.834203">
        <ele>1269.0</ele>
        <time>2026-07-18T13:45:40Z</time>
      </trkpt>
      <trkpt lat="47.507793" lon="-120.834289">
        <ele>1272.0</ele>
        <time>2026-07-18T13:45:46Z</time>
      </trkpt>
      <trkpt lat="47.507728" lon="-120.834380">
        <ele>1272.0</ele>
        <time>2026-07-18T13:45:58Z</time>
      </trkpt>
      <trkpt lat="47.507731" lon="-120.834449">
        <ele>1275.0</ele>
        <time>2026-07-18T13:46:04Z</time>
      </trkpt>
      <trkpt lat="47.507712" lon="-120.834571">
        <ele>1279.1</ele>
        <time>2026-07-18T13:46:17Z</time>
      </trkpt>
      <trkpt lat="47.507712" lon="-120.834643">
        <ele>1276.0</ele>
        <time>2026-07-18T13:46:24Z</time>
      </trkpt>
      <trkpt lat="47.507675" lon="-120.834660">
        <ele>1278.0</ele>
        <time>2026-07-18T13:46:30Z</time>
      </trkpt>
      <trkpt lat="47.507630" lon="-120.834780">
        <ele>1278.0</ele>
        <time>2026-07-18T13:46:42Z</time>
      </trkpt>
      <trkpt lat="47.507699" lon="-120.834864">
        <ele>1281.0</ele>
        <time>2026-07-18T13:46:54Z</time>
      </trkpt>
      <trkpt lat="47.507692" lon="-120.834902">
        <ele>1280.0</ele>
        <time>2026-07-18T13:46:57Z</time>
      </trkpt>
      <trkpt lat="47.507680" lon="-120.834934">
        <ele>1280.0</ele>
        <time>2026-07-18T13:47:00Z</time>
      </trkpt>
      <trkpt lat="47.507632" lon="-120.834964">
        <ele>1285.0</ele>
        <time>2026-07-18T13:47:08Z</time>
      </trkpt>
      <trkpt lat="47.507593" lon="-120.835050">
        <ele>1287.0</ele>
        <time>2026-07-18T13:47:19Z</time>
      </trkpt>
      <trkpt lat="47.507568" lon="-120.835074">
        <ele>1288.0</ele>
        <time>2026-07-18T13:47:21Z</time>
      </trkpt>
      <trkpt lat="47.507552" lon="-120.835133">
        <ele>1288.0</ele>
        <time>2026-07-18T13:47:26Z</time>
      </trkpt>
      <trkpt lat="47.507497" lon="-120.835210">
        <ele>1288.0</ele>
        <time>2026-07-18T13:47:34Z</time>
      </trkpt>
      <trkpt lat="47.507490" lon="-120.835242">
        <ele>1289.0</ele>
        <time>2026-07-18T13:47:36Z</time>
      </trkpt>
      <trkpt lat="47.507502" lon="-120.835274">
        <ele>1292.0</ele>
        <time>2026-07-18T13:47:39Z</time>
      </trkpt>
      <trkpt lat="47.507555" lon="-120.835318">
        <ele>1291.0</ele>
        <time>2026-07-18T13:47:47Z</time>
      </trkpt>
      <trkpt lat="47.507588" lon="-120.835379">
        <ele>1292.0</ele>
        <time>2026-07-18T13:47:52Z</time>
      </trkpt>
      <trkpt lat="47.507656" lon="-120.835408">
        <ele>1292.0</ele>
        <time>2026-07-18T13:48:00Z</time>
      </trkpt>
      <trkpt lat="47.507698" lon="-120.835486">
        <ele>1292.0</ele>
        <time>2026-07-18T13:48:09Z</time>
      </trkpt>
      <trkpt lat="47.507701" lon="-120.835557">
        <ele>1292.0</ele>
        <time>2026-07-18T13:48:16Z</time>
      </trkpt>
      <trkpt lat="47.507687" lon="-120.835668">
        <ele>1294.0</ele>
        <time>2026-07-18T13:48:27Z</time>
      </trkpt>
      <trkpt lat="47.507693" lon="-120.835715">
        <ele>1295.0</ele>
        <time>2026-07-18T13:48:30Z</time>
      </trkpt>
      <trkpt lat="47.507737" lon="-120.835837">
        <ele>1299.0</ele>
        <time>2026-07-18T13:48:42Z</time>
      </trkpt>
      <trkpt lat="47.507734" lon="-120.835904">
        <ele>1302.0</ele>
        <time>2026-07-18T13:48:48Z</time>
      </trkpt>
      <trkpt lat="47.507753" lon="-120.835961">
        <ele>1300.0</ele>
        <time>2026-07-18T13:48:54Z</time>
      </trkpt>
      <trkpt lat="47.507801" lon="-120.836012">
        <ele>1301.0</ele>
        <time>2026-07-18T13:49:00Z</time>
      </trkpt>
      <trkpt lat="47.507861" lon="-120.836153">
        <ele>1303.0</ele>
        <time>2026-07-18T13:49:12Z</time>
      </trkpt>
      <trkpt lat="47.507835" lon="-120.836175">
        <ele>1303.0</ele>
        <time>2026-07-18T13:49:15Z</time>
      </trkpt>
      <trkpt lat="47.507817" lon="-120.836210">
        <ele>1298.0</ele>
        <time>2026-07-18T13:49:24Z</time>
      </trkpt>
      <trkpt lat="47.507749" lon="-120.836222">
        <ele>1304.0</ele>
        <time>2026-07-18T13:49:41Z</time>
      </trkpt>
      <trkpt lat="47.507727" lon="-120.836244">
        <ele>1303.0</ele>
        <time>2026-07-18T13:49:43Z</time>
      </trkpt>
      <trkpt lat="47.507778" lon="-120.836405">
        <ele>1306.0</ele>
        <time>2026-07-18T13:50:00Z</time>
      </trkpt>
      <trkpt lat="47.507712" lon="-120.836412">
        <ele>1308.0</ele>
        <time>2026-07-18T13:50:08Z</time>
      </trkpt>
      <trkpt lat="47.507679" lon="-120.836427">
        <ele>1308.0</ele>
        <time>2026-07-18T13:50:11Z</time>
      </trkpt>
      <trkpt lat="47.507658" lon="-120.836451">
        <ele>1308.0</ele>
        <time>2026-07-18T13:50:16Z</time>
      </trkpt>
      <trkpt lat="47.507674" lon="-120.836529">
        <ele>1308.0</ele>
        <time>2026-07-18T13:50:23Z</time>
      </trkpt>
      <trkpt lat="47.507723" lon="-120.836605">
        <ele>1311.0</ele>
        <time>2026-07-18T13:50:34Z</time>
      </trkpt>
      <trkpt lat="47.507820" lon="-120.836657">
        <ele>1314.0</ele>
        <time>2026-07-18T13:50:43Z</time>
      </trkpt>
      <trkpt lat="47.507853" lon="-120.836658">
        <ele>1314.0</ele>
        <time>2026-07-18T13:50:47Z</time>
      </trkpt>
      <trkpt lat="47.507878" lon="-120.836682">
        <ele>1312.0</ele>
        <time>2026-07-18T13:50:52Z</time>
      </trkpt>
      <trkpt lat="47.507858" lon="-120.836789">
        <ele>1315.0</ele>
        <time>2026-07-18T13:51:05Z</time>
      </trkpt>
      <trkpt lat="47.507809" lon="-120.836843">
        <ele>1320.0</ele>
        <time>2026-07-18T13:51:15Z</time>
      </trkpt>
      <trkpt lat="47.507882" lon="-120.836894">
        <ele>1324.0</ele>
        <time>2026-07-18T13:51:25Z</time>
      </trkpt>
      <trkpt lat="47.507896" lon="-120.836968">
        <ele>1320.0</ele>
        <time>2026-07-18T13:51:37Z</time>
      </trkpt>
      <trkpt lat="47.507886" lon="-120.837002">
        <ele>1326.0</ele>
        <time>2026-07-18T13:51:43Z</time>
      </trkpt>
      <trkpt lat="47.507843" lon="-120.837047">
        <ele>1326.0</ele>
        <time>2026-07-18T13:51:53Z</time>
      </trkpt>
      <trkpt lat="47.507842" lon="-120.837083">
        <ele>1328.0</ele>
        <time>2026-07-18T13:51:58Z</time>
      </trkpt>
      <trkpt lat="47.507807" lon="-120.837137">
        <ele>1329.0</ele>
        <time>2026-07-18T13:52:07Z</time>
      </trkpt>
      <trkpt lat="47.507767" lon="-120.837243">
        <ele>1332.0</ele>
        <time>2026-07-18T13:52:19Z</time>
      </trkpt>
      <trkpt lat="47.507745" lon="-120.837321">
        <ele>1332.0</ele>
        <time>2026-07-18T13:52:30Z</time>
      </trkpt>
      <trkpt lat="47.507747" lon="-120.837457">
        <ele>1336.0</ele>
        <time>2026-07-18T13:52:52Z</time>
      </trkpt>
      <trkpt lat="47.507678" lon="-120.837484">
        <ele>1340.0</ele>
        <time>2026-07-18T13:53:03Z</time>
      </trkpt>
      <trkpt lat="47.507679" lon="-120.837531">
        <ele>1341.7</ele>
        <time>2026-07-18T13:53:09Z</time>
      </trkpt>
      <trkpt lat="47.507661" lon="-120.837597">
        <ele>1338.0</ele>
        <time>2026-07-18T13:53:17Z</time>
      </trkpt>
      <trkpt lat="47.507682" lon="-120.837637">
        <ele>1341.0</ele>
        <time>2026-07-18T13:53:22Z</time>
      </trkpt>
      <trkpt lat="47.507680" lon="-120.837770">
        <ele>1344.0</ele>
        <time>2026-07-18T13:53:40Z</time>
      </trkpt>
      <trkpt lat="47.507562" lon="-120.837925">
        <ele>1347.0</ele>
        <time>2026-07-18T13:53:59Z</time>
      </trkpt>
      <trkpt lat="47.507566" lon="-120.837993">
        <ele>1347.0</ele>
        <time>2026-07-18T13:54:04Z</time>
      </trkpt>
      <trkpt lat="47.507540" lon="-120.838020">
        <ele>1348.0</ele>
        <time>2026-07-18T13:54:08Z</time>
      </trkpt>
      <trkpt lat="47.507507" lon="-120.838079">
        <ele>1350.0</ele>
        <time>2026-07-18T13:54:15Z</time>
      </trkpt>
      <trkpt lat="47.507499" lon="-120.838192">
        <ele>1354.0</ele>
        <time>2026-07-18T13:54:26Z</time>
      </trkpt>
      <trkpt lat="47.507438" lon="-120.838285">
        <ele>1352.0</ele>
        <time>2026-07-18T13:54:36Z</time>
      </trkpt>
      <trkpt lat="47.507389" lon="-120.838332">
        <ele>1353.6</ele>
        <time>2026-07-18T13:54:43Z</time>
      </trkpt>
      <trkpt lat="47.507326" lon="-120.838504">
        <ele>1356.0</ele>
        <time>2026-07-18T13:54:58Z</time>
      </trkpt>
      <trkpt lat="47.507325" lon="-120.838541">
        <ele>1357.0</ele>
        <time>2026-07-18T13:55:02Z</time>
      </trkpt>
      <trkpt lat="47.507279" lon="-120.838574">
        <ele>1359.0</ele>
        <time>2026-07-18T13:55:09Z</time>
      </trkpt>
      <trkpt lat="47.507260" lon="-120.838608">
        <ele>1360.0</ele>
        <time>2026-07-18T13:55:13Z</time>
      </trkpt>
      <trkpt lat="47.507104" lon="-120.838732">
        <ele>1361.0</ele>
        <time>2026-07-18T13:55:33Z</time>
      </trkpt>
      <trkpt lat="47.507080" lon="-120.838771">
        <ele>1362.5</ele>
        <time>2026-07-18T13:55:38Z</time>
      </trkpt>
      <trkpt lat="47.506933" lon="-120.838879">
        <ele>1359.0</ele>
        <time>2026-07-18T13:55:56Z</time>
      </trkpt>
      <trkpt lat="47.506845" lon="-120.838959">
        <ele>1359.0</ele>
        <time>2026-07-18T13:56:06Z</time>
      </trkpt>
      <trkpt lat="47.506825" lon="-120.838988">
        <ele>1359.0</ele>
        <time>2026-07-18T13:56:09Z</time>
      </trkpt>
      <trkpt lat="47.506793" lon="-120.839004">
        <ele>1360.0</ele>
        <time>2026-07-18T13:56:12Z</time>
      </trkpt>
      <trkpt lat="47.506756" lon="-120.839008">
        <ele>1360.0</ele>
        <time>2026-07-18T13:56:15Z</time>
      </trkpt>
      <trkpt lat="47.506730" lon="-120.839049">
        <ele>1361.0</ele>
        <time>2026-07-18T13:56:21Z</time>
      </trkpt>
      <trkpt lat="47.506656" lon="-120.839072">
        <ele>1362.0</ele>
        <time>2026-07-18T13:56:28Z</time>
      </trkpt>
      <trkpt lat="47.506612" lon="-120.839054">
        <ele>1362.0</ele>
        <time>2026-07-18T13:56:34Z</time>
      </trkpt>
      <trkpt lat="47.506511" lon="-120.838953">
        <ele>1362.0</ele>
        <time>2026-07-18T13:56:47Z</time>
      </trkpt>
      <trkpt lat="47.506426" lon="-120.838893">
        <ele>1364.0</ele>
        <time>2026-07-18T13:56:55Z</time>
      </trkpt>
      <trkpt lat="47.506328" lon="-120.838856">
        <ele>1363.0</ele>
        <time>2026-07-18T13:57:07Z</time>
      </trkpt>
      <trkpt lat="47.506300" lon="-120.838872">
        <ele>1364.0</ele>
        <time>2026-07-18T13:57:10Z</time>
      </trkpt>
      <trkpt lat="47.506258" lon="-120.838959">
        <ele>1365.0</ele>
        <time>2026-07-18T13:57:21Z</time>
      </trkpt>
      <trkpt lat="47.506185" lon="-120.839034">
        <ele>1369.0</ele>
        <time>2026-07-18T13:57:35Z</time>
      </trkpt>
      <trkpt lat="47.506090" lon="-120.839069">
        <ele>1370.0</ele>
        <time>2026-07-18T13:57:49Z</time>
      </trkpt>
      <trkpt lat="47.506044" lon="-120.839173">
        <ele>1373.0</ele>
        <time>2026-07-18T13:58:02Z</time>
      </trkpt>
      <trkpt lat="47.506087" lon="-120.839227">
        <ele>1374.0</ele>
        <time>2026-07-18T13:58:28Z</time>
      </trkpt>
      <trkpt lat="47.506017" lon="-120.839219">
        <ele>1374.0</ele>
        <time>2026-07-18T13:58:38Z</time>
      </trkpt>
      <trkpt lat="47.505969" lon="-120.839195">
        <ele>1376.0</ele>
        <time>2026-07-18T13:58:40Z</time>
      </trkpt>
      <trkpt lat="47.505930" lon="-120.839205">
        <ele>1375.0</ele>
        <time>2026-07-18T13:58:42Z</time>
      </trkpt>
      <trkpt lat="47.505872" lon="-120.839317">
        <ele>1377.0</ele>
        <time>2026-07-18T13:58:48Z</time>
      </trkpt>
      <trkpt lat="47.505812" lon="-120.839401">
        <ele>1378.0</ele>
        <time>2026-07-18T13:58:51Z</time>
      </trkpt>
      <trkpt lat="47.505763" lon="-120.839420">
        <ele>1377.0</ele>
        <time>2026-07-18T13:58:53Z</time>
      </trkpt>
      <trkpt lat="47.505735" lon="-120.839495">
        <ele>1374.0</ele>
        <time>2026-07-18T13:58:57Z</time>
      </trkpt>
      <trkpt lat="47.505686" lon="-120.839544">
        <ele>1374.0</ele>
        <time>2026-07-18T13:59:03Z</time>
      </trkpt>
      <trkpt lat="47.505647" lon="-120.839620">
        <ele>1375.0</ele>
        <time>2026-07-18T13:59:09Z</time>
      </trkpt>
      <trkpt lat="47.505656" lon="-120.839662">
        <ele>1376.0</ele>
        <time>2026-07-18T13:59:12Z</time>
      </trkpt>
      <trkpt lat="47.505583" lon="-120.839804">
        <ele>1379.0</ele>
        <time>2026-07-18T13:59:24Z</time>
      </trkpt>
      <trkpt lat="47.505543" lon="-120.839913">
        <ele>1377.0</ele>
        <time>2026-07-18T13:59:33Z</time>
      </trkpt>
      <trkpt lat="47.505520" lon="-120.839941">
        <ele>1377.0</ele>
        <time>2026-07-18T13:59:36Z</time>
      </trkpt>
      <trkpt lat="47.505418" lon="-120.839939">
        <ele>1377.0</ele>
        <time>2026-07-18T13:59:47Z</time>
      </trkpt>
      <trkpt lat="47.505390" lon="-120.839969">
        <ele>1378.0</ele>
        <time>2026-07-18T13:59:50Z</time>
      </trkpt>
      <trkpt lat="47.505376" lon="-120.840036">
        <ele>1377.0</ele>
        <time>2026-07-18T13:59:56Z</time>
      </trkpt>
      <trkpt lat="47.505293" lon="-120.840111">
        <ele>1377.0</ele>
        <time>2026-07-18T14:00:05Z</time>
      </trkpt>
      <trkpt lat="47.505268" lon="-120.840192">
        <ele>1377.0</ele>
        <time>2026-07-18T14:00:10Z</time>
      </trkpt>
      <trkpt lat="47.505207" lon="-120.840294">
        <ele>1377.0</ele>
        <time>2026-07-18T14:00:18Z</time>
      </trkpt>
      <trkpt lat="47.505112" lon="-120.840371">
        <ele>1376.0</ele>
        <time>2026-07-18T14:00:28Z</time>
      </trkpt>
      <trkpt lat="47.505067" lon="-120.840311">
        <ele>1377.0</ele>
        <time>2026-07-18T14:00:35Z</time>
      </trkpt>
      <trkpt lat="47.505035" lon="-120.840306">
        <ele>1375.0</ele>
        <time>2026-07-18T14:00:39Z</time>
      </trkpt>
      <trkpt lat="47.504972" lon="-120.840327">
        <ele>1372.0</ele>
        <time>2026-07-18T14:00:46Z</time>
      </trkpt>
      <trkpt lat="47.504863" lon="-120.840298">
        <ele>1374.0</ele>
        <time>2026-07-18T14:00:56Z</time>
      </trkpt>
      <trkpt lat="47.504782" lon="-120.840298">
        <ele>1374.0</ele>
        <time>2026-07-18T14:01:03Z</time>
      </trkpt>
      <trkpt lat="47.504753" lon="-120.840313">
        <ele>1372.0</ele>
        <time>2026-07-18T14:01:07Z</time>
      </trkpt>
      <trkpt lat="47.504720" lon="-120.840316">
        <ele>1371.0</ele>
        <time>2026-07-18T14:01:10Z</time>
      </trkpt>
      <trkpt lat="47.504653" lon="-120.840309">
        <ele>1369.0</ele>
        <time>2026-07-18T14:01:17Z</time>
      </trkpt>
      <trkpt lat="47.504618" lon="-120.840293">
        <ele>1371.0</ele>
        <time>2026-07-18T14:01:21Z</time>
      </trkpt>
      <trkpt lat="47.504587" lon="-120.840299">
        <ele>1372.0</ele>
        <time>2026-07-18T14:01:24Z</time>
      </trkpt>
      <trkpt lat="47.504563" lon="-120.840336">
        <ele>1371.0</ele>
        <time>2026-07-18T14:01:28Z</time>
      </trkpt>
      <trkpt lat="47.504532" lon="-120.840352">
        <ele>1372.0</ele>
        <time>2026-07-18T14:01:31Z</time>
      </trkpt>
      <trkpt lat="47.504385" lon="-120.840384">
        <ele>1372.0</ele>
        <time>2026-07-18T14:01:44Z</time>
      </trkpt>
      <trkpt lat="47.504276" lon="-120.840257">
        <ele>1374.0</ele>
        <time>2026-07-18T14:02:01Z</time>
      </trkpt>
      <trkpt lat="47.504246" lon="-120.840240">
        <ele>1374.0</ele>
        <time>2026-07-18T14:02:04Z</time>
      </trkpt>
      <trkpt lat="47.504124" lon="-120.840264">
        <ele>1372.0</ele>
        <time>2026-07-18T14:02:41Z</time>
      </trkpt>
      <trkpt lat="47.504105" lon="-120.840222">
        <ele>1370.0</ele>
        <time>2026-07-18T14:03:03Z</time>
      </trkpt>
      <trkpt lat="47.504090" lon="-120.840150">
        <ele>1366.0</ele>
        <time>2026-07-18T14:03:12Z</time>
      </trkpt>
      <trkpt lat="47.504066" lon="-120.840131">
        <ele>1367.0</ele>
        <time>2026-07-18T14:03:17Z</time>
      </trkpt>
      <trkpt lat="47.504042" lon="-120.840132">
        <ele>1369.0</ele>
        <time>2026-07-18T14:03:22Z</time>
      </trkpt>
      <trkpt lat="47.504025" lon="-120.840185">
        <ele>1371.0</ele>
        <time>2026-07-18T14:03:28Z</time>
      </trkpt>
      <trkpt lat="47.504032" lon="-120.840230">
        <ele>1366.0</ele>
        <time>2026-07-18T14:03:33Z</time>
      </trkpt>
      <trkpt lat="47.503932" lon="-120.840350">
        <ele>1372.0</ele>
        <time>2026-07-18T14:03:55Z</time>
      </trkpt>
      <trkpt lat="47.503918" lon="-120.840380">
        <ele>1371.0</ele>
        <time>2026-07-18T14:04:01Z</time>
      </trkpt>
      <trkpt lat="47.503865" lon="-120.840406">
        <ele>1374.0</ele>
        <time>2026-07-18T14:04:11Z</time>
      </trkpt>
      <trkpt lat="47.503844" lon="-120.840444">
        <ele>1372.0</ele>
        <time>2026-07-18T14:04:17Z</time>
      </trkpt>
      <trkpt lat="47.503840" lon="-120.840480">
        <ele>1371.0</ele>
        <time>2026-07-18T14:04:21Z</time>
      </trkpt>
      <trkpt lat="47.503802" lon="-120.840531">
        <ele>1370.0</ele>
        <time>2026-07-18T14:04:26Z</time>
      </trkpt>
      <trkpt lat="47.503787" lon="-120.840569">
        <ele>1372.0</ele>
        <time>2026-07-18T14:04:30Z</time>
      </trkpt>
      <trkpt lat="47.503732" lon="-120.840592">
        <ele>1371.0</ele>
        <time>2026-07-18T14:04:38Z</time>
      </trkpt>
      <trkpt lat="47.503693" lon="-120.840647">
        <ele>1372.0</ele>
        <time>2026-07-18T14:04:48Z</time>
      </trkpt>
      <trkpt lat="47.503685" lon="-120.840685">
        <ele>1372.0</ele>
        <time>2026-07-18T14:04:51Z</time>
      </trkpt>
      <trkpt lat="47.503648" lon="-120.840710">
        <ele>1374.0</ele>
        <time>2026-07-18T14:05:00Z</time>
      </trkpt>
      <trkpt lat="47.503619" lon="-120.840784">
        <ele>1371.0</ele>
        <time>2026-07-18T14:05:13Z</time>
      </trkpt>
      <trkpt lat="47.503545" lon="-120.840857">
        <ele>1372.0</ele>
        <time>2026-07-18T14:05:21Z</time>
      </trkpt>
      <trkpt lat="47.503482" lon="-120.840855">
        <ele>1373.0</ele>
        <time>2026-07-18T14:05:25Z</time>
      </trkpt>
      <trkpt lat="47.503452" lon="-120.840868">
        <ele>1374.0</ele>
        <time>2026-07-18T14:05:29Z</time>
      </trkpt>
      <trkpt lat="47.503426" lon="-120.840897">
        <ele>1373.0</ele>
        <time>2026-07-18T14:05:32Z</time>
      </trkpt>
      <trkpt lat="47.503322" lon="-120.840909">
        <ele>1373.0</ele>
        <time>2026-07-18T14:05:41Z</time>
      </trkpt>
      <trkpt lat="47.503293" lon="-120.840924">
        <ele>1372.0</ele>
        <time>2026-07-18T14:05:44Z</time>
      </trkpt>
      <trkpt lat="47.503234" lon="-120.840909">
        <ele>1375.0</ele>
        <time>2026-07-18T14:05:51Z</time>
      </trkpt>
      <trkpt lat="47.503196" lon="-120.840927">
        <ele>1375.0</ele>
        <time>2026-07-18T14:05:57Z</time>
      </trkpt>
      <trkpt lat="47.503156" lon="-120.841024">
        <ele>1374.0</ele>
        <time>2026-07-18T14:06:06Z</time>
      </trkpt>
      <trkpt lat="47.503117" lon="-120.841069">
        <ele>1376.0</ele>
        <time>2026-07-18T14:06:11Z</time>
      </trkpt>
      <trkpt lat="47.502995" lon="-120.841139">
        <ele>1380.0</ele>
        <time>2026-07-18T14:06:27Z</time>
      </trkpt>
      <trkpt lat="47.502947" lon="-120.841246">
        <ele>1380.0</ele>
        <time>2026-07-18T14:06:36Z</time>
      </trkpt>
      <trkpt lat="47.502944" lon="-120.841368">
        <ele>1377.0</ele>
        <time>2026-07-18T14:06:46Z</time>
      </trkpt>
      <trkpt lat="47.502882" lon="-120.841460">
        <ele>1378.0</ele>
        <time>2026-07-18T14:06:56Z</time>
      </trkpt>
      <trkpt lat="47.502879" lon="-120.841533">
        <ele>1378.0</ele>
        <time>2026-07-18T14:07:02Z</time>
      </trkpt>
      <trkpt lat="47.502852" lon="-120.841611">
        <ele>1377.0</ele>
        <time>2026-07-18T14:07:08Z</time>
      </trkpt>
      <trkpt lat="47.502811" lon="-120.841672">
        <ele>1378.0</ele>
        <time>2026-07-18T14:07:14Z</time>
      </trkpt>
      <trkpt lat="47.502778" lon="-120.841687">
        <ele>1379.0</ele>
        <time>2026-07-18T14:07:17Z</time>
      </trkpt>
      <trkpt lat="47.502708" lon="-120.841786">
        <ele>1380.0</ele>
        <time>2026-07-18T14:07:25Z</time>
      </trkpt>
      <trkpt lat="47.502671" lon="-120.841856">
        <ele>1380.9</ele>
        <time>2026-07-18T14:07:30Z</time>
      </trkpt>
      <trkpt lat="47.502651" lon="-120.841874">
        <ele>1380.0</ele>
        <time>2026-07-18T14:07:32Z</time>
      </trkpt>
      <trkpt lat="47.502614" lon="-120.841957">
        <ele>1380.0</ele>
        <time>2026-07-18T14:07:39Z</time>
      </trkpt>
      <trkpt lat="47.502575" lon="-120.841980">
        <ele>1380.0</ele>
        <time>2026-07-18T14:07:42Z</time>
      </trkpt>
      <trkpt lat="47.502495" lon="-120.842020">
        <ele>1380.0</ele>
        <time>2026-07-18T14:07:52Z</time>
      </trkpt>
      <trkpt lat="47.502457" lon="-120.842017">
        <ele>1380.0</ele>
        <time>2026-07-18T14:07:55Z</time>
      </trkpt>
      <trkpt lat="47.502393" lon="-120.841960">
        <ele>1384.0</ele>
        <time>2026-07-18T14:08:03Z</time>
      </trkpt>
      <trkpt lat="47.502355" lon="-120.841902">
        <ele>1384.0</ele>
        <time>2026-07-18T14:08:09Z</time>
      </trkpt>
      <trkpt lat="47.502351" lon="-120.841871">
        <ele>1386.0</ele>
        <time>2026-07-18T14:08:12Z</time>
      </trkpt>
      <trkpt lat="47.502304" lon="-120.841837">
        <ele>1389.5</ele>
        <time>2026-07-18T14:08:21Z</time>
      </trkpt>
      <trkpt lat="47.502320" lon="-120.841820">
        <ele>1389.0</ele>
        <time>2026-07-18T14:08:23Z</time>
      </trkpt>
      <trkpt lat="47.502319" lon="-120.841726">
        <ele>1389.0</ele>
        <time>2026-07-18T14:08:31Z</time>
      </trkpt>
      <trkpt lat="47.502358" lon="-120.841597">
        <ele>1390.0</ele>
        <time>2026-07-18T14:08:42Z</time>
      </trkpt>
      <trkpt lat="47.502309" lon="-120.841447">
        <ele>1392.0</ele>
        <time>2026-07-18T14:08:51Z</time>
      </trkpt>
      <trkpt lat="47.502331" lon="-120.841315">
        <ele>1394.0</ele>
        <time>2026-07-18T14:09:01Z</time>
      </trkpt>
      <trkpt lat="47.502311" lon="-120.841226">
        <ele>1396.0</ele>
        <time>2026-07-18T14:09:11Z</time>
      </trkpt>
      <trkpt lat="47.502271" lon="-120.841192">
        <ele>1400.0</ele>
        <time>2026-07-18T14:09:17Z</time>
      </trkpt>
      <trkpt lat="47.502246" lon="-120.841214">
        <ele>1398.0</ele>
        <time>2026-07-18T14:09:23Z</time>
      </trkpt>
      <trkpt lat="47.502206" lon="-120.841214">
        <ele>1400.0</ele>
        <time>2026-07-18T14:09:31Z</time>
      </trkpt>
      <trkpt lat="47.502159" lon="-120.841272">
        <ele>1394.0</ele>
        <time>2026-07-18T14:09:45Z</time>
      </trkpt>
      <trkpt lat="47.502053" lon="-120.841320">
        <ele>1403.0</ele>
        <time>2026-07-18T14:10:02Z</time>
      </trkpt>
      <trkpt lat="47.501916" lon="-120.841446">
        <ele>1408.0</ele>
        <time>2026-07-18T14:10:25Z</time>
      </trkpt>
      <trkpt lat="47.501819" lon="-120.841473">
        <ele>1410.0</ele>
        <time>2026-07-18T14:10:37Z</time>
      </trkpt>
      <trkpt lat="47.501792" lon="-120.841492">
        <ele>1410.0</ele>
        <time>2026-07-18T14:10:42Z</time>
      </trkpt>
      <trkpt lat="47.501650" lon="-120.841697">
        <ele>1408.0</ele>
        <time>2026-07-18T14:11:18Z</time>
      </trkpt>
      <trkpt lat="47.501643" lon="-120.841847">
        <ele>1412.0</ele>
        <time>2026-07-18T14:11:35Z</time>
      </trkpt>
      <trkpt lat="47.501604" lon="-120.841916">
        <ele>1412.0</ele>
        <time>2026-07-18T14:11:42Z</time>
      </trkpt>
      <trkpt lat="47.501560" lon="-120.841965">
        <ele>1412.0</ele>
        <time>2026-07-18T14:11:52Z</time>
      </trkpt>
      <trkpt lat="47.501513" lon="-120.842054">
        <ele>1409.0</ele>
        <time>2026-07-18T14:12:09Z</time>
      </trkpt>
      <trkpt lat="47.501520" lon="-120.842084">
        <ele>1412.0</ele>
        <time>2026-07-18T14:12:14Z</time>
      </trkpt>
      <trkpt lat="47.501506" lon="-120.842115">
        <ele>1412.0</ele>
        <time>2026-07-18T14:12:18Z</time>
      </trkpt>
      <trkpt lat="47.501514" lon="-120.842145">
        <ele>1410.0</ele>
        <time>2026-07-18T14:12:23Z</time>
      </trkpt>
      <trkpt lat="47.501544" lon="-120.842182">
        <ele>1410.0</ele>
        <time>2026-07-18T14:12:31Z</time>
      </trkpt>
      <trkpt lat="47.501565" lon="-120.842229">
        <ele>1408.0</ele>
        <time>2026-07-18T14:12:39Z</time>
      </trkpt>
      <trkpt lat="47.501577" lon="-120.842305">
        <ele>1410.0</ele>
        <time>2026-07-18T14:12:47Z</time>
      </trkpt>
      <trkpt lat="47.501533" lon="-120.842337">
        <ele>1412.0</ele>
        <time>2026-07-18T14:12:51Z</time>
      </trkpt>
      <trkpt lat="47.501533" lon="-120.842434">
        <ele>1413.0</ele>
        <time>2026-07-18T14:12:58Z</time>
      </trkpt>
      <trkpt lat="47.501516" lon="-120.842501">
        <ele>1418.0</ele>
        <time>2026-07-18T14:13:03Z</time>
      </trkpt>
      <trkpt lat="47.501521" lon="-120.842682">
        <ele>1415.0</ele>
        <time>2026-07-18T14:13:16Z</time>
      </trkpt>
      <trkpt lat="47.501501" lon="-120.842658">
        <ele>1415.0</ele>
        <time>2026-07-18T14:13:21Z</time>
      </trkpt>
      <trkpt lat="47.501511" lon="-120.842600">
        <ele>1414.0</ele>
        <time>2026-07-18T14:13:32Z</time>
      </trkpt>
      <trkpt lat="47.501492" lon="-120.842550">
        <ele>1414.0</ele>
        <time>2026-07-18T14:13:37Z</time>
      </trkpt>
      <trkpt lat="47.501443" lon="-120.842476">
        <ele>1414.0</ele>
        <time>2026-07-18T14:13:45Z</time>
      </trkpt>
      <trkpt lat="47.501414" lon="-120.842457">
        <ele>1416.0</ele>
        <time>2026-07-18T14:13:50Z</time>
      </trkpt>
      <trkpt lat="47.501357" lon="-120.842497">
        <ele>1418.0</ele>
        <time>2026-07-18T14:14:11Z</time>
      </trkpt>
      <trkpt lat="47.501318" lon="-120.842492">
        <ele>1422.0</ele>
        <time>2026-07-18T14:14:19Z</time>
      </trkpt>
      <trkpt lat="47.501273" lon="-120.842520">
        <ele>1419.0</ele>
        <time>2026-07-18T14:14:26Z</time>
      </trkpt>
      <trkpt lat="47.501179" lon="-120.842647">
        <ele>1425.0</ele>
        <time>2026-07-18T14:14:42Z</time>
      </trkpt>
      <trkpt lat="47.501083" lon="-120.842740">
        <ele>1427.0</ele>
        <time>2026-07-18T14:14:55Z</time>
      </trkpt>
      <trkpt lat="47.501053" lon="-120.842801">
        <ele>1429.0</ele>
        <time>2026-07-18T14:15:02Z</time>
      </trkpt>
      <trkpt lat="47.501030" lon="-120.842825">
        <ele>1429.0</ele>
        <time>2026-07-18T14:15:08Z</time>
      </trkpt>
      <trkpt lat="47.501030" lon="-120.842876">
        <ele>1431.0</ele>
        <time>2026-07-18T14:15:16Z</time>
      </trkpt>
      <trkpt lat="47.501002" lon="-120.842898">
        <ele>1430.0</ele>
        <time>2026-07-18T14:15:21Z</time>
      </trkpt>
      <trkpt lat="47.500966" lon="-120.842907">
        <ele>1431.0</ele>
        <time>2026-07-18T14:15:26Z</time>
      </trkpt>
      <trkpt lat="47.500967" lon="-120.843047">
        <ele>1432.0</ele>
        <time>2026-07-18T14:15:39Z</time>
      </trkpt>
      <trkpt lat="47.500948" lon="-120.843080">
        <ele>1430.0</ele>
        <time>2026-07-18T14:15:43Z</time>
      </trkpt>
      <trkpt lat="47.500914" lon="-120.843068">
        <ele>1431.0</ele>
        <time>2026-07-18T14:15:47Z</time>
      </trkpt>
      <trkpt lat="47.500865" lon="-120.843085">
        <ele>1431.0</ele>
        <time>2026-07-18T14:15:52Z</time>
      </trkpt>
      <trkpt lat="47.500809" lon="-120.843135">
        <ele>1431.0</ele>
        <time>2026-07-18T14:16:00Z</time>
      </trkpt>
      <trkpt lat="47.500779" lon="-120.843149">
        <ele>1431.0</ele>
        <time>2026-07-18T14:16:04Z</time>
      </trkpt>
      <trkpt lat="47.500754" lon="-120.843238">
        <ele>1432.0</ele>
        <time>2026-07-18T14:16:15Z</time>
      </trkpt>
      <trkpt lat="47.500734" lon="-120.843274">
        <ele>1433.0</ele>
        <time>2026-07-18T14:16:19Z</time>
      </trkpt>
      <trkpt lat="47.500739" lon="-120.843343">
        <ele>1438.0</ele>
        <time>2026-07-18T14:16:26Z</time>
      </trkpt>
      <trkpt lat="47.500706" lon="-120.843369">
        <ele>1438.0</ele>
        <time>2026-07-18T14:16:29Z</time>
      </trkpt>
      <trkpt lat="47.500659" lon="-120.843436">
        <ele>1438.0</ele>
        <time>2026-07-18T14:16:37Z</time>
      </trkpt>
      <trkpt lat="47.500620" lon="-120.843589">
        <ele>1442.0</ele>
        <time>2026-07-18T14:16:51Z</time>
      </trkpt>
      <trkpt lat="47.500554" lon="-120.843704">
        <ele>1441.0</ele>
        <time>2026-07-18T14:17:02Z</time>
      </trkpt>
      <trkpt lat="47.500533" lon="-120.843805">
        <ele>1441.0</ele>
        <time>2026-07-18T14:17:10Z</time>
      </trkpt>
      <trkpt lat="47.500542" lon="-120.843842">
        <ele>1440.9</ele>
        <time>2026-07-18T14:17:12Z</time>
      </trkpt>
      <trkpt lat="47.500527" lon="-120.843952">
        <ele>1440.0</ele>
        <time>2026-07-18T14:17:20Z</time>
      </trkpt>
      <trkpt lat="47.500480" lon="-120.844009">
        <ele>1442.0</ele>
        <time>2026-07-18T14:17:32Z</time>
      </trkpt>
      <trkpt lat="47.500400" lon="-120.844036">
        <ele>1444.0</ele>
        <time>2026-07-18T14:17:48Z</time>
      </trkpt>
      <trkpt lat="47.500378" lon="-120.844001">
        <ele>1448.0</ele>
        <time>2026-07-18T14:17:54Z</time>
      </trkpt>
      <trkpt lat="47.500278" lon="-120.843991">
        <ele>1448.0</ele>
        <time>2026-07-18T14:18:10Z</time>
      </trkpt>
      <trkpt lat="47.500216" lon="-120.844000">
        <ele>1447.0</ele>
        <time>2026-07-18T14:18:19Z</time>
      </trkpt>
      <trkpt lat="47.500034" lon="-120.843994">
        <ele>1455.0</ele>
        <time>2026-07-18T14:18:41Z</time>
      </trkpt>
      <trkpt lat="47.500007" lon="-120.844015">
        <ele>1450.0</ele>
        <time>2026-07-18T14:18:49Z</time>
      </trkpt>
      <trkpt lat="47.499985" lon="-120.843982">
        <ele>1457.0</ele>
        <time>2026-07-18T14:18:56Z</time>
      </trkpt>
      <trkpt lat="47.500004" lon="-120.843922">
        <ele>1460.0</ele>
        <time>2026-07-18T14:19:07Z</time>
      </trkpt>
      <trkpt lat="47.499981" lon="-120.843887">
        <ele>1458.0</ele>
        <time>2026-07-18T14:19:11Z</time>
      </trkpt>
      <trkpt lat="47.500007" lon="-120.843735">
        <ele>1463.0</ele>
        <time>2026-07-18T14:19:28Z</time>
      </trkpt>
      <trkpt lat="47.499992" lon="-120.843670">
        <ele>1460.0</ele>
        <time>2026-07-18T14:19:34Z</time>
      </trkpt>
      <trkpt lat="47.500086" lon="-120.843515">
        <ele>1463.0</ele>
        <time>2026-07-18T14:19:51Z</time>
      </trkpt>
      <trkpt lat="47.500117" lon="-120.843415">
        <ele>1464.0</ele>
        <time>2026-07-18T14:20:01Z</time>
      </trkpt>
      <trkpt lat="47.500158" lon="-120.843342">
        <ele>1464.0</ele>
        <time>2026-07-18T14:20:10Z</time>
      </trkpt>
      <trkpt lat="47.500155" lon="-120.843296">
        <ele>1464.0</ele>
        <time>2026-07-18T14:20:14Z</time>
      </trkpt>
      <trkpt lat="47.500184" lon="-120.843246">
        <ele>1464.0</ele>
        <time>2026-07-18T14:20:22Z</time>
      </trkpt>
      <trkpt lat="47.500179" lon="-120.843185">
        <ele>1459.0</ele>
        <time>2026-07-18T14:20:33Z</time>
      </trkpt>
      <trkpt lat="47.500157" lon="-120.843138">
        <ele>1465.0</ele>
        <time>2026-07-18T14:20:40Z</time>
      </trkpt>
      <trkpt lat="47.500207" lon="-120.842898">
        <ele>1465.0</ele>
        <time>2026-07-18T14:21:03Z</time>
      </trkpt>
      <trkpt lat="47.500210" lon="-120.842829">
        <ele>1467.0</ele>
        <time>2026-07-18T14:21:10Z</time>
      </trkpt>
      <trkpt lat="47.500227" lon="-120.842796">
        <ele>1468.0</ele>
        <time>2026-07-18T14:21:14Z</time>
      </trkpt>
      <trkpt lat="47.500236" lon="-120.842731">
        <ele>1469.0</ele>
        <time>2026-07-18T14:21:20Z</time>
      </trkpt>
      <trkpt lat="47.500253" lon="-120.842700">
        <ele>1470.0</ele>
        <time>2026-07-18T14:21:22Z</time>
      </trkpt>
      <trkpt lat="47.500240" lon="-120.842613">
        <ele>1470.0</ele>
        <time>2026-07-18T14:21:32Z</time>
      </trkpt>
      <trkpt lat="47.500179" lon="-120.842631">
        <ele>1471.0</ele>
        <time>2026-07-18T14:21:42Z</time>
      </trkpt>
      <trkpt lat="47.500172" lon="-120.842596">
        <ele>1472.0</ele>
        <time>2026-07-18T14:21:48Z</time>
      </trkpt>
      <trkpt lat="47.500119" lon="-120.842631">
        <ele>1472.0</ele>
        <time>2026-07-18T14:22:07Z</time>
      </trkpt>
      <trkpt lat="47.500050" lon="-120.842606">
        <ele>1476.0</ele>
        <time>2026-07-18T14:22:31Z</time>
      </trkpt>
      <trkpt lat="47.500067" lon="-120.842573">
        <ele>1476.0</ele>
        <time>2026-07-18T14:22:40Z</time>
      </trkpt>
      <trkpt lat="47.500030" lon="-120.842535">
        <ele>1476.0</ele>
        <time>2026-07-18T14:22:50Z</time>
      </trkpt>
      <trkpt lat="47.500028" lon="-120.842412">
        <ele>1480.0</ele>
        <time>2026-07-18T14:23:01Z</time>
      </trkpt>
      <trkpt lat="47.500044" lon="-120.842302">
        <ele>1482.0</ele>
        <time>2026-07-18T14:23:09Z</time>
      </trkpt>
      <trkpt lat="47.500035" lon="-120.842199">
        <ele>1484.0</ele>
        <time>2026-07-18T14:23:17Z</time>
      </trkpt>
      <trkpt lat="47.499978" lon="-120.842118">
        <ele>1484.0</ele>
        <time>2026-07-18T14:23:27Z</time>
      </trkpt>
      <trkpt lat="47.499949" lon="-120.842097">
        <ele>1484.0</ele>
        <time>2026-07-18T14:23:32Z</time>
      </trkpt>
      <trkpt lat="47.499881" lon="-120.842159">
        <ele>1488.0</ele>
        <time>2026-07-18T14:23:48Z</time>
      </trkpt>
      <trkpt lat="47.499868" lon="-120.842217">
        <ele>1486.0</ele>
        <time>2026-07-18T14:23:55Z</time>
      </trkpt>
      <trkpt lat="47.499845" lon="-120.842246">
        <ele>1485.0</ele>
        <time>2026-07-18T14:23:59Z</time>
      </trkpt>
      <trkpt lat="47.499798" lon="-120.842272">
        <ele>1493.0</ele>
        <time>2026-07-18T14:24:06Z</time>
      </trkpt>
      <trkpt lat="47.499773" lon="-120.842297">
        <ele>1488.0</ele>
        <time>2026-07-18T14:24:14Z</time>
      </trkpt>
      <trkpt lat="47.499702" lon="-120.842446">
        <ele>1488.0</ele>
        <time>2026-07-18T14:24:36Z</time>
      </trkpt>
      <trkpt lat="47.499660" lon="-120.842500">
        <ele>1490.0</ele>
        <time>2026-07-18T14:24:44Z</time>
      </trkpt>
      <trkpt lat="47.499599" lon="-120.842544">
        <ele>1492.0</ele>
        <time>2026-07-18T14:24:54Z</time>
      </trkpt>
      <trkpt lat="47.499528" lon="-120.842481">
        <ele>1492.0</ele>
        <time>2026-07-18T14:25:14Z</time>
      </trkpt>
      <trkpt lat="47.499506" lon="-120.842358">
        <ele>1496.0</ele>
        <time>2026-07-18T14:25:30Z</time>
      </trkpt>
      <trkpt lat="47.499505" lon="-120.842247">
        <ele>1497.0</ele>
        <time>2026-07-18T14:25:38Z</time>
      </trkpt>
      <trkpt lat="47.499493" lon="-120.842207">
        <ele>1498.0</ele>
        <time>2026-07-18T14:25:40Z</time>
      </trkpt>
      <trkpt lat="47.499518" lon="-120.842116">
        <ele>1499.8</ele>
        <time>2026-07-18T14:25:47Z</time>
      </trkpt>
      <trkpt lat="47.499499" lon="-120.841994">
        <ele>1496.0</ele>
        <time>2026-07-18T14:25:59Z</time>
      </trkpt>
      <trkpt lat="47.499455" lon="-120.841937">
        <ele>1498.0</ele>
        <time>2026-07-18T14:26:06Z</time>
      </trkpt>
      <trkpt lat="47.499467" lon="-120.841824">
        <ele>1500.0</ele>
        <time>2026-07-18T14:26:14Z</time>
      </trkpt>
      <trkpt lat="47.499462" lon="-120.841744">
        <ele>1501.0</ele>
        <time>2026-07-18T14:26:20Z</time>
      </trkpt>
      <trkpt lat="47.499479" lon="-120.841702">
        <ele>1502.0</ele>
        <time>2026-07-18T14:26:23Z</time>
      </trkpt>
      <trkpt lat="47.499486" lon="-120.841600">
        <ele>1502.0</ele>
        <time>2026-07-18T14:26:30Z</time>
      </trkpt>
      <trkpt lat="47.499483" lon="-120.841357">
        <ele>1502.0</ele>
        <time>2026-07-18T14:26:43Z</time>
      </trkpt>
      <trkpt lat="47.499512" lon="-120.841243">
        <ele>1503.0</ele>
        <time>2026-07-18T14:26:50Z</time>
      </trkpt>
      <trkpt lat="47.499536" lon="-120.841050">
        <ele>1504.0</ele>
        <time>2026-07-18T14:27:01Z</time>
      </trkpt>
      <trkpt lat="47.499609" lon="-120.840792">
        <ele>1506.0</ele>
        <time>2026-07-18T14:27:18Z</time>
      </trkpt>
      <trkpt lat="47.499639" lon="-120.840755">
        <ele>1507.0</ele>
        <time>2026-07-18T14:27:21Z</time>
      </trkpt>
      <trkpt lat="47.499683" lon="-120.840758">
        <ele>1508.0</ele>
        <time>2026-07-18T14:27:23Z</time>
      </trkpt>
      <trkpt lat="47.499725" lon="-120.840779">
        <ele>1509.0</ele>
        <time>2026-07-18T14:27:26Z</time>
      </trkpt>
      <trkpt lat="47.499708" lon="-120.840774">
        <ele>1510.0</ele>
        <time>2026-07-18T14:27:31Z</time>
      </trkpt>
      <trkpt lat="47.499728" lon="-120.840773">
        <ele>1500.0</ele>
        <time>2026-07-18T14:27:44Z</time>
      </trkpt>
      <trkpt lat="47.499765" lon="-120.840699">
        <ele>1509.0</ele>
        <time>2026-07-18T14:27:55Z</time>
      </trkpt>
      <trkpt lat="47.499793" lon="-120.840669">
        <ele>1510.0</ele>
        <time>2026-07-18T14:27:58Z</time>
      </trkpt>
      <trkpt lat="47.499838" lon="-120.840563">
        <ele>1510.0</ele>
        <time>2026-07-18T14:28:09Z</time>
      </trkpt>
      <trkpt lat="47.499850" lon="-120.840469">
        <ele>1512.0</ele>
        <time>2026-07-18T14:28:17Z</time>
      </trkpt>
      <trkpt lat="47.499870" lon="-120.840448">
        <ele>1511.0</ele>
        <time>2026-07-18T14:28:20Z</time>
      </trkpt>
      <trkpt lat="47.499884" lon="-120.840351">
        <ele>1512.0</ele>
        <time>2026-07-18T14:28:27Z</time>
      </trkpt>
      <trkpt lat="47.499900" lon="-120.840308">
        <ele>1513.0</ele>
        <time>2026-07-18T14:28:29Z</time>
      </trkpt>
      <trkpt lat="47.499898" lon="-120.840122">
        <ele>1514.0</ele>
        <time>2026-07-18T14:28:43Z</time>
      </trkpt>
      <trkpt lat="47.499867" lon="-120.840055">
        <ele>1512.0</ele>
        <time>2026-07-18T14:28:50Z</time>
      </trkpt>
      <trkpt lat="47.499862" lon="-120.839975">
        <ele>1512.0</ele>
        <time>2026-07-18T14:28:55Z</time>
      </trkpt>
      <trkpt lat="47.499844" lon="-120.839911">
        <ele>1514.0</ele>
        <time>2026-07-18T14:28:59Z</time>
      </trkpt>
      <trkpt lat="47.499824" lon="-120.839877">
        <ele>1513.0</ele>
        <time>2026-07-18T14:29:02Z</time>
      </trkpt>
      <trkpt lat="47.499781" lon="-120.839838">
        <ele>1515.0</ele>
        <time>2026-07-18T14:29:07Z</time>
      </trkpt>
      <trkpt lat="47.499775" lon="-120.839770">
        <ele>1513.0</ele>
        <time>2026-07-18T14:29:13Z</time>
      </trkpt>
      <trkpt lat="47.499744" lon="-120.839699">
        <ele>1516.0</ele>
        <time>2026-07-18T14:29:18Z</time>
      </trkpt>
      <trkpt lat="47.499709" lon="-120.839541">
        <ele>1515.0</ele>
        <time>2026-07-18T14:29:28Z</time>
      </trkpt>
      <trkpt lat="47.499681" lon="-120.839482">
        <ele>1513.0</ele>
        <time>2026-07-18T14:29:34Z</time>
      </trkpt>
      <trkpt lat="47.499612" lon="-120.839401">
        <ele>1515.0</ele>
        <time>2026-07-18T14:29:44Z</time>
      </trkpt>
      <trkpt lat="47.499581" lon="-120.839394">
        <ele>1516.0</ele>
        <time>2026-07-18T14:29:47Z</time>
      </trkpt>
      <trkpt lat="47.499544" lon="-120.839414">
        <ele>1516.0</ele>
        <time>2026-07-18T14:29:56Z</time>
      </trkpt>
      <trkpt lat="47.499517" lon="-120.839374">
        <ele>1517.9</ele>
        <time>2026-07-18T14:30:00Z</time>
      </trkpt>
      <trkpt lat="47.499465" lon="-120.839369">
        <ele>1519.0</ele>
        <time>2026-07-18T14:30:06Z</time>
      </trkpt>
      <trkpt lat="47.499431" lon="-120.839345">
        <ele>1520.0</ele>
        <time>2026-07-18T14:30:10Z</time>
      </trkpt>
      <trkpt lat="47.499371" lon="-120.839365">
        <ele>1520.0</ele>
        <time>2026-07-18T14:30:18Z</time>
      </trkpt>
      <trkpt lat="47.499333" lon="-120.839357">
        <ele>1520.0</ele>
        <time>2026-07-18T14:30:22Z</time>
      </trkpt>
      <trkpt lat="47.499233" lon="-120.839364">
        <ele>1518.0</ele>
        <time>2026-07-18T14:30:34Z</time>
      </trkpt>
      <trkpt lat="47.499203" lon="-120.839337">
        <ele>1520.0</ele>
        <time>2026-07-18T14:30:40Z</time>
      </trkpt>
      <trkpt lat="47.499190" lon="-120.839283">
        <ele>1524.0</ele>
        <time>2026-07-18T14:30:51Z</time>
      </trkpt>
      <trkpt lat="47.499114" lon="-120.839265">
        <ele>1526.0</ele>
        <time>2026-07-18T14:31:06Z</time>
      </trkpt>
      <trkpt lat="47.499110" lon="-120.839223">
        <ele>1523.0</ele>
        <time>2026-07-18T14:31:18Z</time>
      </trkpt>
      <trkpt lat="47.499025" lon="-120.839180">
        <ele>1530.0</ele>
        <time>2026-07-18T14:31:40Z</time>
      </trkpt>
      <trkpt lat="47.498913" lon="-120.839064">
        <ele>1530.0</ele>
        <time>2026-07-18T14:32:14Z</time>
      </trkpt>
      <trkpt lat="47.498940" lon="-120.839046">
        <ele>1531.0</ele>
        <time>2026-07-18T14:32:26Z</time>
      </trkpt>
      <trkpt lat="47.498969" lon="-120.839046">
        <ele>1535.0</ele>
        <time>2026-07-18T14:32:31Z</time>
      </trkpt>
      <trkpt lat="47.498971" lon="-120.839013">
        <ele>1533.0</ele>
        <time>2026-07-18T14:32:40Z</time>
      </trkpt>
      <trkpt lat="47.498845" lon="-120.838967">
        <ele>1544.0</ele>
        <time>2026-07-18T14:33:19Z</time>
      </trkpt>
      <trkpt lat="47.498798" lon="-120.838960">
        <ele>1544.0</ele>
        <time>2026-07-18T14:33:24Z</time>
      </trkpt>
      <trkpt lat="47.498733" lon="-120.838906">
        <ele>1544.0</ele>
        <time>2026-07-18T14:33:33Z</time>
      </trkpt>
      <trkpt lat="47.498648" lon="-120.838921">
        <ele>1542.0</ele>
        <time>2026-07-18T14:33:54Z</time>
      </trkpt>
      <trkpt lat="47.498639" lon="-120.838833">
        <ele>1546.0</ele>
        <time>2026-07-18T14:34:13Z</time>
      </trkpt>
      <trkpt lat="47.498576" lon="-120.838885">
        <ele>1545.0</ele>
        <time>2026-07-18T14:34:25Z</time>
      </trkpt>
      <trkpt lat="47.498545" lon="-120.838822">
        <ele>1548.0</ele>
        <time>2026-07-18T14:34:38Z</time>
      </trkpt>
      <trkpt lat="47.498486" lon="-120.838755">
        <ele>1552.0</ele>
        <time>2026-07-18T14:35:03Z</time>
      </trkpt>
      <trkpt lat="47.498406" lon="-120.838694">
        <ele>1554.0</ele>
        <time>2026-07-18T14:35:19Z</time>
      </trkpt>
      <trkpt lat="47.498423" lon="-120.838651">
        <ele>1555.0</ele>
        <time>2026-07-18T14:35:26Z</time>
      </trkpt>
      <trkpt lat="47.498487" lon="-120.838613">
        <ele>1556.0</ele>
        <time>2026-07-18T14:35:42Z</time>
      </trkpt>
      <trkpt lat="47.498539" lon="-120.838551">
        <ele>1558.0</ele>
        <time>2026-07-18T14:35:53Z</time>
      </trkpt>
      <trkpt lat="47.498559" lon="-120.838561">
        <ele>1559.0</ele>
        <time>2026-07-18T14:35:57Z</time>
      </trkpt>
      <trkpt lat="47.498544" lon="-120.838510">
        <ele>1557.0</ele>
        <time>2026-07-18T14:36:08Z</time>
      </trkpt>
      <trkpt lat="47.498559" lon="-120.838473">
        <ele>1561.0</ele>
        <time>2026-07-18T14:36:21Z</time>
      </trkpt>
      <trkpt lat="47.498551" lon="-120.838440">
        <ele>1560.0</ele>
        <time>2026-07-18T14:36:27Z</time>
      </trkpt>
      <trkpt lat="47.498556" lon="-120.838407">
        <ele>1561.0</ele>
        <time>2026-07-18T14:36:34Z</time>
      </trkpt>
      <trkpt lat="47.498599" lon="-120.838414">
        <ele>1564.0</ele>
        <time>2026-07-18T14:36:46Z</time>
      </trkpt>
      <trkpt lat="47.498681" lon="-120.838312">
        <ele>1572.0</ele>
        <time>2026-07-18T14:37:16Z</time>
      </trkpt>
      <trkpt lat="47.498693" lon="-120.838281">
        <ele>1570.0</ele>
        <time>2026-07-18T14:37:20Z</time>
      </trkpt>
      <trkpt lat="47.498674" lon="-120.838227">
        <ele>1572.0</ele>
        <time>2026-07-18T14:37:32Z</time>
      </trkpt>
      <trkpt lat="47.498705" lon="-120.838220">
        <ele>1571.0</ele>
        <time>2026-07-18T14:37:36Z</time>
      </trkpt>
      <trkpt lat="47.498772" lon="-120.838138">
        <ele>1570.0</ele>
        <time>2026-07-18T14:37:51Z</time>
      </trkpt>
      <trkpt lat="47.498807" lon="-120.838121">
        <ele>1572.0</ele>
        <time>2026-07-18T14:37:56Z</time>
      </trkpt>
      <trkpt lat="47.498832" lon="-120.838091">
        <ele>1574.0</ele>
        <time>2026-07-18T14:37:59Z</time>
      </trkpt>
      <trkpt lat="47.498841" lon="-120.838062">
        <ele>1576.0</ele>
        <time>2026-07-18T14:38:02Z</time>
      </trkpt>
      <trkpt lat="47.498914" lon="-120.837990">
        <ele>1575.0</ele>
        <time>2026-07-18T14:38:12Z</time>
      </trkpt>
      <trkpt lat="47.498934" lon="-120.837912">
        <ele>1576.0</ele>
        <time>2026-07-18T14:38:18Z</time>
      </trkpt>
      <trkpt lat="47.498972" lon="-120.837867">
        <ele>1578.0</ele>
        <time>2026-07-18T14:38:23Z</time>
      </trkpt>
      <trkpt lat="47.499061" lon="-120.837795">
        <ele>1575.0</ele>
        <time>2026-07-18T14:38:50Z</time>
      </trkpt>
      <trkpt lat="47.499067" lon="-120.837731">
        <ele>1572.0</ele>
        <time>2026-07-18T14:39:04Z</time>
      </trkpt>
      <trkpt lat="47.499152" lon="-120.837652">
        <ele>1572.0</ele>
        <time>2026-07-18T14:39:15Z</time>
      </trkpt>
      <trkpt lat="47.499207" lon="-120.837563">
        <ele>1574.0</ele>
        <time>2026-07-18T14:39:23Z</time>
      </trkpt>
      <trkpt lat="47.499238" lon="-120.837541">
        <ele>1574.0</ele>
        <time>2026-07-18T14:39:26Z</time>
      </trkpt>
      <trkpt lat="47.499283" lon="-120.837484">
        <ele>1575.0</ele>
        <time>2026-07-18T14:39:32Z</time>
      </trkpt>
      <trkpt lat="47.499324" lon="-120.837506">
        <ele>1572.8</ele>
        <time>2026-07-18T14:39:38Z</time>
      </trkpt>
      <trkpt lat="47.499348" lon="-120.837501">
        <ele>1572.0</ele>
        <time>2026-07-18T14:39:42Z</time>
      </trkpt>
      <trkpt lat="47.499383" lon="-120.837444">
        <ele>1565.0</ele>
        <time>2026-07-18T14:40:02Z</time>
      </trkpt>
      <trkpt lat="47.499421" lon="-120.837436">
        <ele>1566.0</ele>
        <time>2026-07-18T14:40:06Z</time>
      </trkpt>
      <trkpt lat="47.499453" lon="-120.837406">
        <ele>1566.0</ele>
        <time>2026-07-18T14:40:09Z</time>
      </trkpt>
      <trkpt lat="47.499455" lon="-120.837353">
        <ele>1566.0</ele>
        <time>2026-07-18T14:40:14Z</time>
      </trkpt>
      <trkpt lat="47.499480" lon="-120.837276">
        <ele>1563.0</ele>
        <time>2026-07-18T14:40:20Z</time>
      </trkpt>
      <trkpt lat="47.499595" lon="-120.837162">
        <ele>1566.3</ele>
        <time>2026-07-18T14:40:31Z</time>
      </trkpt>
      <trkpt lat="47.499598" lon="-120.837124">
        <ele>1564.0</ele>
        <time>2026-07-18T14:40:35Z</time>
      </trkpt>
      <trkpt lat="47.499640" lon="-120.837069">
        <ele>1567.0</ele>
        <time>2026-07-18T14:40:40Z</time>
      </trkpt>
      <trkpt lat="47.499653" lon="-120.837029">
        <ele>1566.0</ele>
        <time>2026-07-18T14:40:43Z</time>
      </trkpt>
      <trkpt lat="47.499708" lon="-120.836947">
        <ele>1566.0</ele>
        <time>2026-07-18T14:40:51Z</time>
      </trkpt>
      <trkpt lat="47.499726" lon="-120.836873">
        <ele>1569.0</ele>
        <time>2026-07-18T14:40:57Z</time>
      </trkpt>
      <trkpt lat="47.499759" lon="-120.836804">
        <ele>1570.0</ele>
        <time>2026-07-18T14:41:02Z</time>
      </trkpt>
      <trkpt lat="47.499843" lon="-120.836743">
        <ele>1568.0</ele>
        <time>2026-07-18T14:41:11Z</time>
      </trkpt>
      <trkpt lat="47.499871" lon="-120.836690">
        <ele>1567.0</ele>
        <time>2026-07-18T14:41:17Z</time>
      </trkpt>
      <trkpt lat="47.499940" lon="-120.836643">
        <ele>1567.0</ele>
        <time>2026-07-18T14:41:25Z</time>
      </trkpt>
      <trkpt lat="47.499961" lon="-120.836605">
        <ele>1567.0</ele>
        <time>2026-07-18T14:41:28Z</time>
      </trkpt>
      <trkpt lat="47.499969" lon="-120.836546">
        <ele>1569.0</ele>
        <time>2026-07-18T14:41:34Z</time>
      </trkpt>
      <trkpt lat="47.499945" lon="-120.836500">
        <ele>1566.0</ele>
        <time>2026-07-18T14:41:41Z</time>
      </trkpt>
      <trkpt lat="47.499987" lon="-120.836463">
        <ele>1568.0</ele>
        <time>2026-07-18T14:41:58Z</time>
      </trkpt>
      <trkpt lat="47.499997" lon="-120.836426">
        <ele>1572.0</ele>
        <time>2026-07-18T14:42:04Z</time>
      </trkpt>
      <trkpt lat="47.500034" lon="-120.836377">
        <ele>1572.0</ele>
        <time>2026-07-18T14:42:10Z</time>
      </trkpt>
      <trkpt lat="47.500039" lon="-120.836344">
        <ele>1573.1</ele>
        <time>2026-07-18T14:42:15Z</time>
      </trkpt>
      <trkpt lat="47.500061" lon="-120.836311">
        <ele>1572.0</ele>
        <time>2026-07-18T14:42:18Z</time>
      </trkpt>
      <trkpt lat="47.500158" lon="-120.836225">
        <ele>1573.0</ele>
        <time>2026-07-18T14:42:27Z</time>
      </trkpt>
      <trkpt lat="47.500088" lon="-120.836202">
        <ele>1572.0</ele>
        <time>2026-07-18T14:42:36Z</time>
      </trkpt>
      <trkpt lat="47.500053" lon="-120.836137">
        <ele>1575.0</ele>
        <time>2026-07-18T14:42:48Z</time>
      </trkpt>
      <trkpt lat="47.500070" lon="-120.836065">
        <ele>1574.0</ele>
        <time>2026-07-18T14:42:55Z</time>
      </trkpt>
      <trkpt lat="47.500097" lon="-120.836012">
        <ele>1576.0</ele>
        <time>2026-07-18T14:42:59Z</time>
      </trkpt>
      <trkpt lat="47.500102" lon="-120.835953">
        <ele>1575.0</ele>
        <time>2026-07-18T14:43:05Z</time>
      </trkpt>
      <trkpt lat="47.500092" lon="-120.835887">
        <ele>1572.0</ele>
        <time>2026-07-18T14:43:16Z</time>
      </trkpt>
      <trkpt lat="47.500071" lon="-120.835865">
        <ele>1580.0</ele>
        <time>2026-07-18T14:43:25Z</time>
      </trkpt>
      <trkpt lat="47.500045" lon="-120.835890">
        <ele>1577.0</ele>
        <time>2026-07-18T14:43:34Z</time>
      </trkpt>
      <trkpt lat="47.499941" lon="-120.835909">
        <ele>1586.0</ele>
        <time>2026-07-18T14:43:50Z</time>
      </trkpt>
      <trkpt lat="47.499924" lon="-120.835920">
        <ele>1584.0</ele>
        <time>2026-07-18T14:43:53Z</time>
      </trkpt>
      <trkpt lat="47.499914" lon="-120.836011">
        <ele>1585.0</ele>
        <time>2026-07-18T14:44:10Z</time>
      </trkpt>
      <trkpt lat="47.499773" lon="-120.836147">
        <ele>1584.0</ele>
        <time>2026-07-18T14:44:33Z</time>
      </trkpt>
      <trkpt lat="47.499749" lon="-120.836195">
        <ele>1587.0</ele>
        <time>2026-07-18T14:44:41Z</time>
      </trkpt>
      <trkpt lat="47.499673" lon="-120.836257">
        <ele>1586.0</ele>
        <time>2026-07-18T14:44:52Z</time>
      </trkpt>
      <trkpt lat="47.499641" lon="-120.836266">
        <ele>1585.0</ele>
        <time>2026-07-18T14:44:56Z</time>
      </trkpt>
      <trkpt lat="47.499593" lon="-120.836319">
        <ele>1585.0</ele>
        <time>2026-07-18T14:45:03Z</time>
      </trkpt>
      <trkpt lat="47.499434" lon="-120.836550">
        <ele>1587.0</ele>
        <time>2026-07-18T14:45:29Z</time>
      </trkpt>
      <trkpt lat="47.499369" lon="-120.836602">
        <ele>1585.0</ele>
        <time>2026-07-18T14:45:39Z</time>
      </trkpt>
      <trkpt lat="47.499301" lon="-120.836629">
        <ele>1590.0</ele>
        <time>2026-07-18T14:45:50Z</time>
      </trkpt>
      <trkpt lat="47.499201" lon="-120.836743">
        <ele>1594.0</ele>
        <time>2026-07-18T14:46:21Z</time>
      </trkpt>
      <trkpt lat="47.499162" lon="-120.836752">
        <ele>1594.0</ele>
        <time>2026-07-18T14:46:27Z</time>
      </trkpt>
      <trkpt lat="47.499130" lon="-120.836786">
        <ele>1595.0</ele>
        <time>2026-07-18T14:46:34Z</time>
      </trkpt>
      <trkpt lat="47.499107" lon="-120.836901">
        <ele>1592.0</ele>
        <time>2026-07-18T14:46:42Z</time>
      </trkpt>
      <trkpt lat="47.499080" lon="-120.836928">
        <ele>1590.0</ele>
        <time>2026-07-18T14:46:47Z</time>
      </trkpt>
      <trkpt lat="47.499019" lon="-120.836931">
        <ele>1595.0</ele>
        <time>2026-07-18T14:46:57Z</time>
      </trkpt>
      <trkpt lat="47.498888" lon="-120.837010">
        <ele>1600.0</ele>
        <time>2026-07-18T14:47:21Z</time>
      </trkpt>
      <trkpt lat="47.498855" lon="-120.837043">
        <ele>1602.0</ele>
        <time>2026-07-18T14:47:30Z</time>
      </trkpt>
      <trkpt lat="47.498811" lon="-120.837120">
        <ele>1600.0</ele>
        <time>2026-07-18T14:47:42Z</time>
      </trkpt>
      <trkpt lat="47.498708" lon="-120.837239">
        <ele>1604.0</ele>
        <time>2026-07-18T14:48:03Z</time>
      </trkpt>
      <trkpt lat="47.498704" lon="-120.837327">
        <ele>1602.0</ele>
        <time>2026-07-18T14:48:44Z</time>
      </trkpt>
      <trkpt lat="47.498560" lon="-120.837431">
        <ele>1603.0</ele>
        <time>2026-07-18T14:50:14Z</time>
      </trkpt>
      <trkpt lat="47.498497" lon="-120.837447">
        <ele>1600.0</ele>
        <time>2026-07-18T14:50:21Z</time>
      </trkpt>
      <trkpt lat="47.498436" lon="-120.837491">
        <ele>1599.0</ele>
        <time>2026-07-18T14:50:28Z</time>
      </trkpt>
      <trkpt lat="47.498395" lon="-120.837480">
        <ele>1598.0</ele>
        <time>2026-07-18T14:50:30Z</time>
      </trkpt>
      <trkpt lat="47.498359" lon="-120.837485">
        <ele>1599.0</ele>
        <time>2026-07-18T14:50:32Z</time>
      </trkpt>
      <trkpt lat="47.498278" lon="-120.837455">
        <ele>1599.0</ele>
        <time>2026-07-18T14:50:38Z</time>
      </trkpt>
      <trkpt lat="47.498243" lon="-120.837474">
        <ele>1603.0</ele>
        <time>2026-07-18T14:50:40Z</time>
      </trkpt>
      <trkpt lat="47.498214" lon="-120.837517">
        <ele>1604.0</ele>
        <time>2026-07-18T14:50:42Z</time>
      </trkpt>
      <trkpt lat="47.498165" lon="-120.837560">
        <ele>1602.0</ele>
        <time>2026-07-18T14:50:47Z</time>
      </trkpt>
      <trkpt lat="47.498120" lon="-120.837543">
        <ele>1602.0</ele>
        <time>2026-07-18T14:50:51Z</time>
      </trkpt>
      <trkpt lat="47.498053" lon="-120.837472">
        <ele>1607.0</ele>
        <time>2026-07-18T14:51:02Z</time>
      </trkpt>
      <trkpt lat="47.498044" lon="-120.837439">
        <ele>1610.0</ele>
        <time>2026-07-18T14:51:06Z</time>
      </trkpt>
      <trkpt lat="47.497995" lon="-120.837390">
        <ele>1608.0</ele>
        <time>2026-07-18T14:51:13Z</time>
      </trkpt>
      <trkpt lat="47.497968" lon="-120.837313">
        <ele>1611.0</ele>
        <time>2026-07-18T14:51:19Z</time>
      </trkpt>
      <trkpt lat="47.497862" lon="-120.837249">
        <ele>1611.0</ele>
        <time>2026-07-18T14:51:31Z</time>
      </trkpt>
      <trkpt lat="47.497770" lon="-120.837239">
        <ele>1615.0</ele>
        <time>2026-07-18T14:51:42Z</time>
      </trkpt>
      <trkpt lat="47.497726" lon="-120.837223">
        <ele>1616.0</ele>
        <time>2026-07-18T14:51:47Z</time>
      </trkpt>
      <trkpt lat="47.497662" lon="-120.837148">
        <ele>1614.0</ele>
        <time>2026-07-18T14:52:02Z</time>
      </trkpt>
      <trkpt lat="47.497599" lon="-120.837129">
        <ele>1611.0</ele>
        <time>2026-07-18T14:52:12Z</time>
      </trkpt>
      <trkpt lat="47.497542" lon="-120.837080">
        <ele>1613.0</ele>
        <time>2026-07-18T14:52:20Z</time>
      </trkpt>
      <trkpt lat="47.497441" lon="-120.837032">
        <ele>1613.0</ele>
        <time>2026-07-18T14:52:30Z</time>
      </trkpt>
      <trkpt lat="47.497329" lon="-120.836834">
        <ele>1619.0</ele>
        <time>2026-07-18T14:52:51Z</time>
      </trkpt>
      <trkpt lat="47.497179" lon="-120.836750">
        <ele>1626.0</ele>
        <time>2026-07-18T14:53:13Z</time>
      </trkpt>
      <trkpt lat="47.497158" lon="-120.836718">
        <ele>1629.0</ele>
        <time>2026-07-18T14:53:16Z</time>
      </trkpt>
      <trkpt lat="47.497167" lon="-120.836675">
        <ele>1633.0</ele>
        <time>2026-07-18T14:53:22Z</time>
      </trkpt>
      <trkpt lat="47.497151" lon="-120.836645">
        <ele>1631.2</ele>
        <time>2026-07-18T14:53:28Z</time>
      </trkpt>
      <trkpt lat="47.497151" lon="-120.836548">
        <ele>1632.0</ele>
        <time>2026-07-18T14:53:39Z</time>
      </trkpt>
      <trkpt lat="47.497181" lon="-120.836517">
        <ele>1635.0</ele>
        <time>2026-07-18T14:53:49Z</time>
      </trkpt>
      <trkpt lat="47.497162" lon="-120.836468">
        <ele>1635.0</ele>
        <time>2026-07-18T14:53:54Z</time>
      </trkpt>
      <trkpt lat="47.497136" lon="-120.836452">
        <ele>1636.0</ele>
        <time>2026-07-18T14:54:01Z</time>
      </trkpt>
      <trkpt lat="47.497156" lon="-120.836412">
        <ele>1638.0</ele>
        <time>2026-07-18T14:54:11Z</time>
      </trkpt>
      <trkpt lat="47.497267" lon="-120.836381">
        <ele>1632.0</ele>
        <time>2026-07-18T14:54:37Z</time>
      </trkpt>
      <trkpt lat="47.497289" lon="-120.836348">
        <ele>1639.0</ele>
        <time>2026-07-18T14:54:45Z</time>
      </trkpt>
      <trkpt lat="47.497218" lon="-120.836252">
        <ele>1642.0</ele>
        <time>2026-07-18T14:55:02Z</time>
      </trkpt>
      <trkpt lat="47.497195" lon="-120.836152">
        <ele>1642.0</ele>
        <time>2026-07-18T14:55:16Z</time>
      </trkpt>
      <trkpt lat="47.497315" lon="-120.836151">
        <ele>1644.0</ele>
        <time>2026-07-18T14:55:34Z</time>
      </trkpt>
      <trkpt lat="47.497345" lon="-120.836164">
        <ele>1643.0</ele>
        <time>2026-07-18T14:55:38Z</time>
      </trkpt>
      <trkpt lat="47.497375" lon="-120.836200">
        <ele>1643.3</ele>
        <time>2026-07-18T14:55:40Z</time>
      </trkpt>
      <trkpt lat="47.497460" lon="-120.836204">
        <ele>1645.0</ele>
        <time>2026-07-18T14:55:52Z</time>
      </trkpt>
      <trkpt lat="47.497484" lon="-120.836235">
        <ele>1645.5</ele>
        <time>2026-07-18T14:55:56Z</time>
      </trkpt>
      <trkpt lat="47.497492" lon="-120.836197">
        <ele>1644.0</ele>
        <time>2026-07-18T14:56:00Z</time>
      </trkpt>
      <trkpt lat="47.497530" lon="-120.836150">
        <ele>1644.0</ele>
        <time>2026-07-18T14:56:08Z</time>
      </trkpt>
      <trkpt lat="47.497495" lon="-120.836080">
        <ele>1643.0</ele>
        <time>2026-07-18T14:56:19Z</time>
      </trkpt>
      <trkpt lat="47.497539" lon="-120.836046">
        <ele>1650.0</ele>
        <time>2026-07-18T14:56:31Z</time>
      </trkpt>
      <trkpt lat="47.497540" lon="-120.835978">
        <ele>1653.0</ele>
        <time>2026-07-18T14:56:42Z</time>
      </trkpt>
      <trkpt lat="47.497526" lon="-120.835961">
        <ele>1652.0</ele>
        <time>2026-07-18T14:56:45Z</time>
      </trkpt>
      <trkpt lat="47.497622" lon="-120.835937">
        <ele>1652.0</ele>
        <time>2026-07-18T14:56:56Z</time>
      </trkpt>
      <trkpt lat="47.497640" lon="-120.835912">
        <ele>1652.0</ele>
        <time>2026-07-18T14:57:00Z</time>
      </trkpt>
      <trkpt lat="47.497671" lon="-120.835899">
        <ele>1654.0</ele>
        <time>2026-07-18T14:57:04Z</time>
      </trkpt>
      <trkpt lat="47.497685" lon="-120.835858">
        <ele>1650.0</ele>
        <time>2026-07-18T14:57:11Z</time>
      </trkpt>
      <trkpt lat="47.497600" lon="-120.835778">
        <ele>1658.0</ele>
        <time>2026-07-18T14:57:29Z</time>
      </trkpt>
      <trkpt lat="47.497589" lon="-120.835756">
        <ele>1660.0</ele>
        <time>2026-07-18T14:57:34Z</time>
      </trkpt>
      <trkpt lat="47.497645" lon="-120.835635">
        <ele>1662.0</ele>
        <time>2026-07-18T14:57:52Z</time>
      </trkpt>
      <trkpt lat="47.497634" lon="-120.835599">
        <ele>1662.0</ele>
        <time>2026-07-18T14:57:57Z</time>
      </trkpt>
      <trkpt lat="47.497605" lon="-120.835588">
        <ele>1665.0</ele>
        <time>2026-07-18T14:58:01Z</time>
      </trkpt>
      <trkpt lat="47.497546" lon="-120.835535">
        <ele>1668.0</ele>
        <time>2026-07-18T14:58:16Z</time>
      </trkpt>
      <trkpt lat="47.497569" lon="-120.835458">
        <ele>1669.0</ele>
        <time>2026-07-18T14:58:31Z</time>
      </trkpt>
      <trkpt lat="47.497606" lon="-120.835421">
        <ele>1668.0</ele>
        <time>2026-07-18T14:58:39Z</time>
      </trkpt>
      <trkpt lat="47.497612" lon="-120.835369">
        <ele>1672.0</ele>
        <time>2026-07-18T14:58:49Z</time>
      </trkpt>
      <trkpt lat="47.497665" lon="-120.835277">
        <ele>1670.0</ele>
        <time>2026-07-18T14:59:07Z</time>
      </trkpt>
      <trkpt lat="47.497673" lon="-120.835214">
        <ele>1676.8</ele>
        <time>2026-07-18T14:59:18Z</time>
      </trkpt>
      <trkpt lat="47.497658" lon="-120.835202">
        <ele>1675.0</ele>
        <time>2026-07-18T14:59:22Z</time>
      </trkpt>
      <trkpt lat="47.497686" lon="-120.835151">
        <ele>1677.0</ele>
        <time>2026-07-18T14:59:32Z</time>
      </trkpt>
      <trkpt lat="47.497770" lon="-120.835090">
        <ele>1680.0</ele>
        <time>2026-07-18T14:59:47Z</time>
      </trkpt>
      <trkpt lat="47.497761" lon="-120.835059">
        <ele>1680.0</ele>
        <time>2026-07-18T14:59:51Z</time>
      </trkpt>
      <trkpt lat="47.497792" lon="-120.834994">
        <ele>1684.0</ele>
        <time>2026-07-18T15:00:07Z</time>
      </trkpt>
      <trkpt lat="47.497816" lon="-120.834897">
        <ele>1688.0</ele>
        <time>2026-07-18T15:00:25Z</time>
      </trkpt>
      <trkpt lat="47.497849" lon="-120.834882">
        <ele>1685.0</ele>
        <time>2026-07-18T15:00:29Z</time>
      </trkpt>
      <trkpt lat="47.497868" lon="-120.834856">
        <ele>1688.0</ele>
        <time>2026-07-18T15:00:33Z</time>
      </trkpt>
      <trkpt lat="47.497850" lon="-120.834698">
        <ele>1690.0</ele>
        <time>2026-07-18T15:00:52Z</time>
      </trkpt>
      <trkpt lat="47.497862" lon="-120.834648">
        <ele>1691.0</ele>
        <time>2026-07-18T15:01:00Z</time>
      </trkpt>
      <trkpt lat="47.497829" lon="-120.834580">
        <ele>1690.0</ele>
        <time>2026-07-18T15:01:14Z</time>
      </trkpt>
      <trkpt lat="47.497811" lon="-120.834507">
        <ele>1692.0</ele>
        <time>2026-07-18T15:01:21Z</time>
      </trkpt>
      <trkpt lat="47.497780" lon="-120.834485">
        <ele>1691.0</ele>
        <time>2026-07-18T15:01:26Z</time>
      </trkpt>
      <trkpt lat="47.497741" lon="-120.834480">
        <ele>1694.0</ele>
        <time>2026-07-18T15:01:31Z</time>
      </trkpt>
      <trkpt lat="47.497691" lon="-120.834447">
        <ele>1694.0</ele>
        <time>2026-07-18T15:01:42Z</time>
      </trkpt>
      <trkpt lat="47.497630" lon="-120.834452">
        <ele>1697.0</ele>
        <time>2026-07-18T15:01:48Z</time>
      </trkpt>
      <trkpt lat="47.497585" lon="-120.834433">
        <ele>1696.0</ele>
        <time>2026-07-18T15:01:55Z</time>
      </trkpt>
      <trkpt lat="47.497519" lon="-120.834466">
        <ele>1698.0</ele>
        <time>2026-07-18T15:02:05Z</time>
      </trkpt>
      <trkpt lat="47.497500" lon="-120.834490">
        <ele>1700.0</ele>
        <time>2026-07-18T15:02:11Z</time>
      </trkpt>
      <trkpt lat="47.497500" lon="-120.834557">
        <ele>1698.0</ele>
        <time>2026-07-18T15:02:21Z</time>
      </trkpt>
      <trkpt lat="47.497469" lon="-120.834586">
        <ele>1698.0</ele>
        <time>2026-07-18T15:02:33Z</time>
      </trkpt>
      <trkpt lat="47.497398" lon="-120.834616">
        <ele>1704.0</ele>
        <time>2026-07-18T15:02:52Z</time>
      </trkpt>
      <trkpt lat="47.497321" lon="-120.834502">
        <ele>1704.0</ele>
        <time>2026-07-18T15:03:19Z</time>
      </trkpt>
      <trkpt lat="47.497256" lon="-120.834426">
        <ele>1704.0</ele>
        <time>2026-07-18T15:03:26Z</time>
      </trkpt>
      <trkpt lat="47.497079" lon="-120.834407">
        <ele>1705.0</ele>
        <time>2026-07-18T15:03:48Z</time>
      </trkpt>
      <trkpt lat="47.497057" lon="-120.834553">
        <ele>1706.0</ele>
        <time>2026-07-18T15:04:04Z</time>
      </trkpt>
      <trkpt lat="47.497027" lon="-120.834621">
        <ele>1704.0</ele>
        <time>2026-07-18T15:04:10Z</time>
      </trkpt>
      <trkpt lat="47.496971" lon="-120.834660">
        <ele>1708.0</ele>
        <time>2026-07-18T15:04:16Z</time>
      </trkpt>
      <trkpt lat="47.496743" lon="-120.834700">
        <ele>1707.0</ele>
        <time>2026-07-18T15:04:47Z</time>
      </trkpt>
      <trkpt lat="47.496709" lon="-120.834728">
        <ele>1705.0</ele>
        <time>2026-07-18T15:04:51Z</time>
      </trkpt>
      <trkpt lat="47.496694" lon="-120.834761">
        <ele>1704.0</ele>
        <time>2026-07-18T15:04:57Z</time>
      </trkpt>
      <trkpt lat="47.496651" lon="-120.834720">
        <ele>1704.0</ele>
        <time>2026-07-18T15:05:05Z</time>
      </trkpt>
      <trkpt lat="47.496533" lon="-120.834660">
        <ele>1711.3</ele>
        <time>2026-07-18T15:05:19Z</time>
      </trkpt>
      <trkpt lat="47.496515" lon="-120.834664">
        <ele>1708.0</ele>
        <time>2026-07-18T15:05:22Z</time>
      </trkpt>
      <trkpt lat="47.496429" lon="-120.834725">
        <ele>1710.0</ele>
        <time>2026-07-18T15:05:39Z</time>
      </trkpt>
      <trkpt lat="47.496389" lon="-120.834808">
        <ele>1710.0</ele>
        <time>2026-07-18T15:06:09Z</time>
      </trkpt>
      <trkpt lat="47.496369" lon="-120.834794">
        <ele>1710.0</ele>
        <time>2026-07-18T15:06:13Z</time>
      </trkpt>
      <trkpt lat="47.496325" lon="-120.834803">
        <ele>1704.0</ele>
        <time>2026-07-18T15:06:22Z</time>
      </trkpt>
      <trkpt lat="47.496237" lon="-120.834763">
        <ele>1708.0</ele>
        <time>2026-07-18T15:06:38Z</time>
      </trkpt>
      <trkpt lat="47.496205" lon="-120.834779">
        <ele>1705.0</ele>
        <time>2026-07-18T15:06:43Z</time>
      </trkpt>
      <trkpt lat="47.496158" lon="-120.834775">
        <ele>1708.0</ele>
        <time>2026-07-18T15:07:06Z</time>
      </trkpt>
      <trkpt lat="47.496141" lon="-120.834873">
        <ele>1701.0</ele>
        <time>2026-07-18T15:07:40Z</time>
      </trkpt>
      <trkpt lat="47.496076" lon="-120.834934">
        <ele>1706.0</ele>
        <time>2026-07-18T15:07:54Z</time>
      </trkpt>
      <trkpt lat="47.496056" lon="-120.834992">
        <ele>1706.0</ele>
        <time>2026-07-18T15:07:59Z</time>
      </trkpt>
      <trkpt lat="47.496032" lon="-120.835026">
        <ele>1704.0</ele>
        <time>2026-07-18T15:08:07Z</time>
      </trkpt>
      <trkpt lat="47.496019" lon="-120.835089">
        <ele>1705.0</ele>
        <time>2026-07-18T15:08:18Z</time>
      </trkpt>
      <trkpt lat="47.495969" lon="-120.835146">
        <ele>1709.0</ele>
        <time>2026-07-18T15:08:28Z</time>
      </trkpt>
      <trkpt lat="47.495909" lon="-120.835182">
        <ele>1710.0</ele>
        <time>2026-07-18T15:08:38Z</time>
      </trkpt>
      <trkpt lat="47.495796" lon="-120.835309">
        <ele>1714.0</ele>
        <time>2026-07-18T15:08:59Z</time>
      </trkpt>
      <trkpt lat="47.495658" lon="-120.835390">
        <ele>1715.0</ele>
        <time>2026-07-18T15:10:18Z</time>
      </trkpt>
      <trkpt lat="47.495635" lon="-120.835373">
        <ele>1714.0</ele>
        <time>2026-07-18T15:12:29Z</time>
      </trkpt>
      <trkpt lat="47.495609" lon="-120.835313">
        <ele>1712.0</ele>
        <time>2026-07-18T15:13:15Z</time>
      </trkpt>
      <trkpt lat="47.495566" lon="-120.835378">
        <ele>1710.0</ele>
        <time>2026-07-18T15:16:47Z</time>
      </trkpt>
      <trkpt lat="47.495505" lon="-120.835413">
        <ele>1713.0</ele>
        <time>2026-07-18T15:16:53Z</time>
      </trkpt>
      <trkpt lat="47.495411" lon="-120.835585">
        <ele>1708.0</ele>
        <time>2026-07-18T15:17:15Z</time>
      </trkpt>
      <trkpt lat="47.495393" lon="-120.835679">
        <ele>1708.0</ele>
        <time>2026-07-18T15:17:42Z</time>
      </trkpt>
      <trkpt lat="47.495370" lon="-120.835720">
        <ele>1705.0</ele>
        <time>2026-07-18T15:17:48Z</time>
      </trkpt>
      <trkpt lat="47.495316" lon="-120.835759">
        <ele>1707.0</ele>
        <time>2026-07-18T15:17:58Z</time>
      </trkpt>
      <trkpt lat="47.495347" lon="-120.835853">
        <ele>1705.0</ele>
        <time>2026-07-18T15:18:06Z</time>
      </trkpt>
      <trkpt lat="47.495339" lon="-120.835915">
        <ele>1705.0</ele>
        <time>2026-07-18T15:18:23Z</time>
      </trkpt>
      <trkpt lat="47.495314" lon="-120.835989">
        <ele>1704.0</ele>
        <time>2026-07-18T15:18:33Z</time>
      </trkpt>
      <trkpt lat="47.495280" lon="-120.835973">
        <ele>1704.0</ele>
        <time>2026-07-18T15:18:50Z</time>
      </trkpt>
      <trkpt lat="47.495191" lon="-120.835992">
        <ele>1700.0</ele>
        <time>2026-07-18T15:19:13Z</time>
      </trkpt>
      <trkpt lat="47.495097" lon="-120.836072">
        <ele>1697.0</ele>
        <time>2026-07-18T15:19:26Z</time>
      </trkpt>
      <trkpt lat="47.495036" lon="-120.836072">
        <ele>1696.0</ele>
        <time>2026-07-18T15:19:37Z</time>
      </trkpt>
      <trkpt lat="47.495019" lon="-120.836107">
        <ele>1696.0</ele>
        <time>2026-07-18T15:19:43Z</time>
      </trkpt>
      <trkpt lat="47.494991" lon="-120.836088">
        <ele>1690.0</ele>
        <time>2026-07-18T15:19:55Z</time>
      </trkpt>
      <trkpt lat="47.494990" lon="-120.836052">
        <ele>1692.0</ele>
        <time>2026-07-18T15:20:06Z</time>
      </trkpt>
      <trkpt lat="47.494973" lon="-120.836015">
        <ele>1692.0</ele>
        <time>2026-07-18T15:20:29Z</time>
      </trkpt>
      <trkpt lat="47.494983" lon="-120.836123">
        <ele>1692.0</ele>
        <time>2026-07-18T15:20:54Z</time>
      </trkpt>
      <trkpt lat="47.494967" lon="-120.836165">
        <ele>1694.0</ele>
        <time>2026-07-18T15:20:57Z</time>
      </trkpt>
      <trkpt lat="47.494970" lon="-120.836251">
        <ele>1694.0</ele>
        <time>2026-07-18T15:21:12Z</time>
      </trkpt>
      <trkpt lat="47.494981" lon="-120.836281">
        <ele>1696.0</ele>
        <time>2026-07-18T15:21:17Z</time>
      </trkpt>
      <trkpt lat="47.494973" lon="-120.836371">
        <ele>1695.0</ele>
        <time>2026-07-18T15:21:26Z</time>
      </trkpt>
      <trkpt lat="47.494952" lon="-120.836414">
        <ele>1692.0</ele>
        <time>2026-07-18T15:21:35Z</time>
      </trkpt>
      <trkpt lat="47.494961" lon="-120.836498">
        <ele>1696.0</ele>
        <time>2026-07-18T15:21:46Z</time>
      </trkpt>
      <trkpt lat="47.494939" lon="-120.836557">
        <ele>1693.0</ele>
        <time>2026-07-18T15:21:50Z</time>
      </trkpt>
      <trkpt lat="47.494954" lon="-120.836606">
        <ele>1695.0</ele>
        <time>2026-07-18T15:21:56Z</time>
      </trkpt>
      <trkpt lat="47.494945" lon="-120.836639">
        <ele>1692.0</ele>
        <time>2026-07-18T15:22:02Z</time>
      </trkpt>
      <trkpt lat="47.494869" lon="-120.836724">
        <ele>1691.0</ele>
        <time>2026-07-18T15:22:16Z</time>
      </trkpt>
      <trkpt lat="47.494853" lon="-120.836768">
        <ele>1692.0</ele>
        <time>2026-07-18T15:22:21Z</time>
      </trkpt>
      <trkpt lat="47.494786" lon="-120.836844">
        <ele>1688.0</ele>
        <time>2026-07-18T15:22:33Z</time>
      </trkpt>
      <trkpt lat="47.494750" lon="-120.836812">
        <ele>1683.0</ele>
        <time>2026-07-18T15:22:40Z</time>
      </trkpt>
      <trkpt lat="47.494728" lon="-120.836838">
        <ele>1683.0</ele>
        <time>2026-07-18T15:22:49Z</time>
      </trkpt>
      <trkpt lat="47.494691" lon="-120.836830">
        <ele>1688.0</ele>
        <time>2026-07-18T15:22:55Z</time>
      </trkpt>
      <trkpt lat="47.494613" lon="-120.836871">
        <ele>1691.0</ele>
        <time>2026-07-18T15:23:05Z</time>
      </trkpt>
      <trkpt lat="47.494614" lon="-120.836904">
        <ele>1690.0</ele>
        <time>2026-07-18T15:23:11Z</time>
      </trkpt>
      <trkpt lat="47.494602" lon="-120.836945">
        <ele>1689.0</ele>
        <time>2026-07-18T15:23:17Z</time>
      </trkpt>
      <trkpt lat="47.494542" lon="-120.836983">
        <ele>1688.0</ele>
        <time>2026-07-18T15:23:26Z</time>
      </trkpt>
      <trkpt lat="47.494520" lon="-120.837008">
        <ele>1693.0</ele>
        <time>2026-07-18T15:23:31Z</time>
      </trkpt>
      <trkpt lat="47.494467" lon="-120.837009">
        <ele>1691.0</ele>
        <time>2026-07-18T15:23:41Z</time>
      </trkpt>
      <trkpt lat="47.494436" lon="-120.837023">
        <ele>1692.0</ele>
        <time>2026-07-18T15:23:47Z</time>
      </trkpt>
      <trkpt lat="47.494410" lon="-120.837070">
        <ele>1696.0</ele>
        <time>2026-07-18T15:23:57Z</time>
      </trkpt>
      <trkpt lat="47.494371" lon="-120.837072">
        <ele>1695.0</ele>
        <time>2026-07-18T15:24:07Z</time>
      </trkpt>
      <trkpt lat="47.494349" lon="-120.837134">
        <ele>1694.0</ele>
        <time>2026-07-18T15:24:18Z</time>
      </trkpt>
      <trkpt lat="47.494322" lon="-120.837166">
        <ele>1695.0</ele>
        <time>2026-07-18T15:24:24Z</time>
      </trkpt>
      <trkpt lat="47.494285" lon="-120.837186">
        <ele>1697.0</ele>
        <time>2026-07-18T15:24:28Z</time>
      </trkpt>
      <trkpt lat="47.494230" lon="-120.837191">
        <ele>1700.0</ele>
        <time>2026-07-18T15:24:35Z</time>
      </trkpt>
      <trkpt lat="47.494202" lon="-120.837217">
        <ele>1700.0</ele>
        <time>2026-07-18T15:24:40Z</time>
      </trkpt>
      <trkpt lat="47.494143" lon="-120.837198">
        <ele>1703.0</ele>
        <time>2026-07-18T15:24:48Z</time>
      </trkpt>
      <trkpt lat="47.494118" lon="-120.837099">
        <ele>1701.0</ele>
        <time>2026-07-18T15:24:58Z</time>
      </trkpt>
      <trkpt lat="47.494057" lon="-120.837073">
        <ele>1699.0</ele>
        <time>2026-07-18T15:25:06Z</time>
      </trkpt>
      <trkpt lat="47.493991" lon="-120.837090">
        <ele>1699.0</ele>
        <time>2026-07-18T15:25:14Z</time>
      </trkpt>
      <trkpt lat="47.493872" lon="-120.837046">
        <ele>1696.0</ele>
        <time>2026-07-18T15:25:37Z</time>
      </trkpt>
      <trkpt lat="47.493858" lon="-120.836989">
        <ele>1692.0</ele>
        <time>2026-07-18T15:25:50Z</time>
      </trkpt>
      <trkpt lat="47.493821" lon="-120.836923">
        <ele>1692.0</ele>
        <time>2026-07-18T15:26:06Z</time>
      </trkpt>
      <trkpt lat="47.493754" lon="-120.836874">
        <ele>1699.0</ele>
        <time>2026-07-18T15:26:28Z</time>
      </trkpt>
      <trkpt lat="47.493695" lon="-120.836860">
        <ele>1694.0</ele>
        <time>2026-07-18T15:26:47Z</time>
      </trkpt>
      <trkpt lat="47.493682" lon="-120.836787">
        <ele>1692.0</ele>
        <time>2026-07-18T15:27:03Z</time>
      </trkpt>
      <trkpt lat="47.493661" lon="-120.836759">
        <ele>1697.0</ele>
        <time>2026-07-18T15:27:15Z</time>
      </trkpt>
      <trkpt lat="47.493633" lon="-120.836749">
        <ele>1697.0</ele>
        <time>2026-07-18T15:27:20Z</time>
      </trkpt>
      <trkpt lat="47.493581" lon="-120.836694">
        <ele>1696.0</ele>
        <time>2026-07-18T15:27:56Z</time>
      </trkpt>
      <trkpt lat="47.493530" lon="-120.836658">
        <ele>1695.0</ele>
        <time>2026-07-18T15:28:06Z</time>
      </trkpt>
      <trkpt lat="47.493456" lon="-120.836637">
        <ele>1694.0</ele>
        <time>2026-07-18T15:28:13Z</time>
      </trkpt>
      <trkpt lat="47.493426" lon="-120.836608">
        <ele>1694.0</ele>
        <time>2026-07-18T15:28:17Z</time>
      </trkpt>
      <trkpt lat="47.493371" lon="-120.836630">
        <ele>1695.0</ele>
        <time>2026-07-18T15:28:25Z</time>
      </trkpt>
      <trkpt lat="47.493348" lon="-120.836667">
        <ele>1695.0</ele>
        <time>2026-07-18T15:28:28Z</time>
      </trkpt>
      <trkpt lat="47.493316" lon="-120.836683">
        <ele>1696.0</ele>
        <time>2026-07-18T15:28:31Z</time>
      </trkpt>
      <trkpt lat="47.493245" lon="-120.836697">
        <ele>1695.0</ele>
        <time>2026-07-18T15:28:40Z</time>
      </trkpt>
      <trkpt lat="47.493180" lon="-120.836740">
        <ele>1696.0</ele>
        <time>2026-07-18T15:28:46Z</time>
      </trkpt>
      <trkpt lat="47.493117" lon="-120.836728">
        <ele>1698.0</ele>
        <time>2026-07-18T15:28:54Z</time>
      </trkpt>
      <trkpt lat="47.493062" lon="-120.836741">
        <ele>1698.0</ele>
        <time>2026-07-18T15:28:59Z</time>
      </trkpt>
      <trkpt lat="47.493009" lon="-120.836732">
        <ele>1700.0</ele>
        <time>2026-07-18T15:29:03Z</time>
      </trkpt>
      <trkpt lat="47.492967" lon="-120.836711">
        <ele>1700.0</ele>
        <time>2026-07-18T15:29:07Z</time>
      </trkpt>
      <trkpt lat="47.492939" lon="-120.836727">
        <ele>1700.0</ele>
        <time>2026-07-18T15:29:09Z</time>
      </trkpt>
      <trkpt lat="47.492888" lon="-120.836840">
        <ele>1699.0</ele>
        <time>2026-07-18T15:29:18Z</time>
      </trkpt>
      <trkpt lat="47.492861" lon="-120.836867">
        <ele>1700.0</ele>
        <time>2026-07-18T15:29:20Z</time>
      </trkpt>
      <trkpt lat="47.492795" lon="-120.836886">
        <ele>1701.0</ele>
        <time>2026-07-18T15:29:25Z</time>
      </trkpt>
      <trkpt lat="47.492753" lon="-120.836873">
        <ele>1701.0</ele>
        <time>2026-07-18T15:29:31Z</time>
      </trkpt>
      <trkpt lat="47.492727" lon="-120.836923">
        <ele>1697.0</ele>
        <time>2026-07-18T15:29:51Z</time>
      </trkpt>
      <trkpt lat="47.492696" lon="-120.836902">
        <ele>1700.8</ele>
        <time>2026-07-18T15:29:56Z</time>
      </trkpt>
      <trkpt lat="47.492655" lon="-120.836896">
        <ele>1696.0</ele>
        <time>2026-07-18T15:30:01Z</time>
      </trkpt>
      <trkpt lat="47.492609" lon="-120.836905">
        <ele>1697.0</ele>
        <time>2026-07-18T15:30:05Z</time>
      </trkpt>
      <trkpt lat="47.492560" lon="-120.836806">
        <ele>1699.0</ele>
        <time>2026-07-18T15:30:14Z</time>
      </trkpt>
      <trkpt lat="47.492529" lon="-120.836784">
        <ele>1698.0</ele>
        <time>2026-07-18T15:30:18Z</time>
      </trkpt>
      <trkpt lat="47.492516" lon="-120.836726">
        <ele>1700.0</ele>
        <time>2026-07-18T15:30:27Z</time>
      </trkpt>
      <trkpt lat="47.492476" lon="-120.836689">
        <ele>1700.0</ele>
        <time>2026-07-18T15:30:33Z</time>
      </trkpt>
      <trkpt lat="47.492398" lon="-120.836653">
        <ele>1702.0</ele>
        <time>2026-07-18T15:30:49Z</time>
      </trkpt>
      <trkpt lat="47.492375" lon="-120.836563">
        <ele>1698.0</ele>
        <time>2026-07-18T15:31:09Z</time>
      </trkpt>
      <trkpt lat="47.492324" lon="-120.836456">
        <ele>1699.0</ele>
        <time>2026-07-18T15:31:27Z</time>
      </trkpt>
      <trkpt lat="47.492288" lon="-120.836408">
        <ele>1698.0</ele>
        <time>2026-07-18T15:31:34Z</time>
      </trkpt>
      <trkpt lat="47.492262" lon="-120.836426">
        <ele>1697.0</ele>
        <time>2026-07-18T15:31:43Z</time>
      </trkpt>
      <trkpt lat="47.492200" lon="-120.836447">
        <ele>1697.0</ele>
        <time>2026-07-18T15:31:51Z</time>
      </trkpt>
      <trkpt lat="47.492172" lon="-120.836471">
        <ele>1696.0</ele>
        <time>2026-07-18T15:31:54Z</time>
      </trkpt>
      <trkpt lat="47.492104" lon="-120.836628">
        <ele>1698.0</ele>
        <time>2026-07-18T15:32:12Z</time>
      </trkpt>
      <trkpt lat="47.492084" lon="-120.836752">
        <ele>1700.0</ele>
        <time>2026-07-18T15:32:23Z</time>
      </trkpt>
      <trkpt lat="47.492070" lon="-120.836788">
        <ele>1702.4</ele>
        <time>2026-07-18T15:32:29Z</time>
      </trkpt>
      <trkpt lat="47.491988" lon="-120.836905">
        <ele>1700.0</ele>
        <time>2026-07-18T15:32:43Z</time>
      </trkpt>
      <trkpt lat="47.491933" lon="-120.836924">
        <ele>1700.0</ele>
        <time>2026-07-18T15:32:49Z</time>
      </trkpt>
      <trkpt lat="47.491898" lon="-120.836890">
        <ele>1700.0</ele>
        <time>2026-07-18T15:32:53Z</time>
      </trkpt>
      <trkpt lat="47.491856" lon="-120.836879">
        <ele>1701.0</ele>
        <time>2026-07-18T15:32:57Z</time>
      </trkpt>
      <trkpt lat="47.491822" lon="-120.836891">
        <ele>1700.0</ele>
        <time>2026-07-18T15:33:00Z</time>
      </trkpt>
      <trkpt lat="47.491788" lon="-120.836958">
        <ele>1702.0</ele>
        <time>2026-07-18T15:33:18Z</time>
      </trkpt>
      <trkpt lat="47.491734" lon="-120.836941">
        <ele>1703.0</ele>
        <time>2026-07-18T15:33:27Z</time>
      </trkpt>
      <trkpt lat="47.491672" lon="-120.837054">
        <ele>1704.0</ele>
        <time>2026-07-18T15:33:34Z</time>
      </trkpt>
      <trkpt lat="47.491637" lon="-120.837076">
        <ele>1702.0</ele>
        <time>2026-07-18T15:33:36Z</time>
      </trkpt>
      <trkpt lat="47.491561" lon="-120.837099">
        <ele>1700.0</ele>
        <time>2026-07-18T15:33:43Z</time>
      </trkpt>
      <trkpt lat="47.491494" lon="-120.837093">
        <ele>1703.0</ele>
        <time>2026-07-18T15:33:50Z</time>
      </trkpt>
      <trkpt lat="47.491445" lon="-120.837050">
        <ele>1700.0</ele>
        <time>2026-07-18T15:33:57Z</time>
      </trkpt>
      <trkpt lat="47.491432" lon="-120.837016">
        <ele>1701.0</ele>
        <time>2026-07-18T15:34:01Z</time>
      </trkpt>
      <trkpt lat="47.491403" lon="-120.837009">
        <ele>1702.0</ele>
        <time>2026-07-18T15:34:08Z</time>
      </trkpt>
      <trkpt lat="47.491371" lon="-120.837020">
        <ele>1701.0</ele>
        <time>2026-07-18T15:34:14Z</time>
      </trkpt>
      <trkpt lat="47.491302" lon="-120.837121">
        <ele>1699.0</ele>
        <time>2026-07-18T15:34:33Z</time>
      </trkpt>
      <trkpt lat="47.491259" lon="-120.837213">
        <ele>1700.0</ele>
        <time>2026-07-18T15:34:43Z</time>
      </trkpt>
      <trkpt lat="47.491227" lon="-120.837225">
        <ele>1700.0</ele>
        <time>2026-07-18T15:34:48Z</time>
      </trkpt>
      <trkpt lat="47.491153" lon="-120.837220">
        <ele>1701.0</ele>
        <time>2026-07-18T15:34:55Z</time>
      </trkpt>
      <trkpt lat="47.491081" lon="-120.837289">
        <ele>1701.3</ele>
        <time>2026-07-18T15:35:04Z</time>
      </trkpt>
      <trkpt lat="47.491024" lon="-120.837288">
        <ele>1699.0</ele>
        <time>2026-07-18T15:35:10Z</time>
      </trkpt>
      <trkpt lat="47.490997" lon="-120.837349">
        <ele>1700.0</ele>
        <time>2026-07-18T15:35:16Z</time>
      </trkpt>
      <trkpt lat="47.490910" lon="-120.837459">
        <ele>1701.0</ele>
        <time>2026-07-18T15:35:26Z</time>
      </trkpt>
      <trkpt lat="47.490793" lon="-120.837537">
        <ele>1700.0</ele>
        <time>2026-07-18T15:35:44Z</time>
      </trkpt>
      <trkpt lat="47.490753" lon="-120.837576">
        <ele>1702.0</ele>
        <time>2026-07-18T15:35:51Z</time>
      </trkpt>
      <trkpt lat="47.490669" lon="-120.837586">
        <ele>1700.0</ele>
        <time>2026-07-18T15:36:02Z</time>
      </trkpt>
      <trkpt lat="47.490594" lon="-120.837613">
        <ele>1703.0</ele>
        <time>2026-07-18T15:36:10Z</time>
      </trkpt>
      <trkpt lat="47.490528" lon="-120.837543">
        <ele>1704.0</ele>
        <time>2026-07-18T15:36:20Z</time>
      </trkpt>
      <trkpt lat="47.490380" lon="-120.837617">
        <ele>1704.0</ele>
        <time>2026-07-18T15:36:40Z</time>
      </trkpt>
      <trkpt lat="47.490256" lon="-120.837703">
        <ele>1706.0</ele>
        <time>2026-07-18T15:37:09Z</time>
      </trkpt>
      <trkpt lat="47.490151" lon="-120.837721">
        <ele>1705.0</ele>
        <time>2026-07-18T15:37:23Z</time>
      </trkpt>
      <trkpt lat="47.490122" lon="-120.837770">
        <ele>1706.0</ele>
        <time>2026-07-18T15:37:30Z</time>
      </trkpt>
      <trkpt lat="47.489984" lon="-120.837820">
        <ele>1709.0</ele>
        <time>2026-07-18T15:38:06Z</time>
      </trkpt>
      <trkpt lat="47.489921" lon="-120.837879">
        <ele>1713.0</ele>
        <time>2026-07-18T15:38:21Z</time>
      </trkpt>
      <trkpt lat="47.489894" lon="-120.837919">
        <ele>1710.0</ele>
        <time>2026-07-18T15:38:28Z</time>
      </trkpt>
      <trkpt lat="47.489799" lon="-120.837950">
        <ele>1708.0</ele>
        <time>2026-07-18T15:38:51Z</time>
      </trkpt>
      <trkpt lat="47.489759" lon="-120.837935">
        <ele>1715.0</ele>
        <time>2026-07-18T15:39:08Z</time>
      </trkpt>
      <trkpt lat="47.489719" lon="-120.837939">
        <ele>1714.0</ele>
        <time>2026-07-18T15:39:16Z</time>
      </trkpt>
      <trkpt lat="47.489690" lon="-120.837966">
        <ele>1711.0</ele>
        <time>2026-07-18T15:39:20Z</time>
      </trkpt>
      <trkpt lat="47.489657" lon="-120.837981">
        <ele>1709.0</ele>
        <time>2026-07-18T15:39:27Z</time>
      </trkpt>
      <trkpt lat="47.489596" lon="-120.837944">
        <ele>1708.0</ele>
        <time>2026-07-18T15:39:40Z</time>
      </trkpt>
      <trkpt lat="47.489554" lon="-120.837932">
        <ele>1703.0</ele>
        <time>2026-07-18T15:39:50Z</time>
      </trkpt>
      <trkpt lat="47.489524" lon="-120.837940">
        <ele>1705.0</ele>
        <time>2026-07-18T15:40:00Z</time>
      </trkpt>
      <trkpt lat="47.489515" lon="-120.837966">
        <ele>1707.0</ele>
        <time>2026-07-18T15:40:04Z</time>
      </trkpt>
      <trkpt lat="47.489473" lon="-120.837942">
        <ele>1706.0</ele>
        <time>2026-07-18T15:40:11Z</time>
      </trkpt>
      <trkpt lat="47.489440" lon="-120.838014">
        <ele>1702.0</ele>
        <time>2026-07-18T15:40:27Z</time>
      </trkpt>
      <trkpt lat="47.489400" lon="-120.838025">
        <ele>1700.0</ele>
        <time>2026-07-18T15:40:42Z</time>
      </trkpt>
      <trkpt lat="47.489363" lon="-120.837998">
        <ele>1706.0</ele>
        <time>2026-07-18T15:40:53Z</time>
      </trkpt>
      <trkpt lat="47.489322" lon="-120.838052">
        <ele>1701.0</ele>
        <time>2026-07-18T15:41:08Z</time>
      </trkpt>
      <trkpt lat="47.489274" lon="-120.838017">
        <ele>1699.0</ele>
        <time>2026-07-18T15:41:23Z</time>
      </trkpt>
      <trkpt lat="47.489273" lon="-120.837961">
        <ele>1701.0</ele>
        <time>2026-07-18T15:41:41Z</time>
      </trkpt>
      <trkpt lat="47.489256" lon="-120.837988">
        <ele>1697.0</ele>
        <time>2026-07-18T15:41:52Z</time>
      </trkpt>
      <trkpt lat="47.489220" lon="-120.837982">
        <ele>1701.0</ele>
        <time>2026-07-18T15:42:04Z</time>
      </trkpt>
      <trkpt lat="47.489177" lon="-120.838020">
        <ele>1702.0</ele>
        <time>2026-07-18T15:42:39Z</time>
      </trkpt>
      <trkpt lat="47.489141" lon="-120.837996">
        <ele>1700.0</ele>
        <time>2026-07-18T15:43:08Z</time>
      </trkpt>
      <trkpt lat="47.489100" lon="-120.838037">
        <ele>1696.0</ele>
        <time>2026-07-18T15:44:42Z</time>
      </trkpt>
      <trkpt lat="47.489051" lon="-120.837947">
        <ele>1700.0</ele>
        <time>2026-07-18T15:46:24Z</time>
      </trkpt>
      <trkpt lat="47.489050" lon="-120.837897">
        <ele>1700.0</ele>
        <time>2026-07-18T15:46:33Z</time>
      </trkpt>
      <trkpt lat="47.489035" lon="-120.837865">
        <ele>1695.0</ele>
        <time>2026-07-18T15:46:39Z</time>
      </trkpt>
      <trkpt lat="47.488989" lon="-120.837836">
        <ele>1696.0</ele>
        <time>2026-07-18T15:46:52Z</time>
      </trkpt>
      <trkpt lat="47.488933" lon="-120.837750">
        <ele>1700.0</ele>
        <time>2026-07-18T15:47:19Z</time>
      </trkpt>
      <trkpt lat="47.488904" lon="-120.837765">
        <ele>1696.0</ele>
        <time>2026-07-18T15:47:25Z</time>
      </trkpt>
      <trkpt lat="47.488867" lon="-120.837728">
        <ele>1696.0</ele>
        <time>2026-07-18T15:47:33Z</time>
      </trkpt>
      <trkpt lat="47.488840" lon="-120.837666">
        <ele>1698.0</ele>
        <time>2026-07-18T15:48:15Z</time>
      </trkpt>
      <trkpt lat="47.488815" lon="-120.837645">
        <ele>1694.0</ele>
        <time>2026-07-18T15:48:34Z</time>
      </trkpt>
      <trkpt lat="47.488808" lon="-120.837606">
        <ele>1692.0</ele>
        <time>2026-07-18T15:48:43Z</time>
      </trkpt>
      <trkpt lat="47.488781" lon="-120.837584">
        <ele>1696.0</ele>
        <time>2026-07-18T15:48:53Z</time>
      </trkpt>
      <trkpt lat="47.488765" lon="-120.837555">
        <ele>1700.0</ele>
        <time>2026-07-18T15:48:59Z</time>
      </trkpt>
      <trkpt lat="47.488723" lon="-120.837525">
        <ele>1701.0</ele>
        <time>2026-07-18T15:49:05Z</time>
      </trkpt>
      <trkpt lat="47.488682" lon="-120.837404">
        <ele>1700.0</ele>
        <time>2026-07-18T15:49:33Z</time>
      </trkpt>
      <trkpt lat="47.488710" lon="-120.837346">
        <ele>1704.0</ele>
        <time>2026-07-18T15:49:57Z</time>
      </trkpt>
      <trkpt lat="47.488697" lon="-120.837373">
        <ele>1700.0</ele>
        <time>2026-07-18T15:50:06Z</time>
      </trkpt>
      <trkpt lat="47.488705" lon="-120.837326">
        <ele>1700.0</ele>
        <time>2026-07-18T15:50:21Z</time>
      </trkpt>
      <trkpt lat="47.488678" lon="-120.837203">
        <ele>1703.0</ele>
        <time>2026-07-18T15:50:46Z</time>
      </trkpt>
      <trkpt lat="47.488650" lon="-120.837125">
        <ele>1694.0</ele>
        <time>2026-07-18T15:51:01Z</time>
      </trkpt>
      <trkpt lat="47.488589" lon="-120.837081">
        <ele>1701.0</ele>
        <time>2026-07-18T15:51:18Z</time>
      </trkpt>
      <trkpt lat="47.488535" lon="-120.837018">
        <ele>1702.0</ele>
        <time>2026-07-18T15:51:25Z</time>
      </trkpt>
      <trkpt lat="47.488460" lon="-120.836988">
        <ele>1702.0</ele>
        <time>2026-07-18T15:51:40Z</time>
      </trkpt>
      <trkpt lat="47.488403" lon="-120.836919">
        <ele>1704.0</ele>
        <time>2026-07-18T15:52:01Z</time>
      </trkpt>
      <trkpt lat="47.488384" lon="-120.836841">
        <ele>1703.0</ele>
        <time>2026-07-18T15:52:09Z</time>
      </trkpt>
      <trkpt lat="47.488360" lon="-120.836819">
        <ele>1704.0</ele>
        <time>2026-07-18T15:52:13Z</time>
      </trkpt>
      <trkpt lat="47.488366" lon="-120.836711">
        <ele>1704.0</ele>
        <time>2026-07-18T15:52:23Z</time>
      </trkpt>
      <trkpt lat="47.488353" lon="-120.836681">
        <ele>1704.0</ele>
        <time>2026-07-18T15:52:26Z</time>
      </trkpt>
      <trkpt lat="47.488350" lon="-120.836621">
        <ele>1702.0</ele>
        <time>2026-07-18T15:52:34Z</time>
      </trkpt>
      <trkpt lat="47.488359" lon="-120.836579">
        <ele>1701.0</ele>
        <time>2026-07-18T15:52:40Z</time>
      </trkpt>
      <trkpt lat="47.488337" lon="-120.836523">
        <ele>1701.0</ele>
        <time>2026-07-18T15:52:53Z</time>
      </trkpt>
      <trkpt lat="47.488324" lon="-120.836398">
        <ele>1700.0</ele>
        <time>2026-07-18T15:53:15Z</time>
      </trkpt>
      <trkpt lat="47.488351" lon="-120.836321">
        <ele>1700.0</ele>
        <time>2026-07-18T15:53:33Z</time>
      </trkpt>
      <trkpt lat="47.488328" lon="-120.836251">
        <ele>1696.0</ele>
        <time>2026-07-18T15:53:42Z</time>
      </trkpt>
      <trkpt lat="47.488335" lon="-120.836216">
        <ele>1695.0</ele>
        <time>2026-07-18T15:53:48Z</time>
      </trkpt>
      <trkpt lat="47.488281" lon="-120.836046">
        <ele>1698.0</ele>
        <time>2026-07-18T15:54:05Z</time>
      </trkpt>
      <trkpt lat="47.488282" lon="-120.835993">
        <ele>1700.0</ele>
        <time>2026-07-18T15:54:11Z</time>
      </trkpt>
      <trkpt lat="47.488261" lon="-120.835920">
        <ele>1698.0</ele>
        <time>2026-07-18T15:54:17Z</time>
      </trkpt>
      <trkpt lat="47.488218" lon="-120.835839">
        <ele>1698.0</ele>
        <time>2026-07-18T15:54:21Z</time>
      </trkpt>
      <trkpt lat="47.488183" lon="-120.835820">
        <ele>1700.0</ele>
        <time>2026-07-18T15:54:23Z</time>
      </trkpt>
      <trkpt lat="47.488171" lon="-120.835759">
        <ele>1698.0</ele>
        <time>2026-07-18T15:54:30Z</time>
      </trkpt>
      <trkpt lat="47.488193" lon="-120.835719">
        <ele>1700.0</ele>
        <time>2026-07-18T15:54:40Z</time>
      </trkpt>
      <trkpt lat="47.488099" lon="-120.835509">
        <ele>1696.0</ele>
        <time>2026-07-18T15:55:07Z</time>
      </trkpt>
      <trkpt lat="47.488065" lon="-120.835509">
        <ele>1693.0</ele>
        <time>2026-07-18T15:55:11Z</time>
      </trkpt>
      <trkpt lat="47.488030" lon="-120.835487">
        <ele>1692.0</ele>
        <time>2026-07-18T15:55:15Z</time>
      </trkpt>
      <trkpt lat="47.487954" lon="-120.835413">
        <ele>1697.0</ele>
        <time>2026-07-18T15:55:44Z</time>
      </trkpt>
      <trkpt lat="47.487912" lon="-120.835417">
        <ele>1699.0</ele>
        <time>2026-07-18T15:55:53Z</time>
      </trkpt>
      <trkpt lat="47.487889" lon="-120.835339">
        <ele>1698.0</ele>
        <time>2026-07-18T15:56:13Z</time>
      </trkpt>
      <trkpt lat="47.487855" lon="-120.835292">
        <ele>1702.0</ele>
        <time>2026-07-18T15:56:23Z</time>
      </trkpt>
      <trkpt lat="47.487796" lon="-120.835238">
        <ele>1701.0</ele>
        <time>2026-07-18T15:56:31Z</time>
      </trkpt>
      <trkpt lat="47.487749" lon="-120.835151">
        <ele>1702.0</ele>
        <time>2026-07-18T15:56:42Z</time>
      </trkpt>
      <trkpt lat="47.487759" lon="-120.835090">
        <ele>1700.0</ele>
        <time>2026-07-18T15:56:47Z</time>
      </trkpt>
      <trkpt lat="47.487722" lon="-120.834990">
        <ele>1694.0</ele>
        <time>2026-07-18T15:57:00Z</time>
      </trkpt>
      <trkpt lat="47.487748" lon="-120.834922">
        <ele>1696.0</ele>
        <time>2026-07-18T15:57:22Z</time>
      </trkpt>
      <trkpt lat="47.487746" lon="-120.834889">
        <ele>1698.0</ele>
        <time>2026-07-18T15:57:27Z</time>
      </trkpt>
      <trkpt lat="47.487767" lon="-120.834828">
        <ele>1699.1</ele>
        <time>2026-07-18T15:57:31Z</time>
      </trkpt>
      <trkpt lat="47.487753" lon="-120.834776">
        <ele>1698.0</ele>
        <time>2026-07-18T15:57:36Z</time>
      </trkpt>
      <trkpt lat="47.487770" lon="-120.834673">
        <ele>1698.0</ele>
        <time>2026-07-18T15:57:46Z</time>
      </trkpt>
      <trkpt lat="47.487762" lon="-120.834640">
        <ele>1698.0</ele>
        <time>2026-07-18T15:57:50Z</time>
      </trkpt>
      <trkpt lat="47.487884" lon="-120.834528">
        <ele>1695.0</ele>
        <time>2026-07-18T15:58:15Z</time>
      </trkpt>
      <trkpt lat="47.487886" lon="-120.834328">
        <ele>1694.0</ele>
        <time>2026-07-18T15:58:28Z</time>
      </trkpt>
      <trkpt lat="47.487871" lon="-120.834289">
        <ele>1691.0</ele>
        <time>2026-07-18T15:58:32Z</time>
      </trkpt>
      <trkpt lat="47.487864" lon="-120.834203">
        <ele>1696.0</ele>
        <time>2026-07-18T15:58:39Z</time>
      </trkpt>
      <trkpt lat="47.487833" lon="-120.834192">
        <ele>1692.0</ele>
        <time>2026-07-18T15:58:44Z</time>
      </trkpt>
      <trkpt lat="47.487772" lon="-120.834141">
        <ele>1695.0</ele>
        <time>2026-07-18T15:58:53Z</time>
      </trkpt>
      <trkpt lat="47.487759" lon="-120.834109">
        <ele>1697.0</ele>
        <time>2026-07-18T15:58:57Z</time>
      </trkpt>
      <trkpt lat="47.487763" lon="-120.834037">
        <ele>1696.0</ele>
        <time>2026-07-18T15:59:02Z</time>
      </trkpt>
      <trkpt lat="47.487741" lon="-120.833984">
        <ele>1697.0</ele>
        <time>2026-07-18T15:59:07Z</time>
      </trkpt>
      <trkpt lat="47.487710" lon="-120.833972">
        <ele>1698.9</ele>
        <time>2026-07-18T15:59:11Z</time>
      </trkpt>
      <trkpt lat="47.487701" lon="-120.833937">
        <ele>1698.0</ele>
        <time>2026-07-18T15:59:13Z</time>
      </trkpt>
      <trkpt lat="47.487705" lon="-120.833852">
        <ele>1696.0</ele>
        <time>2026-07-18T15:59:19Z</time>
      </trkpt>
      <trkpt lat="47.487655" lon="-120.833826">
        <ele>1698.0</ele>
        <time>2026-07-18T15:59:30Z</time>
      </trkpt>
      <trkpt lat="47.487625" lon="-120.833775">
        <ele>1698.0</ele>
        <time>2026-07-18T15:59:40Z</time>
      </trkpt>
      <trkpt lat="47.487628" lon="-120.833547">
        <ele>1704.0</ele>
        <time>2026-07-18T15:59:57Z</time>
      </trkpt>
      <trkpt lat="47.487613" lon="-120.833428">
        <ele>1704.0</ele>
        <time>2026-07-18T16:00:13Z</time>
      </trkpt>
      <trkpt lat="47.487552" lon="-120.833317">
        <ele>1702.0</ele>
        <time>2026-07-18T16:00:27Z</time>
      </trkpt>
      <trkpt lat="47.487535" lon="-120.833249">
        <ele>1703.0</ele>
        <time>2026-07-18T16:00:38Z</time>
      </trkpt>
      <trkpt lat="47.487545" lon="-120.833215">
        <ele>1704.0</ele>
        <time>2026-07-18T16:00:41Z</time>
      </trkpt>
      <trkpt lat="47.487520" lon="-120.833166">
        <ele>1704.0</ele>
        <time>2026-07-18T16:00:47Z</time>
      </trkpt>
      <trkpt lat="47.487434" lon="-120.833169">
        <ele>1704.0</ele>
        <time>2026-07-18T16:00:59Z</time>
      </trkpt>
      <trkpt lat="47.487398" lon="-120.833149">
        <ele>1704.0</ele>
        <time>2026-07-18T16:01:04Z</time>
      </trkpt>
      <trkpt lat="47.487391" lon="-120.833065">
        <ele>1707.0</ele>
        <time>2026-07-18T16:01:12Z</time>
      </trkpt>
      <trkpt lat="47.487406" lon="-120.833001">
        <ele>1708.0</ele>
        <time>2026-07-18T16:01:18Z</time>
      </trkpt>
      <trkpt lat="47.487387" lon="-120.832939">
        <ele>1710.0</ele>
        <time>2026-07-18T16:01:28Z</time>
      </trkpt>
      <trkpt lat="47.487385" lon="-120.832878">
        <ele>1711.0</ele>
        <time>2026-07-18T16:01:38Z</time>
      </trkpt>
      <trkpt lat="47.487401" lon="-120.832831">
        <ele>1710.0</ele>
        <time>2026-07-18T16:01:44Z</time>
      </trkpt>
      <trkpt lat="47.487431" lon="-120.832814">
        <ele>1708.0</ele>
        <time>2026-07-18T16:01:50Z</time>
      </trkpt>
      <trkpt lat="47.487462" lon="-120.832817">
        <ele>1710.0</ele>
        <time>2026-07-18T16:01:55Z</time>
      </trkpt>
      <trkpt lat="47.487491" lon="-120.832802">
        <ele>1710.0</ele>
        <time>2026-07-18T16:02:00Z</time>
      </trkpt>
      <trkpt lat="47.487474" lon="-120.832656">
        <ele>1712.0</ele>
        <time>2026-07-18T16:02:25Z</time>
      </trkpt>
      <trkpt lat="47.487472" lon="-120.832530">
        <ele>1712.0</ele>
        <time>2026-07-18T16:02:53Z</time>
      </trkpt>
      <trkpt lat="47.487511" lon="-120.832407">
        <ele>1716.0</ele>
        <time>2026-07-18T16:03:12Z</time>
      </trkpt>
      <trkpt lat="47.487502" lon="-120.832359">
        <ele>1718.0</ele>
        <time>2026-07-18T16:03:18Z</time>
      </trkpt>
      <trkpt lat="47.487514" lon="-120.832284">
        <ele>1716.0</ele>
        <time>2026-07-18T16:03:29Z</time>
      </trkpt>
      <trkpt lat="47.487494" lon="-120.832215">
        <ele>1718.0</ele>
        <time>2026-07-18T16:03:43Z</time>
      </trkpt>
      <trkpt lat="47.487494" lon="-120.832140">
        <ele>1720.0</ele>
        <time>2026-07-18T16:03:52Z</time>
      </trkpt>
      <trkpt lat="47.487517" lon="-120.832055">
        <ele>1725.0</ele>
        <time>2026-07-18T16:04:09Z</time>
      </trkpt>
      <trkpt lat="47.487512" lon="-120.831972">
        <ele>1725.0</ele>
        <time>2026-07-18T16:04:21Z</time>
      </trkpt>
      <trkpt lat="47.487486" lon="-120.831910">
        <ele>1717.0</ele>
        <time>2026-07-18T16:04:41Z</time>
      </trkpt>
      <trkpt lat="47.487484" lon="-120.831828">
        <ele>1731.0</ele>
        <time>2026-07-18T16:04:59Z</time>
      </trkpt>
      <trkpt lat="47.487498" lon="-120.831757">
        <ele>1734.0</ele>
        <time>2026-07-18T16:05:15Z</time>
      </trkpt>
      <trkpt lat="47.487438" lon="-120.831669">
        <ele>1737.0</ele>
        <time>2026-07-18T16:05:32Z</time>
      </trkpt>
      <trkpt lat="47.487410" lon="-120.831656">
        <ele>1737.0</ele>
        <time>2026-07-18T16:05:39Z</time>
      </trkpt>
      <trkpt lat="47.487400" lon="-120.831612">
        <ele>1742.0</ele>
        <time>2026-07-18T16:05:54Z</time>
      </trkpt>
      <trkpt lat="47.487365" lon="-120.831603">
        <ele>1743.3</ele>
        <time>2026-07-18T16:06:00Z</time>
      </trkpt>
      <trkpt lat="47.487370" lon="-120.831469">
        <ele>1743.0</ele>
        <time>2026-07-18T16:06:32Z</time>
      </trkpt>
      <trkpt lat="47.487338" lon="-120.831431">
        <ele>1748.0</ele>
        <time>2026-07-18T16:06:46Z</time>
      </trkpt>
      <trkpt lat="47.487327" lon="-120.831374">
        <ele>1749.0</ele>
        <time>2026-07-18T16:07:00Z</time>
      </trkpt>
      <trkpt lat="47.487278" lon="-120.831288">
        <ele>1752.0</ele>
        <time>2026-07-18T16:07:24Z</time>
      </trkpt>
      <trkpt lat="47.487274" lon="-120.831232">
        <ele>1756.0</ele>
        <time>2026-07-18T16:07:38Z</time>
      </trkpt>
      <trkpt lat="47.487308" lon="-120.831205">
        <ele>1755.0</ele>
        <time>2026-07-18T16:07:51Z</time>
      </trkpt>
      <trkpt lat="47.487312" lon="-120.831156">
        <ele>1758.0</ele>
        <time>2026-07-18T16:08:05Z</time>
      </trkpt>
      <trkpt lat="47.487259" lon="-120.831074">
        <ele>1761.0</ele>
        <time>2026-07-18T16:08:29Z</time>
      </trkpt>
      <trkpt lat="47.487245" lon="-120.831085">
        <ele>1761.0</ele>
        <time>2026-07-18T16:08:37Z</time>
      </trkpt>
      <trkpt lat="47.487253" lon="-120.831046">
        <ele>1761.0</ele>
        <time>2026-07-18T16:08:47Z</time>
      </trkpt>
      <trkpt lat="47.487234" lon="-120.830974">
        <ele>1764.0</ele>
        <time>2026-07-18T16:09:01Z</time>
      </trkpt>
      <trkpt lat="47.487233" lon="-120.830885">
        <ele>1765.0</ele>
        <time>2026-07-18T16:09:23Z</time>
      </trkpt>
      <trkpt lat="47.487247" lon="-120.830852">
        <ele>1768.0</ele>
        <time>2026-07-18T16:09:28Z</time>
      </trkpt>
      <trkpt lat="47.487254" lon="-120.830744">
        <ele>1768.0</ele>
        <time>2026-07-18T16:09:50Z</time>
      </trkpt>
      <trkpt lat="47.487179" lon="-120.830565">
        <ele>1776.0</ele>
        <time>2026-07-18T16:10:47Z</time>
      </trkpt>
      <trkpt lat="47.487203" lon="-120.830491">
        <ele>1781.0</ele>
        <time>2026-07-18T16:11:05Z</time>
      </trkpt>
      <trkpt lat="47.487177" lon="-120.830358">
        <ele>1784.0</ele>
        <time>2026-07-18T16:11:47Z</time>
      </trkpt>
      <trkpt lat="47.487194" lon="-120.830321">
        <ele>1785.0</ele>
        <time>2026-07-18T16:11:52Z</time>
      </trkpt>
      <trkpt lat="47.487190" lon="-120.830174">
        <ele>1788.0</ele>
        <time>2026-07-18T16:12:23Z</time>
      </trkpt>
      <trkpt lat="47.487133" lon="-120.830067">
        <ele>1790.0</ele>
        <time>2026-07-18T16:12:53Z</time>
      </trkpt>
      <trkpt lat="47.487098" lon="-120.830060">
        <ele>1790.0</ele>
        <time>2026-07-18T16:13:11Z</time>
      </trkpt>
      <trkpt lat="47.487126" lon="-120.829987">
        <ele>1795.0</ele>
        <time>2026-07-18T16:13:28Z</time>
      </trkpt>
      <trkpt lat="47.487129" lon="-120.829920">
        <ele>1798.0</ele>
        <time>2026-07-18T16:13:41Z</time>
      </trkpt>
      <trkpt lat="47.487117" lon="-120.829787">
        <ele>1800.0</ele>
        <time>2026-07-18T16:14:01Z</time>
      </trkpt>
      <trkpt lat="47.487074" lon="-120.829673">
        <ele>1802.0</ele>
        <time>2026-07-18T16:14:32Z</time>
      </trkpt>
      <trkpt lat="47.487030" lon="-120.829676">
        <ele>1800.0</ele>
        <time>2026-07-18T16:14:49Z</time>
      </trkpt>
      <trkpt lat="47.487009" lon="-120.829635">
        <ele>1800.0</ele>
        <time>2026-07-18T16:15:03Z</time>
      </trkpt>
      <trkpt lat="47.486943" lon="-120.829593">
        <ele>1810.8</ele>
        <time>2026-07-18T16:15:30Z</time>
      </trkpt>
      <trkpt lat="47.486952" lon="-120.829465">
        <ele>1814.0</ele>
        <time>2026-07-18T16:16:15Z</time>
      </trkpt>
      <trkpt lat="47.486931" lon="-120.829385">
        <ele>1809.0</ele>
        <time>2026-07-18T16:16:34Z</time>
      </trkpt>
      <trkpt lat="47.486925" lon="-120.829263">
        <ele>1818.0</ele>
        <time>2026-07-18T16:17:08Z</time>
      </trkpt>
      <trkpt lat="47.486940" lon="-120.829154">
        <ele>1820.0</ele>
        <time>2026-07-18T16:17:36Z</time>
      </trkpt>
      <trkpt lat="47.486901" lon="-120.828992">
        <ele>1824.0</ele>
        <time>2026-07-18T16:18:35Z</time>
      </trkpt>
      <trkpt lat="47.486894" lon="-120.828904">
        <ele>1828.0</ele>
        <time>2026-07-18T16:18:57Z</time>
      </trkpt>
      <trkpt lat="47.486906" lon="-120.828830">
        <ele>1827.0</ele>
        <time>2026-07-18T16:19:16Z</time>
      </trkpt>
      <trkpt lat="47.486899" lon="-120.828771">
        <ele>1824.0</ele>
        <time>2026-07-18T16:19:52Z</time>
      </trkpt>
      <trkpt lat="47.486861" lon="-120.828780">
        <ele>1829.0</ele>
        <time>2026-07-18T16:20:14Z</time>
      </trkpt>
      <trkpt lat="47.486766" lon="-120.828759">
        <ele>1836.0</ele>
        <time>2026-07-18T16:20:54Z</time>
      </trkpt>
      <trkpt lat="47.486767" lon="-120.828701">
        <ele>1837.0</ele>
        <time>2026-07-18T16:21:06Z</time>
      </trkpt>
      <trkpt lat="47.486749" lon="-120.828675">
        <ele>1835.0</ele>
        <time>2026-07-18T16:21:13Z</time>
      </trkpt>
      <trkpt lat="47.486742" lon="-120.828621">
        <ele>1842.0</ele>
        <time>2026-07-18T16:21:31Z</time>
      </trkpt>
      <trkpt lat="47.486721" lon="-120.828622">
        <ele>1842.0</ele>
        <time>2026-07-18T16:21:38Z</time>
      </trkpt>
      <trkpt lat="47.486701" lon="-120.828588">
        <ele>1840.0</ele>
        <time>2026-07-18T16:21:49Z</time>
      </trkpt>
      <trkpt lat="47.486637" lon="-120.828598">
        <ele>1845.0</ele>
        <time>2026-07-18T16:22:45Z</time>
      </trkpt>
      <trkpt lat="47.486617" lon="-120.828461">
        <ele>1848.0</ele>
        <time>2026-07-18T16:24:12Z</time>
      </trkpt>
      <trkpt lat="47.486572" lon="-120.828454">
        <ele>1854.0</ele>
        <time>2026-07-18T16:24:27Z</time>
      </trkpt>
      <trkpt lat="47.486575" lon="-120.828376">
        <ele>1849.0</ele>
        <time>2026-07-18T16:24:49Z</time>
      </trkpt>
      <trkpt lat="47.486525" lon="-120.828324">
        <ele>1859.0</ele>
        <time>2026-07-18T16:25:20Z</time>
      </trkpt>
      <trkpt lat="47.486528" lon="-120.828264">
        <ele>1862.0</ele>
        <time>2026-07-18T16:26:22Z</time>
      </trkpt>
      <trkpt lat="47.486506" lon="-120.828183">
        <ele>1860.0</ele>
        <time>2026-07-18T16:26:46Z</time>
      </trkpt>
      <trkpt lat="47.486527" lon="-120.828153">
        <ele>1868.0</ele>
        <time>2026-07-18T16:26:56Z</time>
      </trkpt>
      <trkpt lat="47.486474" lon="-120.828080">
        <ele>1866.0</ele>
        <time>2026-07-18T16:27:12Z</time>
      </trkpt>
      <trkpt lat="47.486498" lon="-120.828011">
        <ele>1869.0</ele>
        <time>2026-07-18T16:27:30Z</time>
      </trkpt>
      <trkpt lat="47.486458" lon="-120.827993">
        <ele>1869.0</ele>
        <time>2026-07-18T16:27:46Z</time>
      </trkpt>
      <trkpt lat="47.486471" lon="-120.827932">
        <ele>1873.0</ele>
        <time>2026-07-18T16:27:59Z</time>
      </trkpt>
      <trkpt lat="47.486493" lon="-120.827882">
        <ele>1870.0</ele>
        <time>2026-07-18T16:28:12Z</time>
      </trkpt>
      <trkpt lat="47.486489" lon="-120.827845">
        <ele>1875.0</ele>
        <time>2026-07-18T16:28:26Z</time>
      </trkpt>
      <trkpt lat="47.486521" lon="-120.827825">
        <ele>1876.0</ele>
        <time>2026-07-18T16:28:39Z</time>
      </trkpt>
      <trkpt lat="47.486516" lon="-120.827782">
        <ele>1879.0</ele>
        <time>2026-07-18T16:28:52Z</time>
      </trkpt>
      <trkpt lat="47.486492" lon="-120.827732">
        <ele>1871.0</ele>
        <time>2026-07-18T16:29:29Z</time>
      </trkpt>
      <trkpt lat="47.486403" lon="-120.827723">
        <ele>1880.0</ele>
        <time>2026-07-18T16:29:53Z</time>
      </trkpt>
      <trkpt lat="47.486377" lon="-120.827698">
        <ele>1883.0</ele>
        <time>2026-07-18T16:30:05Z</time>
      </trkpt>
      <trkpt lat="47.486297" lon="-120.827681">
        <ele>1888.0</ele>
        <time>2026-07-18T16:30:47Z</time>
      </trkpt>
      <trkpt lat="47.486286" lon="-120.827656">
        <ele>1885.0</ele>
        <time>2026-07-18T16:31:10Z</time>
      </trkpt>
      <trkpt lat="47.486272" lon="-120.827552">
        <ele>1889.0</ele>
        <time>2026-07-18T16:31:43Z</time>
      </trkpt>
      <trkpt lat="47.486250" lon="-120.827551">
        <ele>1892.0</ele>
        <time>2026-07-18T16:31:53Z</time>
      </trkpt>
      <trkpt lat="47.486210" lon="-120.827471">
        <ele>1892.0</ele>
        <time>2026-07-18T16:32:30Z</time>
      </trkpt>
      <trkpt lat="47.486229" lon="-120.827427">
        <ele>1900.0</ele>
        <time>2026-07-18T16:32:42Z</time>
      </trkpt>
      <trkpt lat="47.486198" lon="-120.827427">
        <ele>1900.0</ele>
        <time>2026-07-18T16:32:50Z</time>
      </trkpt>
      <trkpt lat="47.486193" lon="-120.827359">
        <ele>1899.0</ele>
        <time>2026-07-18T16:33:11Z</time>
      </trkpt>
      <trkpt lat="47.486168" lon="-120.827337">
        <ele>1900.0</ele>
        <time>2026-07-18T16:33:25Z</time>
      </trkpt>
      <trkpt lat="47.486176" lon="-120.827315">
        <ele>1908.0</ele>
        <time>2026-07-18T16:33:33Z</time>
      </trkpt>
      <trkpt lat="47.486154" lon="-120.827260">
        <ele>1904.0</ele>
        <time>2026-07-18T16:34:01Z</time>
      </trkpt>
      <trkpt lat="47.486175" lon="-120.827176">
        <ele>1914.0</ele>
        <time>2026-07-18T16:34:36Z</time>
      </trkpt>
      <trkpt lat="47.486192" lon="-120.827147">
        <ele>1915.0</ele>
        <time>2026-07-18T16:34:42Z</time>
      </trkpt>
      <trkpt lat="47.486154" lon="-120.827050">
        <ele>1918.0</ele>
        <time>2026-07-18T16:35:17Z</time>
      </trkpt>
      <trkpt lat="47.486167" lon="-120.827029">
        <ele>1920.0</ele>
        <time>2026-07-18T16:35:24Z</time>
      </trkpt>
      <trkpt lat="47.486183" lon="-120.826941">
        <ele>1920.0</ele>
        <time>2026-07-18T16:35:47Z</time>
      </trkpt>
      <trkpt lat="47.486213" lon="-120.826921">
        <ele>1920.0</ele>
        <time>2026-07-18T16:35:54Z</time>
      </trkpt>
      <trkpt lat="47.486227" lon="-120.826867">
        <ele>1926.0</ele>
        <time>2026-07-18T16:36:08Z</time>
      </trkpt>
      <trkpt lat="47.486254" lon="-120.826845">
        <ele>1920.0</ele>
        <time>2026-07-18T16:36:17Z</time>
      </trkpt>
      <trkpt lat="47.486312" lon="-120.826768">
        <ele>1929.0</ele>
        <time>2026-07-18T16:36:54Z</time>
      </trkpt>
      <trkpt lat="47.486242" lon="-120.826740">
        <ele>1929.0</ele>
        <time>2026-07-18T16:37:03Z</time>
      </trkpt>
      <trkpt lat="47.486279" lon="-120.826648">
        <ele>1928.0</ele>
        <time>2026-07-18T16:37:27Z</time>
      </trkpt>
      <trkpt lat="47.486265" lon="-120.826596">
        <ele>1936.0</ele>
        <time>2026-07-18T16:38:08Z</time>
      </trkpt>
      <trkpt lat="47.486211" lon="-120.826535">
        <ele>1943.5</ele>
        <time>2026-07-18T16:38:57Z</time>
      </trkpt>
      <trkpt lat="47.486216" lon="-120.826522">
        <ele>1942.0</ele>
        <time>2026-07-18T16:40:11Z</time>
      </trkpt>
      <trkpt lat="47.486200" lon="-120.826495">
        <ele>1941.0</ele>
        <time>2026-07-18T16:40:31Z</time>
      </trkpt>
      <trkpt lat="47.486200" lon="-120.826458">
        <ele>1943.0</ele>
        <time>2026-07-18T16:40:42Z</time>
      </trkpt>
      <trkpt lat="47.486163" lon="-120.826391">
        <ele>1939.0</ele>
        <time>2026-07-18T16:41:06Z</time>
      </trkpt>
      <trkpt lat="47.486181" lon="-120.826366">
        <ele>1946.0</ele>
        <time>2026-07-18T16:41:13Z</time>
      </trkpt>
      <trkpt lat="47.486307" lon="-120.826295">
        <ele>1953.0</ele>
        <time>2026-07-18T16:41:45Z</time>
      </trkpt>
      <trkpt lat="47.486367" lon="-120.826105">
        <ele>1959.0</ele>
        <time>2026-07-18T16:42:40Z</time>
      </trkpt>
      <trkpt lat="47.486364" lon="-120.826062">
        <ele>1952.0</ele>
        <time>2026-07-18T16:43:14Z</time>
      </trkpt>
      <trkpt lat="47.486336" lon="-120.825963">
        <ele>1965.1</ele>
        <time>2026-07-18T16:45:00Z</time>
      </trkpt>
      <trkpt lat="47.486303" lon="-120.825892">
        <ele>1964.0</ele>
        <time>2026-07-18T16:45:16Z</time>
      </trkpt>
      <trkpt lat="47.486256" lon="-120.825866">
        <ele>1964.0</ele>
        <time>2026-07-18T16:45:31Z</time>
      </trkpt>
      <trkpt lat="47.486234" lon="-120.825822">
        <ele>1971.0</ele>
        <time>2026-07-18T16:45:51Z</time>
      </trkpt>
      <trkpt lat="47.486244" lon="-120.825786">
        <ele>1967.0</ele>
        <time>2026-07-18T16:45:59Z</time>
      </trkpt>
      <trkpt lat="47.486244" lon="-120.825666">
        <ele>1976.0</ele>
        <time>2026-07-18T16:46:29Z</time>
      </trkpt>
      <trkpt lat="47.486205" lon="-120.825675">
        <ele>1978.0</ele>
        <time>2026-07-18T16:46:37Z</time>
      </trkpt>
      <trkpt lat="47.486172" lon="-120.825667">
        <ele>1978.0</ele>
        <time>2026-07-18T16:46:41Z</time>
      </trkpt>
      <trkpt lat="47.486126" lon="-120.825683">
        <ele>1979.0</ele>
        <time>2026-07-18T16:46:48Z</time>
      </trkpt>
      <trkpt lat="47.486089" lon="-120.825665">
        <ele>1980.0</ele>
        <time>2026-07-18T16:46:56Z</time>
      </trkpt>
      <trkpt lat="47.486065" lon="-120.825640">
        <ele>1978.0</ele>
        <time>2026-07-18T16:47:05Z</time>
      </trkpt>
      <trkpt lat="47.485981" lon="-120.825630">
        <ele>1986.0</ele>
        <time>2026-07-18T16:47:31Z</time>
      </trkpt>
      <trkpt lat="47.485941" lon="-120.825569">
        <ele>1988.0</ele>
        <time>2026-07-18T16:47:50Z</time>
      </trkpt>
      <trkpt lat="47.485946" lon="-120.825535">
        <ele>1992.0</ele>
        <time>2026-07-18T16:48:01Z</time>
      </trkpt>
      <trkpt lat="47.485993" lon="-120.825485">
        <ele>1994.0</ele>
        <time>2026-07-18T16:48:33Z</time>
      </trkpt>
      <trkpt lat="47.485981" lon="-120.825438">
        <ele>1992.0</ele>
        <time>2026-07-18T16:48:43Z</time>
      </trkpt>
      <trkpt lat="47.485985" lon="-120.825364">
        <ele>1990.0</ele>
        <time>2026-07-18T16:49:02Z</time>
      </trkpt>
      <trkpt lat="47.485896" lon="-120.825338">
        <ele>2000.0</ele>
        <time>2026-07-18T16:49:47Z</time>
      </trkpt>
      <trkpt lat="47.485898" lon="-120.825250">
        <ele>2006.0</ele>
        <time>2026-07-18T16:50:13Z</time>
      </trkpt>
      <trkpt lat="47.485926" lon="-120.825196">
        <ele>2005.0</ele>
        <time>2026-07-18T16:50:28Z</time>
      </trkpt>
      <trkpt lat="47.485903" lon="-120.825127">
        <ele>2012.0</ele>
        <time>2026-07-18T16:50:59Z</time>
      </trkpt>
      <trkpt lat="47.485858" lon="-120.825164">
        <ele>2013.0</ele>
        <time>2026-07-18T16:51:16Z</time>
      </trkpt>
      <trkpt lat="47.485817" lon="-120.825143">
        <ele>2012.0</ele>
        <time>2026-07-18T16:51:29Z</time>
      </trkpt>
      <trkpt lat="47.485751" lon="-120.825154">
        <ele>2019.0</ele>
        <time>2026-07-18T16:51:54Z</time>
      </trkpt>
      <trkpt lat="47.485736" lon="-120.825129">
        <ele>2016.0</ele>
        <time>2026-07-18T16:52:08Z</time>
      </trkpt>
      <trkpt lat="47.485697" lon="-120.825166">
        <ele>2022.0</ele>
        <time>2026-07-18T16:52:23Z</time>
      </trkpt>
      <trkpt lat="47.485682" lon="-120.825074">
        <ele>2022.0</ele>
        <time>2026-07-18T16:52:51Z</time>
      </trkpt>
      <trkpt lat="47.485708" lon="-120.824932">
        <ele>2031.0</ele>
        <time>2026-07-18T16:53:53Z</time>
      </trkpt>
      <trkpt lat="47.485652" lon="-120.824918">
        <ele>2034.0</ele>
        <time>2026-07-18T16:54:17Z</time>
      </trkpt>
      <trkpt lat="47.485651" lon="-120.824838">
        <ele>2035.0</ele>
        <time>2026-07-18T16:54:45Z</time>
      </trkpt>
      <trkpt lat="47.485550" lon="-120.824768">
        <ele>2042.0</ele>
        <time>2026-07-18T16:55:34Z</time>
      </trkpt>
      <trkpt lat="47.485564" lon="-120.824728">
        <ele>2040.0</ele>
        <time>2026-07-18T16:55:46Z</time>
      </trkpt>
      <trkpt lat="47.485547" lon="-120.824680">
        <ele>2045.7</ele>
        <time>2026-07-18T16:55:51Z</time>
      </trkpt>
      <trkpt lat="47.485532" lon="-120.824750">
        <ele>2048.0</ele>
        <time>2026-07-18T16:56:43Z</time>
      </trkpt>
      <trkpt lat="47.485566" lon="-120.824745">
        <ele>2046.0</ele>
        <time>2026-07-18T16:59:49Z</time>
      </trkpt>
      <trkpt lat="47.485591" lon="-120.824672">
        <ele>2045.4</ele>
        <time>2026-07-18T16:59:57Z</time>
      </trkpt>
      <trkpt lat="47.485581" lon="-120.824630">
        <ele>2037.0</ele>
        <time>2026-07-18T17:00:28Z</time>
      </trkpt>
      <trkpt lat="47.485550" lon="-120.824621">
        <ele>2045.0</ele>
        <time>2026-07-18T17:00:43Z</time>
      </trkpt>
      <trkpt lat="47.485516" lon="-120.824670">
        <ele>2046.0</ele>
        <time>2026-07-18T17:00:49Z</time>
      </trkpt>
      <trkpt lat="47.485504" lon="-120.824641">
        <ele>2048.0</ele>
        <time>2026-07-18T17:00:56Z</time>
      </trkpt>
      <trkpt lat="47.485425" lon="-120.824651">
        <ele>2056.0</ele>
        <time>2026-07-18T17:01:10Z</time>
      </trkpt>
      <trkpt lat="47.485425" lon="-120.824605">
        <ele>2050.0</ele>
        <time>2026-07-18T17:01:28Z</time>
      </trkpt>
      <trkpt lat="47.485399" lon="-120.824601">
        <ele>2055.0</ele>
        <time>2026-07-18T17:01:47Z</time>
      </trkpt>
      <trkpt lat="47.485388" lon="-120.824573">
        <ele>2062.0</ele>
        <time>2026-07-18T17:01:58Z</time>
      </trkpt>
      <trkpt lat="47.485357" lon="-120.824582">
        <ele>2063.4</ele>
        <time>2026-07-18T17:02:12Z</time>
      </trkpt>
      <trkpt lat="47.485354" lon="-120.824548">
        <ele>2057.0</ele>
        <time>2026-07-18T17:02:24Z</time>
      </trkpt>
      <trkpt lat="47.485328" lon="-120.824533">
        <ele>2055.0</ele>
        <time>2026-07-18T17:02:40Z</time>
      </trkpt>
      <trkpt lat="47.485305" lon="-120.824547">
        <ele>2068.0</ele>
        <time>2026-07-18T17:02:50Z</time>
      </trkpt>
      <trkpt lat="47.485264" lon="-120.824473">
        <ele>2068.0</ele>
        <time>2026-07-18T17:03:19Z</time>
      </trkpt>
      <trkpt lat="47.485272" lon="-120.824435">
        <ele>2073.0</ele>
        <time>2026-07-18T17:03:36Z</time>
      </trkpt>
      <trkpt lat="47.485297" lon="-120.824399">
        <ele>2070.0</ele>
        <time>2026-07-18T17:03:44Z</time>
      </trkpt>
      <trkpt lat="47.485275" lon="-120.824376">
        <ele>2063.0</ele>
        <time>2026-07-18T17:04:03Z</time>
      </trkpt>
      <trkpt lat="47.485257" lon="-120.824332">
        <ele>2076.0</ele>
        <time>2026-07-18T17:04:34Z</time>
      </trkpt>
      <trkpt lat="47.485264" lon="-120.824297">
        <ele>2079.0</ele>
        <time>2026-07-18T17:04:40Z</time>
      </trkpt>
      <trkpt lat="47.485138" lon="-120.824279">
        <ele>2083.0</ele>
        <time>2026-07-18T17:06:19Z</time>
      </trkpt>
      <trkpt lat="47.485111" lon="-120.824235">
        <ele>2091.0</ele>
        <time>2026-07-18T17:07:20Z</time>
      </trkpt>
      <trkpt lat="47.485084" lon="-120.824237">
        <ele>2082.0</ele>
        <time>2026-07-18T17:07:37Z</time>
      </trkpt>
      <trkpt lat="47.485080" lon="-120.824201">
        <ele>2092.0</ele>
        <time>2026-07-18T17:08:08Z</time>
      </trkpt>
      <trkpt lat="47.485061" lon="-120.824178">
        <ele>2095.0</ele>
        <time>2026-07-18T17:08:16Z</time>
      </trkpt>
      <trkpt lat="47.485078" lon="-120.824101">
        <ele>2094.0</ele>
        <time>2026-07-18T17:09:02Z</time>
      </trkpt>
      <trkpt lat="47.485046" lon="-120.824076">
        <ele>2099.2</ele>
        <time>2026-07-18T17:09:41Z</time>
      </trkpt>
      <trkpt lat="47.485023" lon="-120.824097">
        <ele>2097.0</ele>
        <time>2026-07-18T17:09:54Z</time>
      </trkpt>
      <trkpt lat="47.484973" lon="-120.824089">
        <ele>2100.0</ele>
        <time>2026-07-18T17:10:15Z</time>
      </trkpt>
      <trkpt lat="47.484938" lon="-120.824109">
        <ele>2074.0</ele>
        <time>2026-07-18T17:10:39Z</time>
      </trkpt>
      <trkpt lat="47.484936" lon="-120.824069">
        <ele>2103.0</ele>
        <time>2026-07-18T17:11:05Z</time>
      </trkpt>
      <trkpt lat="47.484915" lon="-120.824029">
        <ele>2100.0</ele>
        <time>2026-07-18T17:11:24Z</time>
      </trkpt>
      <trkpt lat="47.484822" lon="-120.823919">
        <ele>2100.0</ele>
        <time>2026-07-18T17:13:03Z</time>
      </trkpt>
      <trkpt lat="47.484816" lon="-120.823875">
        <ele>2116.2</ele>
        <time>2026-07-18T17:13:24Z</time>
      </trkpt>
      <trkpt lat="47.484801" lon="-120.823864">
        <ele>2109.0</ele>
        <time>2026-07-18T17:13:31Z</time>
      </trkpt>
      <trkpt lat="47.484749" lon="-120.823870">
        <ele>2115.0</ele>
        <time>2026-07-18T17:13:57Z</time>
      </trkpt>
      <trkpt lat="47.484726" lon="-120.823814">
        <ele>2122.0</ele>
        <time>2026-07-18T17:14:36Z</time>
      </trkpt>
      <trkpt lat="47.484682" lon="-120.823809">
        <ele>2124.0</ele>
        <time>2026-07-18T17:15:04Z</time>
      </trkpt>
      <trkpt lat="47.484661" lon="-120.823778">
        <ele>2127.0</ele>
        <time>2026-07-18T17:15:17Z</time>
      </trkpt>
      <trkpt lat="47.484626" lon="-120.823779">
        <ele>2130.0</ele>
        <time>2026-07-18T17:16:12Z</time>
      </trkpt>
      <trkpt lat="47.484608" lon="-120.823753">
        <ele>2128.0</ele>
        <time>2026-07-18T17:16:32Z</time>
      </trkpt>
      <trkpt lat="47.484605" lon="-120.823665">
        <ele>2126.0</ele>
        <time>2026-07-18T17:16:55Z</time>
      </trkpt>
      <trkpt lat="47.484579" lon="-120.823571">
        <ele>2129.0</ele>
        <time>2026-07-18T17:17:28Z</time>
      </trkpt>
      <trkpt lat="47.484546" lon="-120.823577">
        <ele>2137.0</ele>
        <time>2026-07-18T17:17:49Z</time>
      </trkpt>
      <trkpt lat="47.484517" lon="-120.823624">
        <ele>2142.0</ele>
        <time>2026-07-18T17:17:59Z</time>
      </trkpt>
      <trkpt lat="47.484503" lon="-120.823598">
        <ele>2138.0</ele>
        <time>2026-07-18T17:18:05Z</time>
      </trkpt>
      <trkpt lat="47.484447" lon="-120.823615">
        <ele>2138.0</ele>
        <time>2026-07-18T17:19:03Z</time>
      </trkpt>
      <trkpt lat="47.484403" lon="-120.823598">
        <ele>2146.0</ele>
        <time>2026-07-18T17:19:59Z</time>
      </trkpt>
      <trkpt lat="47.484370" lon="-120.823610">
        <ele>2147.0</ele>
        <time>2026-07-18T17:20:44Z</time>
      </trkpt>
      <trkpt lat="47.484348" lon="-120.823588">
        <ele>2151.0</ele>
        <time>2026-07-18T17:20:55Z</time>
      </trkpt>
      <trkpt lat="47.484331" lon="-120.823504">
        <ele>2152.0</ele>
        <time>2026-07-18T17:21:12Z</time>
      </trkpt>
      <trkpt lat="47.484244" lon="-120.823485">
        <ele>2158.0</ele>
        <time>2026-07-18T17:21:42Z</time>
      </trkpt>
      <trkpt lat="47.484209" lon="-120.823486">
        <ele>2156.0</ele>
        <time>2026-07-18T17:21:53Z</time>
      </trkpt>
      <trkpt lat="47.484180" lon="-120.823455">
        <ele>2160.0</ele>
        <time>2026-07-18T17:22:08Z</time>
      </trkpt>
      <trkpt lat="47.484174" lon="-120.823396">
        <ele>2166.0</ele>
        <time>2026-07-18T17:22:35Z</time>
      </trkpt>
      <trkpt lat="47.484130" lon="-120.823351">
        <ele>2159.0</ele>
        <time>2026-07-18T17:23:02Z</time>
      </trkpt>
      <trkpt lat="47.484109" lon="-120.823263">
        <ele>2173.7</ele>
        <time>2026-07-18T17:23:58Z</time>
      </trkpt>
      <trkpt lat="47.484048" lon="-120.823283">
        <ele>2171.0</ele>
        <time>2026-07-18T17:25:05Z</time>
      </trkpt>
      <trkpt lat="47.483973" lon="-120.823278">
        <ele>2171.0</ele>
        <time>2026-07-18T17:26:38Z</time>
      </trkpt>
      <trkpt lat="47.483941" lon="-120.823237">
        <ele>2179.0</ele>
        <time>2026-07-18T17:26:54Z</time>
      </trkpt>
      <trkpt lat="47.483931" lon="-120.823172">
        <ele>2186.0</ele>
        <time>2026-07-18T17:27:52Z</time>
      </trkpt>
      <trkpt lat="47.483927" lon="-120.823219">
        <ele>2185.6</ele>
        <time>2026-07-18T17:27:56Z</time>
      </trkpt>
      <trkpt lat="47.483935" lon="-120.823123">
        <ele>2184.0</ele>
        <time>2026-07-18T17:28:27Z</time>
      </trkpt>
      <trkpt lat="47.483919" lon="-120.823081">
        <ele>2189.0</ele>
        <time>2026-07-18T17:28:41Z</time>
      </trkpt>
      <trkpt lat="47.483891" lon="-120.823061">
        <ele>2189.4</ele>
        <time>2026-07-18T17:28:47Z</time>
      </trkpt>
      <trkpt lat="47.483922" lon="-120.823008">
        <ele>2181.0</ele>
        <time>2026-07-18T17:29:04Z</time>
      </trkpt>
      <trkpt lat="47.483767" lon="-120.822896">
        <ele>2198.0</ele>
        <time>2026-07-18T17:30:18Z</time>
      </trkpt>
      <trkpt lat="47.483753" lon="-120.822850">
        <ele>2200.9</ele>
        <time>2026-07-18T17:30:33Z</time>
      </trkpt>
      <trkpt lat="47.483756" lon="-120.822801">
        <ele>2200.0</ele>
        <time>2026-07-18T17:30:38Z</time>
      </trkpt>
      <trkpt lat="47.483698" lon="-120.822785">
        <ele>2202.0</ele>
        <time>2026-07-18T17:30:55Z</time>
      </trkpt>
      <trkpt lat="47.483603" lon="-120.822730">
        <ele>2209.0</ele>
        <time>2026-07-18T17:31:24Z</time>
      </trkpt>
      <trkpt lat="47.483542" lon="-120.822740">
        <ele>2197.0</ele>
        <time>2026-07-18T17:32:26Z</time>
      </trkpt>
      <trkpt lat="47.483498" lon="-120.822814">
        <ele>2205.0</ele>
        <time>2026-07-18T17:33:34Z</time>
      </trkpt>
      <trkpt lat="47.483428" lon="-120.822854">
        <ele>2208.0</ele>
        <time>2026-07-18T17:33:51Z</time>
      </trkpt>
      <trkpt lat="47.483410" lon="-120.822894">
        <ele>2208.0</ele>
        <time>2026-07-18T17:33:58Z</time>
      </trkpt>
      <trkpt lat="47.483379" lon="-120.822916">
        <ele>2210.0</ele>
        <time>2026-07-18T17:34:03Z</time>
      </trkpt>
      <trkpt lat="47.483364" lon="-120.822944">
        <ele>2212.0</ele>
        <time>2026-07-18T17:34:06Z</time>
      </trkpt>
      <trkpt lat="47.483319" lon="-120.822936">
        <ele>2208.0</ele>
        <time>2026-07-18T17:34:16Z</time>
      </trkpt>
      <trkpt lat="47.483292" lon="-120.822965">
        <ele>2210.0</ele>
        <time>2026-07-18T17:34:26Z</time>
      </trkpt>
      <trkpt lat="47.483253" lon="-120.823052">
        <ele>2211.0</ele>
        <time>2026-07-18T17:34:42Z</time>
      </trkpt>
      <trkpt lat="47.483216" lon="-120.823070">
        <ele>2208.0</ele>
        <time>2026-07-18T17:34:50Z</time>
      </trkpt>
      <trkpt lat="47.483176" lon="-120.823106">
        <ele>2214.0</ele>
        <time>2026-07-18T17:35:55Z</time>
      </trkpt>
      <trkpt lat="47.483164" lon="-120.823147">
        <ele>2210.0</ele>
        <time>2026-07-18T17:36:22Z</time>
      </trkpt>
      <trkpt lat="47.483123" lon="-120.823223">
        <ele>2219.0</ele>
        <time>2026-07-18T17:36:50Z</time>
      </trkpt>
      <trkpt lat="47.483086" lon="-120.823252">
        <ele>2220.0</ele>
        <time>2026-07-18T17:37:41Z</time>
      </trkpt>
      <trkpt lat="47.483048" lon="-120.823246">
        <ele>2224.0</ele>
        <time>2026-07-18T17:38:20Z</time>
      </trkpt>
      <trkpt lat="47.483022" lon="-120.823225">
        <ele>2225.0</ele>
        <time>2026-07-18T17:38:29Z</time>
      </trkpt>
      <trkpt lat="47.482976" lon="-120.823251">
        <ele>2220.0</ele>
        <time>2026-07-18T17:38:51Z</time>
      </trkpt>
      <trkpt lat="47.482962" lon="-120.823221">
        <ele>2224.0</ele>
        <time>2026-07-18T17:39:05Z</time>
      </trkpt>
      <trkpt lat="47.482889" lon="-120.823296">
        <ele>2230.0</ele>
        <time>2026-07-18T17:39:49Z</time>
      </trkpt>
      <trkpt lat="47.482881" lon="-120.823360">
        <ele>2238.0</ele>
        <time>2026-07-18T17:40:29Z</time>
      </trkpt>
      <trkpt lat="47.482833" lon="-120.823324">
        <ele>2236.0</ele>
        <time>2026-07-18T17:40:55Z</time>
      </trkpt>
      <trkpt lat="47.482768" lon="-120.823309">
        <ele>2243.0</ele>
        <time>2026-07-18T17:41:42Z</time>
      </trkpt>
      <trkpt lat="47.482748" lon="-120.823285">
        <ele>2246.0</ele>
        <time>2026-07-18T17:42:08Z</time>
      </trkpt>
      <trkpt lat="47.482757" lon="-120.823193">
        <ele>2244.0</ele>
        <time>2026-07-18T17:42:24Z</time>
      </trkpt>
      <trkpt lat="47.482736" lon="-120.823212">
        <ele>2249.0</ele>
        <time>2026-07-18T17:42:35Z</time>
      </trkpt>
      <trkpt lat="47.482688" lon="-120.823210">
        <ele>2247.0</ele>
        <time>2026-07-18T17:42:56Z</time>
      </trkpt>
      <trkpt lat="47.482641" lon="-120.823226">
        <ele>2256.0</ele>
        <time>2026-07-18T17:43:37Z</time>
      </trkpt>
      <trkpt lat="47.482620" lon="-120.823214">
        <ele>2257.0</ele>
        <time>2026-07-18T17:43:56Z</time>
      </trkpt>
      <trkpt lat="47.482548" lon="-120.823225">
        <ele>2258.0</ele>
        <time>2026-07-18T17:44:17Z</time>
      </trkpt>
      <trkpt lat="47.482482" lon="-120.823313">
        <ele>2262.0</ele>
        <time>2026-07-18T17:44:43Z</time>
      </trkpt>
      <trkpt lat="47.482424" lon="-120.823368">
        <ele>2259.0</ele>
        <time>2026-07-18T17:45:37Z</time>
      </trkpt>
      <trkpt lat="47.482409" lon="-120.823487">
        <ele>2263.0</ele>
        <time>2026-07-18T17:47:14Z</time>
      </trkpt>
      <trkpt lat="47.482353" lon="-120.823554">
        <ele>2259.0</ele>
        <time>2026-07-18T17:47:35Z</time>
      </trkpt>
      <trkpt lat="47.482296" lon="-120.823569">
        <ele>2268.0</ele>
        <time>2026-07-18T17:47:59Z</time>
      </trkpt>
      <trkpt lat="47.482279" lon="-120.823556">
        <ele>2267.0</ele>
        <time>2026-07-18T17:48:07Z</time>
      </trkpt>
      <trkpt lat="47.482285" lon="-120.823498">
        <ele>2270.0</ele>
        <time>2026-07-18T17:48:21Z</time>
      </trkpt>
      <trkpt lat="47.482255" lon="-120.823526">
        <ele>2268.0</ele>
        <time>2026-07-18T17:48:29Z</time>
      </trkpt>
      <trkpt lat="47.482210" lon="-120.823524">
        <ele>2275.0</ele>
        <time>2026-07-18T17:48:56Z</time>
      </trkpt>
      <trkpt lat="47.482176" lon="-120.823580">
        <ele>2277.0</ele>
        <time>2026-07-18T17:49:12Z</time>
      </trkpt>
      <trkpt lat="47.482082" lon="-120.823654">
        <ele>2280.0</ele>
        <time>2026-07-18T17:51:34Z</time>
      </trkpt>
      <trkpt lat="47.482032" lon="-120.823745">
        <ele>2288.0</ele>
        <time>2026-07-18T17:51:57Z</time>
      </trkpt>
      <trkpt lat="47.482000" lon="-120.823768">
        <ele>2288.0</ele>
        <time>2026-07-18T17:52:12Z</time>
      </trkpt>
      <trkpt lat="47.481975" lon="-120.823803">
        <ele>2286.0</ele>
        <time>2026-07-18T17:52:28Z</time>
      </trkpt>
      <trkpt lat="47.481958" lon="-120.823845">
        <ele>2293.0</ele>
        <time>2026-07-18T17:52:49Z</time>
      </trkpt>
      <trkpt lat="47.481916" lon="-120.823848">
        <ele>2290.0</ele>
        <time>2026-07-18T17:53:01Z</time>
      </trkpt>
      <trkpt lat="47.481820" lon="-120.823909">
        <ele>2296.0</ele>
        <time>2026-07-18T17:54:42Z</time>
      </trkpt>
      <trkpt lat="47.481724" lon="-120.823942">
        <ele>2303.0</ele>
        <time>2026-07-18T17:55:11Z</time>
      </trkpt>
      <trkpt lat="47.481684" lon="-120.823968">
        <ele>2305.0</ele>
        <time>2026-07-18T17:55:27Z</time>
      </trkpt>
      <trkpt lat="47.481615" lon="-120.824056">
        <ele>2310.0</ele>
        <time>2026-07-18T17:56:03Z</time>
      </trkpt>
      <trkpt lat="47.481518" lon="-120.824103">
        <ele>2314.0</ele>
        <time>2026-07-18T17:56:48Z</time>
      </trkpt>
      <trkpt lat="47.481367" lon="-120.824251">
        <ele>2323.0</ele>
        <time>2026-07-18T17:58:24Z</time>
      </trkpt>
      <trkpt lat="47.481356" lon="-120.824216">
        <ele>2321.0</ele>
        <time>2026-07-18T17:58:33Z</time>
      </trkpt>
      <trkpt lat="47.481319" lon="-120.824214">
        <ele>2321.0</ele>
        <time>2026-07-18T17:58:44Z</time>
      </trkpt>
      <trkpt lat="47.481303" lon="-120.824258">
        <ele>2328.0</ele>
        <time>2026-07-18T17:58:58Z</time>
      </trkpt>
      <trkpt lat="47.481214" lon="-120.824290">
        <ele>2331.0</ele>
        <time>2026-07-18T17:59:34Z</time>
      </trkpt>
      <trkpt lat="47.481220" lon="-120.824261">
        <ele>2335.0</ele>
        <time>2026-07-18T17:59:50Z</time>
      </trkpt>
      <trkpt lat="47.481165" lon="-120.824347">
        <ele>2338.0</ele>
        <time>2026-07-18T18:00:37Z</time>
      </trkpt>
      <trkpt lat="47.481133" lon="-120.824357">
        <ele>2331.0</ele>
        <time>2026-07-18T18:00:55Z</time>
      </trkpt>
      <trkpt lat="47.481055" lon="-120.824435">
        <ele>2331.0</ele>
        <time>2026-07-18T18:01:46Z</time>
      </trkpt>
      <trkpt lat="47.480985" lon="-120.824389">
        <ele>2343.0</ele>
        <time>2026-07-18T18:02:35Z</time>
      </trkpt>
      <trkpt lat="47.480990" lon="-120.824278">
        <ele>2352.0</ele>
        <time>2026-07-18T18:03:44Z</time>
      </trkpt>
      <trkpt lat="47.480947" lon="-120.824385">
        <ele>2354.0</ele>
        <time>2026-07-18T18:07:25Z</time>
      </trkpt>
      <trkpt lat="47.480973" lon="-120.824309">
        <ele>2352.0</ele>
        <time>2026-07-18T18:08:33Z</time>
      </trkpt>
      <trkpt lat="47.480892" lon="-120.824158">
        <ele>2350.0</ele>
        <time>2026-07-18T18:09:38Z</time>
      </trkpt>
      <trkpt lat="47.480906" lon="-120.824132">
        <ele>2352.0</ele>
        <time>2026-07-18T18:10:11Z</time>
      </trkpt>
      <trkpt lat="47.480897" lon="-120.824076">
        <ele>2349.0</ele>
        <time>2026-07-18T18:10:23Z</time>
      </trkpt>
      <trkpt lat="47.480971" lon="-120.823948">
        <ele>2352.0</ele>
        <time>2026-07-18T18:10:46Z</time>
      </trkpt>
      <trkpt lat="47.481070" lon="-120.823531">
        <ele>2358.0</ele>
        <time>2026-07-18T18:11:38Z</time>
      </trkpt>
      <trkpt lat="47.481091" lon="-120.823479">
        <ele>2362.0</ele>
        <time>2026-07-18T18:11:44Z</time>
      </trkpt>
      <trkpt lat="47.481114" lon="-120.823356">
        <ele>2360.0</ele>
        <time>2026-07-18T18:12:08Z</time>
      </trkpt>
      <trkpt lat="47.481090" lon="-120.823270">
        <ele>2359.0</ele>
        <time>2026-07-18T18:12:27Z</time>
      </trkpt>
      <trkpt lat="47.481090" lon="-120.823127">
        <ele>2360.0</ele>
        <time>2026-07-18T18:13:03Z</time>
      </trkpt>
      <trkpt lat="47.481069" lon="-120.823058">
        <ele>2358.0</ele>
        <time>2026-07-18T18:13:17Z</time>
      </trkpt>
      <trkpt lat="47.481020" lon="-120.823041">
        <ele>2359.0</ele>
        <time>2026-07-18T18:13:30Z</time>
      </trkpt>
      <trkpt lat="47.480974" lon="-120.822963">
        <ele>2364.0</ele>
        <time>2026-07-18T18:13:48Z</time>
      </trkpt>
      <trkpt lat="47.480918" lon="-120.822922">
        <ele>2365.0</ele>
        <time>2026-07-18T18:14:08Z</time>
      </trkpt>
      <trkpt lat="47.480899" lon="-120.822893">
        <ele>2366.0</ele>
        <time>2026-07-18T18:14:18Z</time>
      </trkpt>
      <trkpt lat="47.480890" lon="-120.822853">
        <ele>2368.0</ele>
        <time>2026-07-18T18:14:37Z</time>
      </trkpt>
      <trkpt lat="47.480899" lon="-120.822823">
        <ele>2365.0</ele>
        <time>2026-07-18T18:14:45Z</time>
      </trkpt>
      <trkpt lat="47.480880" lon="-120.822788">
        <ele>2360.0</ele>
        <time>2026-07-18T18:14:52Z</time>
      </trkpt>
      <trkpt lat="47.480858" lon="-120.822762">
        <ele>2366.0</ele>
        <time>2026-07-18T18:15:01Z</time>
      </trkpt>
      <trkpt lat="47.480819" lon="-120.822750">
        <ele>2368.0</ele>
        <time>2026-07-18T18:15:18Z</time>
      </trkpt>
      <trkpt lat="47.480781" lon="-120.822616">
        <ele>2372.0</ele>
        <time>2026-07-18T18:15:40Z</time>
      </trkpt>
      <trkpt lat="47.480782" lon="-120.822466">
        <ele>2376.0</ele>
        <time>2026-07-18T18:16:00Z</time>
      </trkpt>
      <trkpt lat="47.480745" lon="-120.822422">
        <ele>2375.0</ele>
        <time>2026-07-18T18:16:28Z</time>
      </trkpt>
      <trkpt lat="47.480712" lon="-120.822473">
        <ele>2380.0</ele>
        <time>2026-07-18T18:16:53Z</time>
      </trkpt>
      <trkpt lat="47.480642" lon="-120.822412">
        <ele>2384.0</ele>
        <time>2026-07-18T18:17:08Z</time>
      </trkpt>
      <trkpt lat="47.480641" lon="-120.822343">
        <ele>2382.0</ele>
        <time>2026-07-18T18:17:13Z</time>
      </trkpt>
      <trkpt lat="47.480626" lon="-120.822308">
        <ele>2376.0</ele>
        <time>2026-07-18T18:17:25Z</time>
      </trkpt>
      <trkpt lat="47.480634" lon="-120.822211">
        <ele>2380.0</ele>
        <time>2026-07-18T18:17:45Z</time>
      </trkpt>
      <trkpt lat="47.480612" lon="-120.822171">
        <ele>2381.0</ele>
        <time>2026-07-18T18:17:51Z</time>
      </trkpt>
      <trkpt lat="47.480607" lon="-120.822117">
        <ele>2375.0</ele>
        <time>2026-07-18T18:18:11Z</time>
      </trkpt>
      <trkpt lat="47.480642" lon="-120.822091">
        <ele>2376.0</ele>
        <time>2026-07-18T18:31:54Z</time>
      </trkpt>
      <trkpt lat="47.480601" lon="-120.822068">
        <ele>2376.0</ele>
        <time>2026-07-18T18:34:16Z</time>
      </trkpt>
      <trkpt lat="47.480590" lon="-120.822035">
        <ele>2380.0</ele>
        <time>2026-07-18T18:34:25Z</time>
      </trkpt>
      <trkpt lat="47.480561" lon="-120.822027">
        <ele>2382.0</ele>
        <time>2026-07-18T18:34:30Z</time>
      </trkpt>
      <trkpt lat="47.480499" lon="-120.821981">
        <ele>2382.0</ele>
        <time>2026-07-18T18:34:41Z</time>
      </trkpt>
      <trkpt lat="47.480454" lon="-120.821963">
        <ele>2382.0</ele>
        <time>2026-07-18T18:34:49Z</time>
      </trkpt>
      <trkpt lat="47.480392" lon="-120.821845">
        <ele>2383.0</ele>
        <time>2026-07-18T18:35:08Z</time>
      </trkpt>
      <trkpt lat="47.480379" lon="-120.821626">
        <ele>2382.0</ele>
        <time>2026-07-18T18:35:49Z</time>
      </trkpt>
      <trkpt lat="47.480405" lon="-120.821561">
        <ele>2383.0</ele>
        <time>2026-07-18T18:35:57Z</time>
      </trkpt>
      <trkpt lat="47.480367" lon="-120.821512">
        <ele>2384.0</ele>
        <time>2026-07-18T18:36:04Z</time>
      </trkpt>
      <trkpt lat="47.480359" lon="-120.821476">
        <ele>2385.0</ele>
        <time>2026-07-18T18:36:09Z</time>
      </trkpt>
      <trkpt lat="47.480324" lon="-120.821437">
        <ele>2386.0</ele>
        <time>2026-07-18T18:36:22Z</time>
      </trkpt>
      <trkpt lat="47.480284" lon="-120.821348">
        <ele>2384.0</ele>
        <time>2026-07-18T18:36:46Z</time>
      </trkpt>
      <trkpt lat="47.480287" lon="-120.821298">
        <ele>2383.0</ele>
        <time>2026-07-18T18:36:50Z</time>
      </trkpt>
      <trkpt lat="47.480266" lon="-120.821181">
        <ele>2384.0</ele>
        <time>2026-07-18T18:37:12Z</time>
      </trkpt>
      <trkpt lat="47.480271" lon="-120.821115">
        <ele>2380.0</ele>
        <time>2026-07-18T18:37:37Z</time>
      </trkpt>
      <trkpt lat="47.480290" lon="-120.821068">
        <ele>2385.0</ele>
        <time>2026-07-18T18:38:22Z</time>
      </trkpt>
      <trkpt lat="47.480323" lon="-120.821022">
        <ele>2385.0</ele>
        <time>2026-07-18T18:38:43Z</time>
      </trkpt>
      <trkpt lat="47.480344" lon="-120.820852">
        <ele>2384.0</ele>
        <time>2026-07-18T18:39:15Z</time>
      </trkpt>
      <trkpt lat="47.480370" lon="-120.820763">
        <ele>2386.0</ele>
        <time>2026-07-18T18:39:24Z</time>
      </trkpt>
      <trkpt lat="47.480362" lon="-120.820707">
        <ele>2385.0</ele>
        <time>2026-07-18T18:39:31Z</time>
      </trkpt>
      <trkpt lat="47.480364" lon="-120.820560">
        <ele>2380.0</ele>
        <time>2026-07-18T18:39:51Z</time>
      </trkpt>
      <trkpt lat="47.480347" lon="-120.820488">
        <ele>2382.0</ele>
        <time>2026-07-18T18:39:57Z</time>
      </trkpt>
      <trkpt lat="47.480315" lon="-120.820437">
        <ele>2380.0</ele>
        <time>2026-07-18T18:40:03Z</time>
      </trkpt>
      <trkpt lat="47.480302" lon="-120.820292">
        <ele>2380.0</ele>
        <time>2026-07-18T18:40:14Z</time>
      </trkpt>
      <trkpt lat="47.480273" lon="-120.820242">
        <ele>2380.0</ele>
        <time>2026-07-18T18:40:22Z</time>
      </trkpt>
      <trkpt lat="47.480246" lon="-120.820257">
        <ele>2377.0</ele>
        <time>2026-07-18T18:40:26Z</time>
      </trkpt>
      <trkpt lat="47.480210" lon="-120.820259">
        <ele>2375.0</ele>
        <time>2026-07-18T18:40:41Z</time>
      </trkpt>
      <trkpt lat="47.480181" lon="-120.820244">
        <ele>2380.0</ele>
        <time>2026-07-18T18:40:54Z</time>
      </trkpt>
      <trkpt lat="47.480175" lon="-120.820213">
        <ele>2380.0</ele>
        <time>2026-07-18T18:40:57Z</time>
      </trkpt>
      <trkpt lat="47.480148" lon="-120.820186">
        <ele>2378.0</ele>
        <time>2026-07-18T18:41:01Z</time>
      </trkpt>
      <trkpt lat="47.480046" lon="-120.820181">
        <ele>2376.0</ele>
        <time>2026-07-18T18:41:16Z</time>
      </trkpt>
      <trkpt lat="47.479993" lon="-120.820136">
        <ele>2380.0</ele>
        <time>2026-07-18T18:41:24Z</time>
      </trkpt>
      <trkpt lat="47.479961" lon="-120.820140">
        <ele>2379.0</ele>
        <time>2026-07-18T18:41:28Z</time>
      </trkpt>
      <trkpt lat="47.479931" lon="-120.820128">
        <ele>2380.0</ele>
        <time>2026-07-18T18:41:31Z</time>
      </trkpt>
      <trkpt lat="47.479864" lon="-120.820072">
        <ele>2385.0</ele>
        <time>2026-07-18T18:41:46Z</time>
      </trkpt>
      <trkpt lat="47.479815" lon="-120.820093">
        <ele>2384.0</ele>
        <time>2026-07-18T18:41:57Z</time>
      </trkpt>
      <trkpt lat="47.479711" lon="-120.820072">
        <ele>2382.0</ele>
        <time>2026-07-18T18:42:10Z</time>
      </trkpt>
      <trkpt lat="47.479692" lon="-120.820000">
        <ele>2382.0</ele>
        <time>2026-07-18T18:42:20Z</time>
      </trkpt>
      <trkpt lat="47.479719" lon="-120.819850">
        <ele>2382.8</ele>
        <time>2026-07-18T18:42:41Z</time>
      </trkpt>
      <trkpt lat="47.479800" lon="-120.819825">
        <ele>2382.0</ele>
        <time>2026-07-18T18:42:51Z</time>
      </trkpt>
      <trkpt lat="47.479853" lon="-120.819781">
        <ele>2382.0</ele>
        <time>2026-07-18T18:42:59Z</time>
      </trkpt>
      <trkpt lat="47.479893" lon="-120.819730">
        <ele>2382.0</ele>
        <time>2026-07-18T18:43:10Z</time>
      </trkpt>
      <trkpt lat="47.479934" lon="-120.819637">
        <ele>2382.0</ele>
        <time>2026-07-18T18:43:19Z</time>
      </trkpt>
      <trkpt lat="47.480016" lon="-120.819563">
        <ele>2378.0</ele>
        <time>2026-07-18T18:43:34Z</time>
      </trkpt>
      <trkpt lat="47.480070" lon="-120.819463">
        <ele>2376.0</ele>
        <time>2026-07-18T18:43:50Z</time>
      </trkpt>
      <trkpt lat="47.480157" lon="-120.819470">
        <ele>2375.0</ele>
        <time>2026-07-18T18:44:06Z</time>
      </trkpt>
      <trkpt lat="47.480203" lon="-120.819426">
        <ele>2376.0</ele>
        <time>2026-07-18T18:44:13Z</time>
      </trkpt>
      <trkpt lat="47.480194" lon="-120.819372">
        <ele>2377.0</ele>
        <time>2026-07-18T18:44:20Z</time>
      </trkpt>
      <trkpt lat="47.480160" lon="-120.819331">
        <ele>2378.3</ele>
        <time>2026-07-18T18:44:28Z</time>
      </trkpt>
      <trkpt lat="47.480201" lon="-120.819221">
        <ele>2373.0</ele>
        <time>2026-07-18T18:44:47Z</time>
      </trkpt>
      <trkpt lat="47.480168" lon="-120.819089">
        <ele>2372.0</ele>
        <time>2026-07-18T18:45:01Z</time>
      </trkpt>
      <trkpt lat="47.480186" lon="-120.818990">
        <ele>2372.0</ele>
        <time>2026-07-18T18:45:13Z</time>
      </trkpt>
      <trkpt lat="47.480249" lon="-120.818830">
        <ele>2363.0</ele>
        <time>2026-07-18T18:47:34Z</time>
      </trkpt>
      <trkpt lat="47.480242" lon="-120.818888">
        <ele>2372.0</ele>
        <time>2026-07-18T18:50:32Z</time>
      </trkpt>
      <trkpt lat="47.480252" lon="-120.818759">
        <ele>2354.0</ele>
        <time>2026-07-18T18:50:57Z</time>
      </trkpt>
      <trkpt lat="47.480249" lon="-120.818823">
        <ele>2366.0</ele>
        <time>2026-07-18T18:53:31Z</time>
      </trkpt>
      <trkpt lat="47.480228" lon="-120.818747">
        <ele>2370.0</ele>
        <time>2026-07-18T18:57:13Z</time>
      </trkpt>
      <trkpt lat="47.480240" lon="-120.818641">
        <ele>2370.0</ele>
        <time>2026-07-18T18:57:27Z</time>
      </trkpt>
      <trkpt lat="47.480219" lon="-120.818581">
        <ele>2370.0</ele>
        <time>2026-07-18T18:57:36Z</time>
      </trkpt>
      <trkpt lat="47.480219" lon="-120.818433">
        <ele>2370.0</ele>
        <time>2026-07-18T18:57:51Z</time>
      </trkpt>
      <trkpt lat="47.480187" lon="-120.818317">
        <ele>2368.0</ele>
        <time>2026-07-18T18:58:04Z</time>
      </trkpt>
      <trkpt lat="47.480191" lon="-120.818284">
        <ele>2371.0</ele>
        <time>2026-07-18T18:58:08Z</time>
      </trkpt>
      <trkpt lat="47.480102" lon="-120.818178">
        <ele>2366.0</ele>
        <time>2026-07-18T18:58:29Z</time>
      </trkpt>
      <trkpt lat="47.480088" lon="-120.818113">
        <ele>2370.0</ele>
        <time>2026-07-18T18:58:42Z</time>
      </trkpt>
      <trkpt lat="47.480069" lon="-120.818083">
        <ele>2370.0</ele>
        <time>2026-07-18T18:58:47Z</time>
      </trkpt>
      <trkpt lat="47.480013" lon="-120.818037">
        <ele>2368.0</ele>
        <time>2026-07-18T18:59:00Z</time>
      </trkpt>
      <trkpt lat="47.479990" lon="-120.818006">
        <ele>2364.0</ele>
        <time>2026-07-18T18:59:15Z</time>
      </trkpt>
      <trkpt lat="47.479974" lon="-120.817922">
        <ele>2364.0</ele>
        <time>2026-07-18T18:59:43Z</time>
      </trkpt>
      <trkpt lat="47.480002" lon="-120.817882">
        <ele>2364.0</ele>
        <time>2026-07-18T18:59:51Z</time>
      </trkpt>
      <trkpt lat="47.480007" lon="-120.817822">
        <ele>2364.0</ele>
        <time>2026-07-18T19:00:00Z</time>
      </trkpt>
      <trkpt lat="47.479983" lon="-120.817616">
        <ele>2360.0</ele>
        <time>2026-07-18T19:00:21Z</time>
      </trkpt>
      <trkpt lat="47.480002" lon="-120.817445">
        <ele>2360.0</ele>
        <time>2026-07-18T19:00:32Z</time>
      </trkpt>
      <trkpt lat="47.479955" lon="-120.817271">
        <ele>2358.0</ele>
        <time>2026-07-18T19:00:52Z</time>
      </trkpt>
      <trkpt lat="47.479885" lon="-120.817160">
        <ele>2358.0</ele>
        <time>2026-07-18T19:01:33Z</time>
      </trkpt>
      <trkpt lat="47.479910" lon="-120.816989">
        <ele>2358.0</ele>
        <time>2026-07-18T19:02:19Z</time>
      </trkpt>
      <trkpt lat="47.479873" lon="-120.816859">
        <ele>2360.0</ele>
        <time>2026-07-18T19:02:31Z</time>
      </trkpt>
      <trkpt lat="47.479878" lon="-120.816822">
        <ele>2358.0</ele>
        <time>2026-07-18T19:02:38Z</time>
      </trkpt>
      <trkpt lat="47.479899" lon="-120.816793">
        <ele>2361.0</ele>
        <time>2026-07-18T19:02:42Z</time>
      </trkpt>
      <trkpt lat="47.479873" lon="-120.816734">
        <ele>2361.0</ele>
        <time>2026-07-18T19:02:47Z</time>
      </trkpt>
      <trkpt lat="47.479893" lon="-120.816601">
        <ele>2361.0</ele>
        <time>2026-07-18T19:02:59Z</time>
      </trkpt>
      <trkpt lat="47.479845" lon="-120.816474">
        <ele>2361.0</ele>
        <time>2026-07-18T19:03:12Z</time>
      </trkpt>
      <trkpt lat="47.479832" lon="-120.816377">
        <ele>2362.0</ele>
        <time>2026-07-18T19:03:22Z</time>
      </trkpt>
      <trkpt lat="47.479804" lon="-120.816272">
        <ele>2360.0</ele>
        <time>2026-07-18T19:03:41Z</time>
      </trkpt>
      <trkpt lat="47.479790" lon="-120.816101">
        <ele>2360.0</ele>
        <time>2026-07-18T19:04:03Z</time>
      </trkpt>
      <trkpt lat="47.479746" lon="-120.816006">
        <ele>2362.8</ele>
        <time>2026-07-18T19:04:12Z</time>
      </trkpt>
      <trkpt lat="47.479749" lon="-120.815873">
        <ele>2358.0</ele>
        <time>2026-07-18T19:04:28Z</time>
      </trkpt>
      <trkpt lat="47.479758" lon="-120.815841">
        <ele>2361.0</ele>
        <time>2026-07-18T19:04:32Z</time>
      </trkpt>
      <trkpt lat="47.479743" lon="-120.815741">
        <ele>2360.0</ele>
        <time>2026-07-18T19:04:47Z</time>
      </trkpt>
      <trkpt lat="47.479694" lon="-120.815668">
        <ele>2360.6</ele>
        <time>2026-07-18T19:05:02Z</time>
      </trkpt>
      <trkpt lat="47.479676" lon="-120.815682">
        <ele>2360.0</ele>
        <time>2026-07-18T19:05:07Z</time>
      </trkpt>
      <trkpt lat="47.479587" lon="-120.815552">
        <ele>2360.0</ele>
        <time>2026-07-18T19:05:37Z</time>
      </trkpt>
      <trkpt lat="47.479553" lon="-120.815547">
        <ele>2360.0</ele>
        <time>2026-07-18T19:05:41Z</time>
      </trkpt>
      <trkpt lat="47.479499" lon="-120.815476">
        <ele>2360.0</ele>
        <time>2026-07-18T19:05:53Z</time>
      </trkpt>
      <trkpt lat="47.479425" lon="-120.815424">
        <ele>2358.0</ele>
        <time>2026-07-18T19:06:06Z</time>
      </trkpt>
      <trkpt lat="47.479375" lon="-120.815339">
        <ele>2360.0</ele>
        <time>2026-07-18T19:06:21Z</time>
      </trkpt>
      <trkpt lat="47.479333" lon="-120.815293">
        <ele>2360.0</ele>
        <time>2026-07-18T19:06:31Z</time>
      </trkpt>
      <trkpt lat="47.479321" lon="-120.815260">
        <ele>2358.0</ele>
        <time>2026-07-18T19:06:36Z</time>
      </trkpt>
      <trkpt lat="47.479331" lon="-120.815183">
        <ele>2360.0</ele>
        <time>2026-07-18T19:06:42Z</time>
      </trkpt>
      <trkpt lat="47.479317" lon="-120.815113">
        <ele>2361.0</ele>
        <time>2026-07-18T19:06:48Z</time>
      </trkpt>
      <trkpt lat="47.479176" lon="-120.815028">
        <ele>2358.0</ele>
        <time>2026-07-18T19:07:14Z</time>
      </trkpt>
      <trkpt lat="47.479138" lon="-120.814970">
        <ele>2360.0</ele>
        <time>2026-07-18T19:07:26Z</time>
      </trkpt>
      <trkpt lat="47.479126" lon="-120.814902">
        <ele>2360.0</ele>
        <time>2026-07-18T19:07:33Z</time>
      </trkpt>
      <trkpt lat="47.479011" lon="-120.814766">
        <ele>2358.0</ele>
        <time>2026-07-18T19:08:09Z</time>
      </trkpt>
      <trkpt lat="47.478984" lon="-120.814752">
        <ele>2358.0</ele>
        <time>2026-07-18T19:08:13Z</time>
      </trkpt>
      <trkpt lat="47.478867" lon="-120.814782">
        <ele>2354.0</ele>
        <time>2026-07-18T19:08:36Z</time>
      </trkpt>
      <trkpt lat="47.478845" lon="-120.814823">
        <ele>2354.0</ele>
        <time>2026-07-18T19:08:47Z</time>
      </trkpt>
      <trkpt lat="47.478808" lon="-120.814812">
        <ele>2352.0</ele>
        <time>2026-07-18T19:08:54Z</time>
      </trkpt>
      <trkpt lat="47.478760" lon="-120.814829">
        <ele>2355.0</ele>
        <time>2026-07-18T19:09:21Z</time>
      </trkpt>
      <trkpt lat="47.478712" lon="-120.814793">
        <ele>2352.0</ele>
        <time>2026-07-18T19:10:02Z</time>
      </trkpt>
      <trkpt lat="47.478565" lon="-120.814804">
        <ele>2349.0</ele>
        <time>2026-07-18T19:10:59Z</time>
      </trkpt>
      <trkpt lat="47.478538" lon="-120.814827">
        <ele>2345.0</ele>
        <time>2026-07-18T19:11:14Z</time>
      </trkpt>
      <trkpt lat="47.478506" lon="-120.814880">
        <ele>2350.7</ele>
        <time>2026-07-18T19:11:23Z</time>
      </trkpt>
      <trkpt lat="47.478506" lon="-120.814939">
        <ele>2348.0</ele>
        <time>2026-07-18T19:11:34Z</time>
      </trkpt>
      <trkpt lat="47.478491" lon="-120.814973">
        <ele>2343.0</ele>
        <time>2026-07-18T19:11:41Z</time>
      </trkpt>
      <trkpt lat="47.478457" lon="-120.814991">
        <ele>2337.0</ele>
        <time>2026-07-18T19:11:57Z</time>
      </trkpt>
      <trkpt lat="47.478432" lon="-120.814959">
        <ele>2345.0</ele>
        <time>2026-07-18T19:12:13Z</time>
      </trkpt>
      <trkpt lat="47.478390" lon="-120.814969">
        <ele>2345.0</ele>
        <time>2026-07-18T19:12:26Z</time>
      </trkpt>
      <trkpt lat="47.478350" lon="-120.814959">
        <ele>2344.0</ele>
        <time>2026-07-18T19:12:37Z</time>
      </trkpt>
      <trkpt lat="47.478321" lon="-120.814926">
        <ele>2340.0</ele>
        <time>2026-07-18T19:12:46Z</time>
      </trkpt>
      <trkpt lat="47.478285" lon="-120.814852">
        <ele>2344.0</ele>
        <time>2026-07-18T19:13:04Z</time>
      </trkpt>
      <trkpt lat="47.478295" lon="-120.814666">
        <ele>2344.0</ele>
        <time>2026-07-18T19:14:06Z</time>
      </trkpt>
      <trkpt lat="47.478272" lon="-120.814568">
        <ele>2340.0</ele>
        <time>2026-07-18T19:14:31Z</time>
      </trkpt>
      <trkpt lat="47.478238" lon="-120.814515">
        <ele>2336.0</ele>
        <time>2026-07-18T19:14:50Z</time>
      </trkpt>
      <trkpt lat="47.478234" lon="-120.814455">
        <ele>2340.0</ele>
        <time>2026-07-18T19:15:01Z</time>
      </trkpt>
      <trkpt lat="47.478247" lon="-120.814410">
        <ele>2340.0</ele>
        <time>2026-07-18T19:15:08Z</time>
      </trkpt>
      <trkpt lat="47.478233" lon="-120.814349">
        <ele>2340.0</ele>
        <time>2026-07-18T19:15:19Z</time>
      </trkpt>
      <trkpt lat="47.478156" lon="-120.814296">
        <ele>2332.0</ele>
        <time>2026-07-18T19:15:42Z</time>
      </trkpt>
      <trkpt lat="47.478127" lon="-120.814290">
        <ele>2336.0</ele>
        <time>2026-07-18T19:15:51Z</time>
      </trkpt>
      <trkpt lat="47.478125" lon="-120.814187">
        <ele>2337.0</ele>
        <time>2026-07-18T19:16:41Z</time>
      </trkpt>
      <trkpt lat="47.478089" lon="-120.814202">
        <ele>2328.0</ele>
        <time>2026-07-18T19:16:57Z</time>
      </trkpt>
      <trkpt lat="47.478073" lon="-120.814158">
        <ele>2335.0</ele>
        <time>2026-07-18T19:17:31Z</time>
      </trkpt>
      <trkpt lat="47.478049" lon="-120.814128">
        <ele>2338.9</ele>
        <time>2026-07-18T19:17:38Z</time>
      </trkpt>
      <trkpt lat="47.478044" lon="-120.814186">
        <ele>2335.0</ele>
        <time>2026-07-18T19:17:44Z</time>
      </trkpt>
      <trkpt lat="47.478057" lon="-120.814218">
        <ele>2325.0</ele>
        <time>2026-07-18T19:17:54Z</time>
      </trkpt>
      <trkpt lat="47.478054" lon="-120.814248">
        <ele>2332.0</ele>
        <time>2026-07-18T19:18:05Z</time>
      </trkpt>
      <trkpt lat="47.478026" lon="-120.814272">
        <ele>2331.0</ele>
        <time>2026-07-18T19:18:22Z</time>
      </trkpt>
      <trkpt lat="47.477974" lon="-120.814295">
        <ele>2327.0</ele>
        <time>2026-07-18T19:18:44Z</time>
      </trkpt>
      <trkpt lat="47.477893" lon="-120.814280">
        <ele>2330.0</ele>
        <time>2026-07-18T19:19:16Z</time>
      </trkpt>
      <trkpt lat="47.477769" lon="-120.814322">
        <ele>2320.0</ele>
        <time>2026-07-18T19:20:01Z</time>
      </trkpt>
      <trkpt lat="47.477708" lon="-120.814323">
        <ele>2322.0</ele>
        <time>2026-07-18T19:20:15Z</time>
      </trkpt>
      <trkpt lat="47.477678" lon="-120.814351">
        <ele>2316.0</ele>
        <time>2026-07-18T19:20:25Z</time>
      </trkpt>
      <trkpt lat="47.477678" lon="-120.814382">
        <ele>2322.0</ele>
        <time>2026-07-18T19:20:34Z</time>
      </trkpt>
      <trkpt lat="47.477661" lon="-120.814416">
        <ele>2322.0</ele>
        <time>2026-07-18T19:20:39Z</time>
      </trkpt>
      <trkpt lat="47.477616" lon="-120.814414">
        <ele>2323.0</ele>
        <time>2026-07-18T19:20:55Z</time>
      </trkpt>
      <trkpt lat="47.477602" lon="-120.814397">
        <ele>2322.0</ele>
        <time>2026-07-18T19:21:15Z</time>
      </trkpt>
      <trkpt lat="47.477446" lon="-120.814389">
        <ele>2316.0</ele>
        <time>2026-07-18T19:22:17Z</time>
      </trkpt>
      <trkpt lat="47.477372" lon="-120.814417">
        <ele>2313.0</ele>
        <time>2026-07-18T19:22:57Z</time>
      </trkpt>
      <trkpt lat="47.477312" lon="-120.814393">
        <ele>2315.0</ele>
        <time>2026-07-18T19:23:46Z</time>
      </trkpt>
      <trkpt lat="47.477317" lon="-120.814258">
        <ele>2310.0</ele>
        <time>2026-07-18T19:24:18Z</time>
      </trkpt>
      <trkpt lat="47.477253" lon="-120.814020">
        <ele>2304.0</ele>
        <time>2026-07-18T19:24:58Z</time>
      </trkpt>
      <trkpt lat="47.477195" lon="-120.813852">
        <ele>2307.0</ele>
        <time>2026-07-18T19:25:24Z</time>
      </trkpt>
      <trkpt lat="47.477196" lon="-120.813587">
        <ele>2307.0</ele>
        <time>2026-07-18T19:26:06Z</time>
      </trkpt>
      <trkpt lat="47.477168" lon="-120.813479">
        <ele>2305.0</ele>
        <time>2026-07-18T19:26:18Z</time>
      </trkpt>
      <trkpt lat="47.477164" lon="-120.813400">
        <ele>2306.0</ele>
        <time>2026-07-18T19:26:26Z</time>
      </trkpt>
      <trkpt lat="47.477189" lon="-120.813258">
        <ele>2308.0</ele>
        <time>2026-07-18T19:26:38Z</time>
      </trkpt>
      <trkpt lat="47.477189" lon="-120.813180">
        <ele>2308.0</ele>
        <time>2026-07-18T19:26:44Z</time>
      </trkpt>
      <trkpt lat="47.477211" lon="-120.813121">
        <ele>2307.0</ele>
        <time>2026-07-18T19:26:50Z</time>
      </trkpt>
      <trkpt lat="47.477210" lon="-120.813048">
        <ele>2307.0</ele>
        <time>2026-07-18T19:26:58Z</time>
      </trkpt>
      <trkpt lat="47.477249" lon="-120.812966">
        <ele>2307.0</ele>
        <time>2026-07-18T19:27:06Z</time>
      </trkpt>
      <trkpt lat="47.477255" lon="-120.812893">
        <ele>2305.0</ele>
        <time>2026-07-18T19:27:14Z</time>
      </trkpt>
      <trkpt lat="47.477249" lon="-120.812855">
        <ele>2304.0</ele>
        <time>2026-07-18T19:27:19Z</time>
      </trkpt>
      <trkpt lat="47.477232" lon="-120.812824">
        <ele>2305.0</ele>
        <time>2026-07-18T19:27:24Z</time>
      </trkpt>
      <trkpt lat="47.477218" lon="-120.812659">
        <ele>2307.0</ele>
        <time>2026-07-18T19:27:40Z</time>
      </trkpt>
      <trkpt lat="47.477242" lon="-120.812499">
        <ele>2306.0</ele>
        <time>2026-07-18T19:27:54Z</time>
      </trkpt>
      <trkpt lat="47.477245" lon="-120.812307">
        <ele>2305.0</ele>
        <time>2026-07-18T19:28:19Z</time>
      </trkpt>
      <trkpt lat="47.477287" lon="-120.812204">
        <ele>2308.5</ele>
        <time>2026-07-18T19:28:53Z</time>
      </trkpt>
      <trkpt lat="47.477279" lon="-120.812137">
        <ele>2307.0</ele>
        <time>2026-07-18T19:29:06Z</time>
      </trkpt>
      <trkpt lat="47.477318" lon="-120.812035">
        <ele>2307.0</ele>
        <time>2026-07-18T19:29:14Z</time>
      </trkpt>
      <trkpt lat="47.477325" lon="-120.811894">
        <ele>2308.0</ele>
        <time>2026-07-18T19:29:29Z</time>
      </trkpt>
      <trkpt lat="47.477356" lon="-120.811785">
        <ele>2311.0</ele>
        <time>2026-07-18T19:29:40Z</time>
      </trkpt>
      <trkpt lat="47.477332" lon="-120.811678">
        <ele>2308.0</ele>
        <time>2026-07-18T19:29:48Z</time>
      </trkpt>
      <trkpt lat="47.477334" lon="-120.811600">
        <ele>2310.0</ele>
        <time>2026-07-18T19:30:30Z</time>
      </trkpt>
      <trkpt lat="47.477379" lon="-120.811585">
        <ele>2308.0</ele>
        <time>2026-07-18T19:30:40Z</time>
      </trkpt>
      <trkpt lat="47.477388" lon="-120.811443">
        <ele>2304.0</ele>
        <time>2026-07-18T19:31:02Z</time>
      </trkpt>
      <trkpt lat="47.477422" lon="-120.811394">
        <ele>2305.0</ele>
        <time>2026-07-18T19:31:10Z</time>
      </trkpt>
      <trkpt lat="47.477439" lon="-120.811327">
        <ele>2306.0</ele>
        <time>2026-07-18T19:31:17Z</time>
      </trkpt>
      <trkpt lat="47.477509" lon="-120.811163">
        <ele>2305.0</ele>
        <time>2026-07-18T19:31:42Z</time>
      </trkpt>
      <trkpt lat="47.477513" lon="-120.811093">
        <ele>2306.0</ele>
        <time>2026-07-18T19:31:49Z</time>
      </trkpt>
      <trkpt lat="47.477504" lon="-120.811022">
        <ele>2306.0</ele>
        <time>2026-07-18T19:31:55Z</time>
      </trkpt>
      <trkpt lat="47.477541" lon="-120.810966">
        <ele>2304.0</ele>
        <time>2026-07-18T19:32:01Z</time>
      </trkpt>
      <trkpt lat="47.477540" lon="-120.810873">
        <ele>2306.4</ele>
        <time>2026-07-18T19:32:10Z</time>
      </trkpt>
      <trkpt lat="47.477565" lon="-120.810805">
        <ele>2304.0</ele>
        <time>2026-07-18T19:32:16Z</time>
      </trkpt>
      <trkpt lat="47.477603" lon="-120.810747">
        <ele>2304.0</ele>
        <time>2026-07-18T19:32:22Z</time>
      </trkpt>
      <trkpt lat="47.477654" lon="-120.810563">
        <ele>2304.0</ele>
        <time>2026-07-18T19:32:41Z</time>
      </trkpt>
      <trkpt lat="47.477687" lon="-120.810356">
        <ele>2304.0</ele>
        <time>2026-07-18T19:32:57Z</time>
      </trkpt>
      <trkpt lat="47.477735" lon="-120.810334">
        <ele>2302.0</ele>
        <time>2026-07-18T19:33:03Z</time>
      </trkpt>
      <trkpt lat="47.477761" lon="-120.810266">
        <ele>2301.0</ele>
        <time>2026-07-18T19:33:09Z</time>
      </trkpt>
      <trkpt lat="47.477723" lon="-120.810164">
        <ele>2300.0</ele>
        <time>2026-07-18T19:33:20Z</time>
      </trkpt>
      <trkpt lat="47.477726" lon="-120.810020">
        <ele>2300.0</ele>
        <time>2026-07-18T19:33:37Z</time>
      </trkpt>
      <trkpt lat="47.477706" lon="-120.809928">
        <ele>2300.0</ele>
        <time>2026-07-18T19:33:47Z</time>
      </trkpt>
      <trkpt lat="47.477744" lon="-120.809874">
        <ele>2298.0</ele>
        <time>2026-07-18T19:33:58Z</time>
      </trkpt>
      <trkpt lat="47.477746" lon="-120.809843">
        <ele>2296.0</ele>
        <time>2026-07-18T19:34:03Z</time>
      </trkpt>
      <trkpt lat="47.477727" lon="-120.809801">
        <ele>2295.0</ele>
        <time>2026-07-18T19:34:12Z</time>
      </trkpt>
      <trkpt lat="47.477604" lon="-120.809807">
        <ele>2300.0</ele>
        <time>2026-07-18T19:34:34Z</time>
      </trkpt>
      <trkpt lat="47.477570" lon="-120.809818">
        <ele>2301.0</ele>
        <time>2026-07-18T19:34:38Z</time>
      </trkpt>
      <trkpt lat="47.477532" lon="-120.809797">
        <ele>2300.0</ele>
        <time>2026-07-18T19:34:45Z</time>
      </trkpt>
      <trkpt lat="47.477496" lon="-120.809796">
        <ele>2303.0</ele>
        <time>2026-07-18T19:34:50Z</time>
      </trkpt>
      <trkpt lat="47.477446" lon="-120.809845">
        <ele>2302.0</ele>
        <time>2026-07-18T19:35:01Z</time>
      </trkpt>
      <trkpt lat="47.477414" lon="-120.809844">
        <ele>2303.0</ele>
        <time>2026-07-18T19:35:07Z</time>
      </trkpt>
      <trkpt lat="47.477365" lon="-120.809789">
        <ele>2301.0</ele>
        <time>2026-07-18T19:35:17Z</time>
      </trkpt>
      <trkpt lat="47.477317" lon="-120.809771">
        <ele>2302.0</ele>
        <time>2026-07-18T19:35:27Z</time>
      </trkpt>
      <trkpt lat="47.477272" lon="-120.809726">
        <ele>2296.0</ele>
        <time>2026-07-18T19:35:39Z</time>
      </trkpt>
      <trkpt lat="47.477257" lon="-120.809690">
        <ele>2300.0</ele>
        <time>2026-07-18T19:35:45Z</time>
      </trkpt>
      <trkpt lat="47.477255" lon="-120.809514">
        <ele>2296.0</ele>
        <time>2026-07-18T19:36:07Z</time>
      </trkpt>
      <trkpt lat="47.477204" lon="-120.809184">
        <ele>2295.0</ele>
        <time>2026-07-18T19:36:43Z</time>
      </trkpt>
      <trkpt lat="47.477173" lon="-120.809174">
        <ele>2295.0</ele>
        <time>2026-07-18T19:36:47Z</time>
      </trkpt>
      <trkpt lat="47.477156" lon="-120.809149">
        <ele>2298.0</ele>
        <time>2026-07-18T19:36:51Z</time>
      </trkpt>
      <trkpt lat="47.477200" lon="-120.808990">
        <ele>2295.0</ele>
        <time>2026-07-18T19:37:23Z</time>
      </trkpt>
      <trkpt lat="47.477181" lon="-120.808897">
        <ele>2296.0</ele>
        <time>2026-07-18T19:37:39Z</time>
      </trkpt>
      <trkpt lat="47.477190" lon="-120.808824">
        <ele>2295.0</ele>
        <time>2026-07-18T19:37:50Z</time>
      </trkpt>
      <trkpt lat="47.477147" lon="-120.808619">
        <ele>2295.0</ele>
        <time>2026-07-18T19:38:34Z</time>
      </trkpt>
      <trkpt lat="47.477176" lon="-120.808479">
        <ele>2300.0</ele>
        <time>2026-07-18T19:38:51Z</time>
      </trkpt>
      <trkpt lat="47.477173" lon="-120.808330">
        <ele>2296.0</ele>
        <time>2026-07-18T19:39:12Z</time>
      </trkpt>
      <trkpt lat="47.477219" lon="-120.808273">
        <ele>2300.0</ele>
        <time>2026-07-18T19:39:24Z</time>
      </trkpt>
      <trkpt lat="47.477227" lon="-120.808237">
        <ele>2298.0</ele>
        <time>2026-07-18T19:39:28Z</time>
      </trkpt>
      <trkpt lat="47.477260" lon="-120.808188">
        <ele>2300.0</ele>
        <time>2026-07-18T19:39:37Z</time>
      </trkpt>
      <trkpt lat="47.477263" lon="-120.808155">
        <ele>2300.0</ele>
        <time>2026-07-18T19:39:40Z</time>
      </trkpt>
      <trkpt lat="47.477326" lon="-120.808086">
        <ele>2299.0</ele>
        <time>2026-07-18T19:39:51Z</time>
      </trkpt>
      <trkpt lat="47.477328" lon="-120.808046">
        <ele>2296.0</ele>
        <time>2026-07-18T19:39:56Z</time>
      </trkpt>
      <trkpt lat="47.477349" lon="-120.808022">
        <ele>2296.0</ele>
        <time>2026-07-18T19:40:00Z</time>
      </trkpt>
      <trkpt lat="47.477382" lon="-120.808011">
        <ele>2296.0</ele>
        <time>2026-07-18T19:40:06Z</time>
      </trkpt>
      <trkpt lat="47.477407" lon="-120.807979">
        <ele>2296.0</ele>
        <time>2026-07-18T19:40:11Z</time>
      </trkpt>
      <trkpt lat="47.477412" lon="-120.807862">
        <ele>2296.0</ele>
        <time>2026-07-18T19:41:41Z</time>
      </trkpt>
      <trkpt lat="47.477444" lon="-120.807791">
        <ele>2294.0</ele>
        <time>2026-07-18T19:41:52Z</time>
      </trkpt>
      <trkpt lat="47.477492" lon="-120.807754">
        <ele>2296.0</ele>
        <time>2026-07-18T19:42:00Z</time>
      </trkpt>
      <trkpt lat="47.477504" lon="-120.807718">
        <ele>2295.9</ele>
        <time>2026-07-18T19:42:03Z</time>
      </trkpt>
      <trkpt lat="47.477581" lon="-120.807634">
        <ele>2295.0</ele>
        <time>2026-07-18T19:42:16Z</time>
      </trkpt>
      <trkpt lat="47.477620" lon="-120.807573">
        <ele>2295.0</ele>
        <time>2026-07-18T19:42:23Z</time>
      </trkpt>
      <trkpt lat="47.477632" lon="-120.807507">
        <ele>2296.0</ele>
        <time>2026-07-18T19:42:31Z</time>
      </trkpt>
      <trkpt lat="47.477624" lon="-120.807442">
        <ele>2295.0</ele>
        <time>2026-07-18T19:42:37Z</time>
      </trkpt>
      <trkpt lat="47.477672" lon="-120.807312">
        <ele>2298.0</ele>
        <time>2026-07-18T19:42:51Z</time>
      </trkpt>
      <trkpt lat="47.477684" lon="-120.807251">
        <ele>2295.0</ele>
        <time>2026-07-18T19:43:01Z</time>
      </trkpt>
      <trkpt lat="47.477728" lon="-120.807204">
        <ele>2288.0</ele>
        <time>2026-07-18T19:43:20Z</time>
      </trkpt>
      <trkpt lat="47.477758" lon="-120.807189">
        <ele>2295.0</ele>
        <time>2026-07-18T19:43:33Z</time>
      </trkpt>
      <trkpt lat="47.477790" lon="-120.807093">
        <ele>2294.0</ele>
        <time>2026-07-18T19:43:41Z</time>
      </trkpt>
      <trkpt lat="47.477777" lon="-120.807048">
        <ele>2295.4</ele>
        <time>2026-07-18T19:43:44Z</time>
      </trkpt>
      <trkpt lat="47.477795" lon="-120.807010">
        <ele>2295.0</ele>
        <time>2026-07-18T19:43:47Z</time>
      </trkpt>
      <trkpt lat="47.477808" lon="-120.806930">
        <ele>2295.0</ele>
        <time>2026-07-18T19:43:54Z</time>
      </trkpt>
      <trkpt lat="47.477850" lon="-120.806785">
        <ele>2293.0</ele>
        <time>2026-07-18T19:44:07Z</time>
      </trkpt>
      <trkpt lat="47.477856" lon="-120.806710">
        <ele>2291.0</ele>
        <time>2026-07-18T19:44:13Z</time>
      </trkpt>
      <trkpt lat="47.477886" lon="-120.806716">
        <ele>2290.0</ele>
        <time>2026-07-18T19:44:21Z</time>
      </trkpt>
      <trkpt lat="47.477915" lon="-120.806510">
        <ele>2294.0</ele>
        <time>2026-07-18T19:45:39Z</time>
      </trkpt>
      <trkpt lat="47.477946" lon="-120.806463">
        <ele>2292.0</ele>
        <time>2026-07-18T19:46:09Z</time>
      </trkpt>
      <trkpt lat="47.477955" lon="-120.806398">
        <ele>2294.0</ele>
        <time>2026-07-18T19:46:15Z</time>
      </trkpt>
      <trkpt lat="47.477947" lon="-120.806295">
        <ele>2294.0</ele>
        <time>2026-07-18T19:46:33Z</time>
      </trkpt>
      <trkpt lat="47.477932" lon="-120.806257">
        <ele>2292.0</ele>
        <time>2026-07-18T19:46:39Z</time>
      </trkpt>
      <trkpt lat="47.477902" lon="-120.806229">
        <ele>2295.0</ele>
        <time>2026-07-18T19:46:43Z</time>
      </trkpt>
      <trkpt lat="47.477843" lon="-120.806224">
        <ele>2290.0</ele>
        <time>2026-07-18T19:46:54Z</time>
      </trkpt>
      <trkpt lat="47.477823" lon="-120.806196">
        <ele>2294.0</ele>
        <time>2026-07-18T19:47:01Z</time>
      </trkpt>
      <trkpt lat="47.477804" lon="-120.806087">
        <ele>2296.0</ele>
        <time>2026-07-18T19:47:23Z</time>
      </trkpt>
      <trkpt lat="47.477813" lon="-120.805955">
        <ele>2293.0</ele>
        <time>2026-07-18T19:47:54Z</time>
      </trkpt>
      <trkpt lat="47.477889" lon="-120.805867">
        <ele>2295.0</ele>
        <time>2026-07-18T19:48:07Z</time>
      </trkpt>
      <trkpt lat="47.477974" lon="-120.805821">
        <ele>2295.0</ele>
        <time>2026-07-18T19:48:20Z</time>
      </trkpt>
      <trkpt lat="47.478034" lon="-120.805760">
        <ele>2289.0</ele>
        <time>2026-07-18T19:48:31Z</time>
      </trkpt>
      <trkpt lat="47.478023" lon="-120.805702">
        <ele>2290.0</ele>
        <time>2026-07-18T19:48:37Z</time>
      </trkpt>
      <trkpt lat="47.478036" lon="-120.805581">
        <ele>2288.0</ele>
        <time>2026-07-18T19:48:46Z</time>
      </trkpt>
      <trkpt lat="47.478011" lon="-120.805503">
        <ele>2289.0</ele>
        <time>2026-07-18T19:48:52Z</time>
      </trkpt>
      <trkpt lat="47.478000" lon="-120.805383">
        <ele>2290.0</ele>
        <time>2026-07-18T19:49:01Z</time>
      </trkpt>
      <trkpt lat="47.477962" lon="-120.805293">
        <ele>2290.0</ele>
        <time>2026-07-18T19:49:09Z</time>
      </trkpt>
      <trkpt lat="47.477966" lon="-120.805210">
        <ele>2289.0</ele>
        <time>2026-07-18T19:49:15Z</time>
      </trkpt>
      <trkpt lat="47.477952" lon="-120.805118">
        <ele>2288.0</ele>
        <time>2026-07-18T19:49:23Z</time>
      </trkpt>
      <trkpt lat="47.477958" lon="-120.805078">
        <ele>2289.0</ele>
        <time>2026-07-18T19:49:25Z</time>
      </trkpt>
      <trkpt lat="47.477995" lon="-120.804998">
        <ele>2287.0</ele>
        <time>2026-07-18T19:49:40Z</time>
      </trkpt>
      <trkpt lat="47.478031" lon="-120.804962">
        <ele>2288.0</ele>
        <time>2026-07-18T19:49:53Z</time>
      </trkpt>
      <trkpt lat="47.478046" lon="-120.804898">
        <ele>2290.0</ele>
        <time>2026-07-18T19:49:59Z</time>
      </trkpt>
      <trkpt lat="47.478082" lon="-120.804860">
        <ele>2286.0</ele>
        <time>2026-07-18T19:50:08Z</time>
      </trkpt>
      <trkpt lat="47.478135" lon="-120.804763">
        <ele>2288.0</ele>
        <time>2026-07-18T19:50:21Z</time>
      </trkpt>
      <trkpt lat="47.478131" lon="-120.804729">
        <ele>2286.0</ele>
        <time>2026-07-18T19:50:25Z</time>
      </trkpt>
      <trkpt lat="47.478106" lon="-120.804708">
        <ele>2285.0</ele>
        <time>2026-07-18T19:50:29Z</time>
      </trkpt>
      <trkpt lat="47.478074" lon="-120.804707">
        <ele>2285.0</ele>
        <time>2026-07-18T19:50:34Z</time>
      </trkpt>
      <trkpt lat="47.478044" lon="-120.804689">
        <ele>2287.0</ele>
        <time>2026-07-18T19:50:38Z</time>
      </trkpt>
      <trkpt lat="47.477996" lon="-120.804605">
        <ele>2288.0</ele>
        <time>2026-07-18T19:50:50Z</time>
      </trkpt>
      <trkpt lat="47.477986" lon="-120.804532">
        <ele>2285.0</ele>
        <time>2026-07-18T19:51:17Z</time>
      </trkpt>
      <trkpt lat="47.477874" lon="-120.804532">
        <ele>2288.0</ele>
        <time>2026-07-18T19:52:04Z</time>
      </trkpt>
      <trkpt lat="47.477901" lon="-120.804510">
        <ele>2288.0</ele>
        <time>2026-07-18T19:52:36Z</time>
      </trkpt>
      <trkpt lat="47.477918" lon="-120.804478">
        <ele>2286.0</ele>
        <time>2026-07-18T19:52:50Z</time>
      </trkpt>
      <trkpt lat="47.477932" lon="-120.804398">
        <ele>2280.0</ele>
        <time>2026-07-18T19:53:04Z</time>
      </trkpt>
      <trkpt lat="47.477914" lon="-120.804298">
        <ele>2284.0</ele>
        <time>2026-07-18T19:53:42Z</time>
      </trkpt>
      <trkpt lat="47.477938" lon="-120.804236">
        <ele>2283.0</ele>
        <time>2026-07-18T19:53:50Z</time>
      </trkpt>
      <trkpt lat="47.477967" lon="-120.804215">
        <ele>2283.0</ele>
        <time>2026-07-18T19:53:54Z</time>
      </trkpt>
      <trkpt lat="47.477967" lon="-120.804149">
        <ele>2280.0</ele>
        <time>2026-07-18T19:54:02Z</time>
      </trkpt>
      <trkpt lat="47.478025" lon="-120.804066">
        <ele>2278.0</ele>
        <time>2026-07-18T19:54:13Z</time>
      </trkpt>
      <trkpt lat="47.478113" lon="-120.803988">
        <ele>2280.0</ele>
        <time>2026-07-18T19:54:43Z</time>
      </trkpt>
      <trkpt lat="47.478126" lon="-120.803947">
        <ele>2280.0</ele>
        <time>2026-07-18T19:54:49Z</time>
      </trkpt>
      <trkpt lat="47.478179" lon="-120.803855">
        <ele>2276.0</ele>
        <time>2026-07-18T19:55:11Z</time>
      </trkpt>
      <trkpt lat="47.478191" lon="-120.803824">
        <ele>2274.0</ele>
        <time>2026-07-18T19:55:16Z</time>
      </trkpt>
      <trkpt lat="47.478174" lon="-120.803799">
        <ele>2276.0</ele>
        <time>2026-07-18T19:55:20Z</time>
      </trkpt>
      <trkpt lat="47.478178" lon="-120.803739">
        <ele>2276.0</ele>
        <time>2026-07-18T19:55:25Z</time>
      </trkpt>
      <trkpt lat="47.478198" lon="-120.803676">
        <ele>2274.0</ele>
        <time>2026-07-18T19:55:31Z</time>
      </trkpt>
      <trkpt lat="47.478204" lon="-120.803604">
        <ele>2276.0</ele>
        <time>2026-07-18T19:55:37Z</time>
      </trkpt>
      <trkpt lat="47.478249" lon="-120.803534">
        <ele>2276.0</ele>
        <time>2026-07-18T19:55:45Z</time>
      </trkpt>
      <trkpt lat="47.478298" lon="-120.803488">
        <ele>2275.0</ele>
        <time>2026-07-18T19:55:53Z</time>
      </trkpt>
      <trkpt lat="47.478321" lon="-120.803425">
        <ele>2276.0</ele>
        <time>2026-07-18T19:56:01Z</time>
      </trkpt>
      <trkpt lat="47.478432" lon="-120.803330">
        <ele>2276.0</ele>
        <time>2026-07-18T19:56:22Z</time>
      </trkpt>
      <trkpt lat="47.478443" lon="-120.803224">
        <ele>2276.0</ele>
        <time>2026-07-18T19:57:00Z</time>
      </trkpt>
      <trkpt lat="47.478574" lon="-120.803219">
        <ele>2273.0</ele>
        <time>2026-07-18T19:57:28Z</time>
      </trkpt>
      <trkpt lat="47.478627" lon="-120.803189">
        <ele>2272.0</ele>
        <time>2026-07-18T19:57:36Z</time>
      </trkpt>
      <trkpt lat="47.478652" lon="-120.803126">
        <ele>2274.0</ele>
        <time>2026-07-18T19:57:51Z</time>
      </trkpt>
      <trkpt lat="47.478812" lon="-120.803095">
        <ele>2271.0</ele>
        <time>2026-07-18T19:58:15Z</time>
      </trkpt>
      <trkpt lat="47.478862" lon="-120.803065">
        <ele>2268.0</ele>
        <time>2026-07-18T19:58:21Z</time>
      </trkpt>
      <trkpt lat="47.478909" lon="-120.803055">
        <ele>2268.0</ele>
        <time>2026-07-18T19:58:26Z</time>
      </trkpt>
      <trkpt lat="47.479000" lon="-120.802945">
        <ele>2264.0</ele>
        <time>2026-07-18T19:58:47Z</time>
      </trkpt>
      <trkpt lat="47.479053" lon="-120.802947">
        <ele>2259.0</ele>
        <time>2026-07-18T19:59:00Z</time>
      </trkpt>
      <trkpt lat="47.479178" lon="-120.802916">
        <ele>2260.0</ele>
        <time>2026-07-18T19:59:24Z</time>
      </trkpt>
      <trkpt lat="47.479249" lon="-120.802854">
        <ele>2261.0</ele>
        <time>2026-07-18T19:59:34Z</time>
      </trkpt>
      <trkpt lat="47.479328" lon="-120.802779">
        <ele>2260.0</ele>
        <time>2026-07-18T19:59:45Z</time>
      </trkpt>
      <trkpt lat="47.479357" lon="-120.802721">
        <ele>2260.0</ele>
        <time>2026-07-18T19:59:52Z</time>
      </trkpt>
      <trkpt lat="47.479382" lon="-120.802700">
        <ele>2260.0</ele>
        <time>2026-07-18T19:59:57Z</time>
      </trkpt>
      <trkpt lat="47.479411" lon="-120.802629">
        <ele>2256.0</ele>
        <time>2026-07-18T20:00:11Z</time>
      </trkpt>
      <trkpt lat="47.479434" lon="-120.802627">
        <ele>2262.0</ele>
        <time>2026-07-18T20:00:22Z</time>
      </trkpt>
      <trkpt lat="47.479493" lon="-120.802564">
        <ele>2256.0</ele>
        <time>2026-07-18T20:00:39Z</time>
      </trkpt>
      <trkpt lat="47.479585" lon="-120.802355">
        <ele>2256.0</ele>
        <time>2026-07-18T20:01:10Z</time>
      </trkpt>
      <trkpt lat="47.479623" lon="-120.802293">
        <ele>2252.0</ele>
        <time>2026-07-18T20:01:23Z</time>
      </trkpt>
      <trkpt lat="47.479640" lon="-120.802203">
        <ele>2254.0</ele>
        <time>2026-07-18T20:01:38Z</time>
      </trkpt>
      <trkpt lat="47.479661" lon="-120.802174">
        <ele>2250.0</ele>
        <time>2026-07-18T20:01:44Z</time>
      </trkpt>
      <trkpt lat="47.479715" lon="-120.802153">
        <ele>2250.0</ele>
        <time>2026-07-18T20:02:03Z</time>
      </trkpt>
      <trkpt lat="47.479778" lon="-120.802062">
        <ele>2252.0</ele>
        <time>2026-07-18T20:02:19Z</time>
      </trkpt>
      <trkpt lat="47.479810" lon="-120.801942">
        <ele>2252.0</ele>
        <time>2026-07-18T20:02:39Z</time>
      </trkpt>
      <trkpt lat="47.479878" lon="-120.801875">
        <ele>2252.0</ele>
        <time>2026-07-18T20:02:50Z</time>
      </trkpt>
      <trkpt lat="47.479892" lon="-120.801822">
        <ele>2255.0</ele>
        <time>2026-07-18T20:03:15Z</time>
      </trkpt>
      <trkpt lat="47.479931" lon="-120.801777">
        <ele>2252.0</ele>
        <time>2026-07-18T20:03:29Z</time>
      </trkpt>
      <trkpt lat="47.480007" lon="-120.801763">
        <ele>2250.0</ele>
        <time>2026-07-18T20:04:03Z</time>
      </trkpt>
      <trkpt lat="47.480099" lon="-120.801802">
        <ele>2244.0</ele>
        <time>2026-07-18T20:05:05Z</time>
      </trkpt>
      <trkpt lat="47.480160" lon="-120.801757">
        <ele>2245.0</ele>
        <time>2026-07-18T20:05:18Z</time>
      </trkpt>
      <trkpt lat="47.480199" lon="-120.801780">
        <ele>2240.0</ele>
        <time>2026-07-18T20:05:44Z</time>
      </trkpt>
      <trkpt lat="47.480264" lon="-120.801725">
        <ele>2240.0</ele>
        <time>2026-07-18T20:06:06Z</time>
      </trkpt>
      <trkpt lat="47.480294" lon="-120.801714">
        <ele>2240.0</ele>
        <time>2026-07-18T20:06:14Z</time>
      </trkpt>
      <trkpt lat="47.480320" lon="-120.801690">
        <ele>2233.0</ele>
        <time>2026-07-18T20:06:22Z</time>
      </trkpt>
      <trkpt lat="47.480342" lon="-120.801642">
        <ele>2239.5</ele>
        <time>2026-07-18T20:06:33Z</time>
      </trkpt>
      <trkpt lat="47.480330" lon="-120.801623">
        <ele>2238.0</ele>
        <time>2026-07-18T20:06:36Z</time>
      </trkpt>
      <trkpt lat="47.480343" lon="-120.801553">
        <ele>2234.0</ele>
        <time>2026-07-18T20:06:49Z</time>
      </trkpt>
      <trkpt lat="47.480327" lon="-120.801484">
        <ele>2238.0</ele>
        <time>2026-07-18T20:07:02Z</time>
      </trkpt>
      <trkpt lat="47.480389" lon="-120.801415">
        <ele>2235.0</ele>
        <time>2026-07-18T20:07:26Z</time>
      </trkpt>
      <trkpt lat="47.480421" lon="-120.801405">
        <ele>2230.0</ele>
        <time>2026-07-18T20:07:47Z</time>
      </trkpt>
      <trkpt lat="47.480498" lon="-120.801272">
        <ele>2224.0</ele>
        <time>2026-07-18T20:08:54Z</time>
      </trkpt>
      <trkpt lat="47.480545" lon="-120.801301">
        <ele>2226.0</ele>
        <time>2026-07-18T20:09:19Z</time>
      </trkpt>
      <trkpt lat="47.480582" lon="-120.801198">
        <ele>2222.0</ele>
        <time>2026-07-18T20:10:43Z</time>
      </trkpt>
      <trkpt lat="47.480609" lon="-120.801180">
        <ele>2207.0</ele>
        <time>2026-07-18T20:11:37Z</time>
      </trkpt>
      <trkpt lat="47.480636" lon="-120.801115">
        <ele>2214.0</ele>
        <time>2026-07-18T20:11:58Z</time>
      </trkpt>
      <trkpt lat="47.480678" lon="-120.800933">
        <ele>2212.0</ele>
        <time>2026-07-18T20:12:52Z</time>
      </trkpt>
      <trkpt lat="47.480703" lon="-120.800906">
        <ele>2205.0</ele>
        <time>2026-07-18T20:13:12Z</time>
      </trkpt>
      <trkpt lat="47.480724" lon="-120.800830">
        <ele>2200.0</ele>
        <time>2026-07-18T20:13:33Z</time>
      </trkpt>
      <trkpt lat="47.480757" lon="-120.800800">
        <ele>2203.0</ele>
        <time>2026-07-18T20:13:50Z</time>
      </trkpt>
      <trkpt lat="47.480806" lon="-120.800684">
        <ele>2201.0</ele>
        <time>2026-07-18T20:14:12Z</time>
      </trkpt>
      <trkpt lat="47.480827" lon="-120.800571">
        <ele>2200.0</ele>
        <time>2026-07-18T20:14:27Z</time>
      </trkpt>
      <trkpt lat="47.480818" lon="-120.800523">
        <ele>2201.0</ele>
        <time>2026-07-18T20:14:33Z</time>
      </trkpt>
      <trkpt lat="47.480787" lon="-120.800451">
        <ele>2200.7</ele>
        <time>2026-07-18T20:14:42Z</time>
      </trkpt>
      <trkpt lat="47.480788" lon="-120.800421">
        <ele>2199.0</ele>
        <time>2026-07-18T20:14:48Z</time>
      </trkpt>
      <trkpt lat="47.480814" lon="-120.800386">
        <ele>2196.0</ele>
        <time>2026-07-18T20:15:02Z</time>
      </trkpt>
      <trkpt lat="47.480847" lon="-120.800418">
        <ele>2180.0</ele>
        <time>2026-07-18T20:15:22Z</time>
      </trkpt>
      <trkpt lat="47.480811" lon="-120.800393">
        <ele>2194.0</ele>
        <time>2026-07-18T20:15:46Z</time>
      </trkpt>
      <trkpt lat="47.480776" lon="-120.800406">
        <ele>2193.0</ele>
        <time>2026-07-18T20:16:01Z</time>
      </trkpt>
      <trkpt lat="47.480771" lon="-120.800335">
        <ele>2199.0</ele>
        <time>2026-07-18T20:16:15Z</time>
      </trkpt>
      <trkpt lat="47.480757" lon="-120.800303">
        <ele>2197.0</ele>
        <time>2026-07-18T20:16:18Z</time>
      </trkpt>
      <trkpt lat="47.480785" lon="-120.800107">
        <ele>2198.1</ele>
        <time>2026-07-18T20:16:38Z</time>
      </trkpt>
      <trkpt lat="47.480787" lon="-120.800032">
        <ele>2195.0</ele>
        <time>2026-07-18T20:16:46Z</time>
      </trkpt>
      <trkpt lat="47.480818" lon="-120.799972">
        <ele>2190.0</ele>
        <time>2026-07-18T20:16:59Z</time>
      </trkpt>
      <trkpt lat="47.480808" lon="-120.799859">
        <ele>2193.0</ele>
        <time>2026-07-18T20:17:28Z</time>
      </trkpt>
      <trkpt lat="47.480832" lon="-120.799750">
        <ele>2184.0</ele>
        <time>2026-07-18T20:17:51Z</time>
      </trkpt>
      <trkpt lat="47.480817" lon="-120.799714">
        <ele>2194.0</ele>
        <time>2026-07-18T20:17:58Z</time>
      </trkpt>
      <trkpt lat="47.480763" lon="-120.799655">
        <ele>2193.0</ele>
        <time>2026-07-18T20:18:09Z</time>
      </trkpt>
      <trkpt lat="47.480760" lon="-120.799591">
        <ele>2192.0</ele>
        <time>2026-07-18T20:18:18Z</time>
      </trkpt>
      <trkpt lat="47.480728" lon="-120.799547">
        <ele>2193.0</ele>
        <time>2026-07-18T20:18:23Z</time>
      </trkpt>
      <trkpt lat="47.480710" lon="-120.799496">
        <ele>2192.0</ele>
        <time>2026-07-18T20:18:29Z</time>
      </trkpt>
      <trkpt lat="47.480701" lon="-120.799454">
        <ele>2196.0</ele>
        <time>2026-07-18T20:38:52Z</time>
      </trkpt>
      <trkpt lat="47.480885" lon="-120.799788">
        <ele>2195.0</ele>
        <time>2026-07-18T20:39:30Z</time>
      </trkpt>
      <trkpt lat="47.480918" lon="-120.799797">
        <ele>2197.0</ele>
        <time>2026-07-18T20:39:34Z</time>
      </trkpt>
      <trkpt lat="47.480950" lon="-120.799784">
        <ele>2194.0</ele>
        <time>2026-07-18T20:39:40Z</time>
      </trkpt>
      <trkpt lat="47.481010" lon="-120.799816">
        <ele>2197.0</ele>
        <time>2026-07-18T20:39:48Z</time>
      </trkpt>
      <trkpt lat="47.481040" lon="-120.799816">
        <ele>2197.0</ele>
        <time>2026-07-18T20:39:57Z</time>
      </trkpt>
      <trkpt lat="47.481059" lon="-120.799843">
        <ele>2198.0</ele>
        <time>2026-07-18T20:40:07Z</time>
      </trkpt>
      <trkpt lat="47.481125" lon="-120.799821">
        <ele>2198.0</ele>
        <time>2026-07-18T20:40:20Z</time>
      </trkpt>
      <trkpt lat="47.481215" lon="-120.799829">
        <ele>2196.0</ele>
        <time>2026-07-18T20:40:32Z</time>
      </trkpt>
      <trkpt lat="47.481249" lon="-120.799836">
        <ele>2195.0</ele>
        <time>2026-07-18T20:40:37Z</time>
      </trkpt>
      <trkpt lat="47.481342" lon="-120.799881">
        <ele>2197.0</ele>
        <time>2026-07-18T20:40:50Z</time>
      </trkpt>
      <trkpt lat="47.481370" lon="-120.799863">
        <ele>2200.0</ele>
        <time>2026-07-18T20:40:54Z</time>
      </trkpt>
      <trkpt lat="47.481387" lon="-120.799834">
        <ele>2200.0</ele>
        <time>2026-07-18T20:40:57Z</time>
      </trkpt>
      <trkpt lat="47.481454" lon="-120.799824">
        <ele>2200.0</ele>
        <time>2026-07-18T20:41:09Z</time>
      </trkpt>
      <trkpt lat="47.481562" lon="-120.799766">
        <ele>2198.0</ele>
        <time>2026-07-18T20:41:33Z</time>
      </trkpt>
      <trkpt lat="47.481597" lon="-120.799768">
        <ele>2200.0</ele>
        <time>2026-07-18T20:41:38Z</time>
      </trkpt>
      <trkpt lat="47.481632" lon="-120.799800">
        <ele>2201.0</ele>
        <time>2026-07-18T20:41:42Z</time>
      </trkpt>
      <trkpt lat="47.481664" lon="-120.799763">
        <ele>2200.0</ele>
        <time>2026-07-18T20:41:47Z</time>
      </trkpt>
      <trkpt lat="47.481709" lon="-120.799786">
        <ele>2202.0</ele>
        <time>2026-07-18T20:41:53Z</time>
      </trkpt>
      <trkpt lat="47.481740" lon="-120.799790">
        <ele>2200.0</ele>
        <time>2026-07-18T20:41:56Z</time>
      </trkpt>
      <trkpt lat="47.481790" lon="-120.799748">
        <ele>2200.0</ele>
        <time>2026-07-18T20:42:10Z</time>
      </trkpt>
      <trkpt lat="47.481817" lon="-120.799689">
        <ele>2200.0</ele>
        <time>2026-07-18T20:42:25Z</time>
      </trkpt>
      <trkpt lat="47.481849" lon="-120.799695">
        <ele>2198.0</ele>
        <time>2026-07-18T20:42:36Z</time>
      </trkpt>
      <trkpt lat="47.481986" lon="-120.799595">
        <ele>2198.0</ele>
        <time>2026-07-18T20:43:27Z</time>
      </trkpt>
      <trkpt lat="47.481999" lon="-120.799572">
        <ele>2197.0</ele>
        <time>2026-07-18T20:43:36Z</time>
      </trkpt>
      <trkpt lat="47.482100" lon="-120.799488">
        <ele>2196.0</ele>
        <time>2026-07-18T20:44:08Z</time>
      </trkpt>
      <trkpt lat="47.482247" lon="-120.799381">
        <ele>2196.0</ele>
        <time>2026-07-18T20:44:30Z</time>
      </trkpt>
      <trkpt lat="47.482290" lon="-120.799324">
        <ele>2197.0</ele>
        <time>2026-07-18T20:44:36Z</time>
      </trkpt>
      <trkpt lat="47.482391" lon="-120.799273">
        <ele>2196.0</ele>
        <time>2026-07-18T20:44:48Z</time>
      </trkpt>
      <trkpt lat="47.482530" lon="-120.799178">
        <ele>2196.0</ele>
        <time>2026-07-18T20:45:07Z</time>
      </trkpt>
      <trkpt lat="47.482580" lon="-120.799123">
        <ele>2195.0</ele>
        <time>2026-07-18T20:45:16Z</time>
      </trkpt>
      <trkpt lat="47.482616" lon="-120.799107">
        <ele>2196.0</ele>
        <time>2026-07-18T20:45:20Z</time>
      </trkpt>
      <trkpt lat="47.482661" lon="-120.799064">
        <ele>2196.0</ele>
        <time>2026-07-18T20:45:29Z</time>
      </trkpt>
      <trkpt lat="47.482708" lon="-120.799000">
        <ele>2199.0</ele>
        <time>2026-07-18T20:45:39Z</time>
      </trkpt>
      <trkpt lat="47.482739" lon="-120.798990">
        <ele>2199.0</ele>
        <time>2026-07-18T20:45:42Z</time>
      </trkpt>
      <trkpt lat="47.482747" lon="-120.798956">
        <ele>2200.0</ele>
        <time>2026-07-18T20:45:45Z</time>
      </trkpt>
      <trkpt lat="47.482823" lon="-120.798851">
        <ele>2196.0</ele>
        <time>2026-07-18T20:46:01Z</time>
      </trkpt>
      <trkpt lat="47.482831" lon="-120.798783">
        <ele>2196.0</ele>
        <time>2026-07-18T20:46:07Z</time>
      </trkpt>
      <trkpt lat="47.482820" lon="-120.798752">
        <ele>2196.0</ele>
        <time>2026-07-18T20:46:11Z</time>
      </trkpt>
      <trkpt lat="47.482828" lon="-120.798689">
        <ele>2196.0</ele>
        <time>2026-07-18T20:46:20Z</time>
      </trkpt>
      <trkpt lat="47.482810" lon="-120.798634">
        <ele>2198.0</ele>
        <time>2026-07-18T20:46:28Z</time>
      </trkpt>
      <trkpt lat="47.482829" lon="-120.798385">
        <ele>2196.0</ele>
        <time>2026-07-18T20:46:52Z</time>
      </trkpt>
      <trkpt lat="47.482805" lon="-120.798289">
        <ele>2193.0</ele>
        <time>2026-07-18T20:47:02Z</time>
      </trkpt>
      <trkpt lat="47.482854" lon="-120.798196">
        <ele>2193.0</ele>
        <time>2026-07-18T20:47:12Z</time>
      </trkpt>
      <trkpt lat="47.482851" lon="-120.798135">
        <ele>2194.0</ele>
        <time>2026-07-18T20:47:18Z</time>
      </trkpt>
      <trkpt lat="47.482861" lon="-120.798058">
        <ele>2190.0</ele>
        <time>2026-07-18T20:47:27Z</time>
      </trkpt>
      <trkpt lat="47.482914" lon="-120.797945">
        <ele>2192.0</ele>
        <time>2026-07-18T20:48:15Z</time>
      </trkpt>
      <trkpt lat="47.482935" lon="-120.797767">
        <ele>2184.0</ele>
        <time>2026-07-18T20:49:02Z</time>
      </trkpt>
      <trkpt lat="47.482870" lon="-120.797710">
        <ele>2183.0</ele>
        <time>2026-07-18T20:49:35Z</time>
      </trkpt>
      <trkpt lat="47.482875" lon="-120.797674">
        <ele>2181.0</ele>
        <time>2026-07-18T20:49:40Z</time>
      </trkpt>
      <trkpt lat="47.482928" lon="-120.797601">
        <ele>2182.0</ele>
        <time>2026-07-18T20:49:53Z</time>
      </trkpt>
      <trkpt lat="47.482947" lon="-120.797512">
        <ele>2180.0</ele>
        <time>2026-07-18T20:50:04Z</time>
      </trkpt>
      <trkpt lat="47.482933" lon="-120.797450">
        <ele>2175.0</ele>
        <time>2026-07-18T20:50:16Z</time>
      </trkpt>
      <trkpt lat="47.482932" lon="-120.797375">
        <ele>2175.0</ele>
        <time>2026-07-18T20:50:29Z</time>
      </trkpt>
      <trkpt lat="47.482909" lon="-120.797307">
        <ele>2175.0</ele>
        <time>2026-07-18T20:50:43Z</time>
      </trkpt>
      <trkpt lat="47.482871" lon="-120.797284">
        <ele>2168.0</ele>
        <time>2026-07-18T20:50:52Z</time>
      </trkpt>
      <trkpt lat="47.482851" lon="-120.797105">
        <ele>2175.0</ele>
        <time>2026-07-18T20:51:16Z</time>
      </trkpt>
      <trkpt lat="47.482884" lon="-120.797052">
        <ele>2176.0</ele>
        <time>2026-07-18T20:51:22Z</time>
      </trkpt>
      <trkpt lat="47.482917" lon="-120.797041">
        <ele>2173.0</ele>
        <time>2026-07-18T20:51:28Z</time>
      </trkpt>
      <trkpt lat="47.482963" lon="-120.796915">
        <ele>2170.0</ele>
        <time>2026-07-18T20:51:57Z</time>
      </trkpt>
      <trkpt lat="47.482972" lon="-120.796825">
        <ele>2172.0</ele>
        <time>2026-07-18T20:52:16Z</time>
      </trkpt>
      <trkpt lat="47.482989" lon="-120.796768">
        <ele>2170.0</ele>
        <time>2026-07-18T20:52:43Z</time>
      </trkpt>
      <trkpt lat="47.483013" lon="-120.796746">
        <ele>2167.0</ele>
        <time>2026-07-18T20:52:48Z</time>
      </trkpt>
      <trkpt lat="47.483040" lon="-120.796652">
        <ele>2165.0</ele>
        <time>2026-07-18T20:53:04Z</time>
      </trkpt>
      <trkpt lat="47.483032" lon="-120.796632">
        <ele>2169.0</ele>
        <time>2026-07-18T20:53:09Z</time>
      </trkpt>
      <trkpt lat="47.483041" lon="-120.796483">
        <ele>2164.0</ele>
        <time>2026-07-18T20:53:29Z</time>
      </trkpt>
      <trkpt lat="47.483057" lon="-120.796454">
        <ele>2166.0</ele>
        <time>2026-07-18T20:53:34Z</time>
      </trkpt>
      <trkpt lat="47.483060" lon="-120.796409">
        <ele>2168.0</ele>
        <time>2026-07-18T20:53:39Z</time>
      </trkpt>
      <trkpt lat="47.483113" lon="-120.796331">
        <ele>2165.0</ele>
        <time>2026-07-18T20:53:48Z</time>
      </trkpt>
      <trkpt lat="47.483138" lon="-120.796240">
        <ele>2167.0</ele>
        <time>2026-07-18T20:53:57Z</time>
      </trkpt>
      <trkpt lat="47.483173" lon="-120.796186">
        <ele>2166.0</ele>
        <time>2026-07-18T20:54:03Z</time>
      </trkpt>
      <trkpt lat="47.483181" lon="-120.796154">
        <ele>2166.0</ele>
        <time>2026-07-18T20:54:06Z</time>
      </trkpt>
      <trkpt lat="47.483154" lon="-120.796050">
        <ele>2165.0</ele>
        <time>2026-07-18T20:54:16Z</time>
      </trkpt>
      <trkpt lat="47.483161" lon="-120.795900">
        <ele>2166.0</ele>
        <time>2026-07-18T20:54:25Z</time>
      </trkpt>
      <trkpt lat="47.483139" lon="-120.795872">
        <ele>2162.0</ele>
        <time>2026-07-18T20:54:32Z</time>
      </trkpt>
      <trkpt lat="47.483175" lon="-120.795796">
        <ele>2168.0</ele>
        <time>2026-07-18T20:54:50Z</time>
      </trkpt>
      <trkpt lat="47.483194" lon="-120.795688">
        <ele>2164.0</ele>
        <time>2026-07-18T20:55:00Z</time>
      </trkpt>
      <trkpt lat="47.483213" lon="-120.795649">
        <ele>2164.0</ele>
        <time>2026-07-18T20:55:02Z</time>
      </trkpt>
      <trkpt lat="47.483214" lon="-120.795566">
        <ele>2164.0</ele>
        <time>2026-07-18T20:55:07Z</time>
      </trkpt>
      <trkpt lat="47.483247" lon="-120.795452">
        <ele>2164.0</ele>
        <time>2026-07-18T20:55:19Z</time>
      </trkpt>
      <trkpt lat="47.483286" lon="-120.795365">
        <ele>2164.0</ele>
        <time>2026-07-18T20:55:26Z</time>
      </trkpt>
      <trkpt lat="47.483336" lon="-120.795352">
        <ele>2163.0</ele>
        <time>2026-07-18T20:55:43Z</time>
      </trkpt>
      <trkpt lat="47.483353" lon="-120.795281">
        <ele>2164.0</ele>
        <time>2026-07-18T20:56:02Z</time>
      </trkpt>
      <trkpt lat="47.483335" lon="-120.795128">
        <ele>2164.0</ele>
        <time>2026-07-18T20:56:50Z</time>
      </trkpt>
      <trkpt lat="47.483310" lon="-120.795051">
        <ele>2166.0</ele>
        <time>2026-07-18T20:57:32Z</time>
      </trkpt>
      <trkpt lat="47.483280" lon="-120.795038">
        <ele>2160.0</ele>
        <time>2026-07-18T20:57:38Z</time>
      </trkpt>
      <trkpt lat="47.483264" lon="-120.795085">
        <ele>2165.0</ele>
        <time>2026-07-18T20:57:45Z</time>
      </trkpt>
      <trkpt lat="47.483231" lon="-120.795119">
        <ele>2163.0</ele>
        <time>2026-07-18T20:57:52Z</time>
      </trkpt>
      <trkpt lat="47.483192" lon="-120.795107">
        <ele>2164.0</ele>
        <time>2026-07-18T20:57:57Z</time>
      </trkpt>
      <trkpt lat="47.483152" lon="-120.795032">
        <ele>2160.0</ele>
        <time>2026-07-18T20:58:07Z</time>
      </trkpt>
      <trkpt lat="47.483116" lon="-120.795017">
        <ele>2164.0</ele>
        <time>2026-07-18T20:58:13Z</time>
      </trkpt>
      <trkpt lat="47.483051" lon="-120.795026">
        <ele>2165.0</ele>
        <time>2026-07-18T20:58:21Z</time>
      </trkpt>
      <trkpt lat="47.483024" lon="-120.795008">
        <ele>2166.0</ele>
        <time>2026-07-18T20:58:25Z</time>
      </trkpt>
      <trkpt lat="47.482987" lon="-120.795012">
        <ele>2162.0</ele>
        <time>2026-07-18T20:58:30Z</time>
      </trkpt>
      <trkpt lat="47.482918" lon="-120.794988">
        <ele>2162.0</ele>
        <time>2026-07-18T20:58:39Z</time>
      </trkpt>
      <trkpt lat="47.482852" lon="-120.795003">
        <ele>2164.0</ele>
        <time>2026-07-18T20:58:48Z</time>
      </trkpt>
      <trkpt lat="47.482812" lon="-120.794983">
        <ele>2164.0</ele>
        <time>2026-07-18T20:58:54Z</time>
      </trkpt>
      <trkpt lat="47.482740" lon="-120.795040">
        <ele>2161.0</ele>
        <time>2026-07-18T20:59:07Z</time>
      </trkpt>
      <trkpt lat="47.482676" lon="-120.794998">
        <ele>2163.0</ele>
        <time>2026-07-18T20:59:21Z</time>
      </trkpt>
      <trkpt lat="47.482603" lon="-120.794876">
        <ele>2165.0</ele>
        <time>2026-07-18T20:59:33Z</time>
      </trkpt>
      <trkpt lat="47.482540" lon="-120.794820">
        <ele>2169.7</ele>
        <time>2026-07-18T20:59:43Z</time>
      </trkpt>
      <trkpt lat="47.482445" lon="-120.794878">
        <ele>2168.0</ele>
        <time>2026-07-18T20:59:53Z</time>
      </trkpt>
      <trkpt lat="47.482260" lon="-120.795058">
        <ele>2168.0</ele>
        <time>2026-07-18T21:00:15Z</time>
      </trkpt>
      <trkpt lat="47.482245" lon="-120.795093">
        <ele>2169.0</ele>
        <time>2026-07-18T21:00:18Z</time>
      </trkpt>
      <trkpt lat="47.482168" lon="-120.795165">
        <ele>2170.0</ele>
        <time>2026-07-18T21:00:28Z</time>
      </trkpt>
      <trkpt lat="47.482034" lon="-120.795206">
        <ele>2166.0</ele>
        <time>2026-07-18T21:00:48Z</time>
      </trkpt>
      <trkpt lat="47.481887" lon="-120.795347">
        <ele>2167.0</ele>
        <time>2026-07-18T21:01:22Z</time>
      </trkpt>
      <trkpt lat="47.481842" lon="-120.795416">
        <ele>2167.0</ele>
        <time>2026-07-18T21:01:31Z</time>
      </trkpt>
      <trkpt lat="47.481758" lon="-120.795470">
        <ele>2166.0</ele>
        <time>2026-07-18T21:01:47Z</time>
      </trkpt>
      <trkpt lat="47.481721" lon="-120.795555">
        <ele>2168.0</ele>
        <time>2026-07-18T21:02:43Z</time>
      </trkpt>
      <trkpt lat="47.481681" lon="-120.795570">
        <ele>2167.0</ele>
        <time>2026-07-18T21:03:05Z</time>
      </trkpt>
      <trkpt lat="47.481639" lon="-120.795528">
        <ele>2168.0</ele>
        <time>2026-07-18T21:03:11Z</time>
      </trkpt>
      <trkpt lat="47.481608" lon="-120.795537">
        <ele>2169.0</ele>
        <time>2026-07-18T21:03:14Z</time>
      </trkpt>
      <trkpt lat="47.481557" lon="-120.795523">
        <ele>2168.0</ele>
        <time>2026-07-18T21:03:23Z</time>
      </trkpt>
      <trkpt lat="47.481470" lon="-120.795532">
        <ele>2170.0</ele>
        <time>2026-07-18T21:03:32Z</time>
      </trkpt>
      <trkpt lat="47.481394" lon="-120.795490">
        <ele>2172.0</ele>
        <time>2026-07-18T21:03:41Z</time>
      </trkpt>
      <trkpt lat="47.481355" lon="-120.795488">
        <ele>2169.0</ele>
        <time>2026-07-18T21:03:45Z</time>
      </trkpt>
      <trkpt lat="47.481323" lon="-120.795472">
        <ele>2171.0</ele>
        <time>2026-07-18T21:03:49Z</time>
      </trkpt>
      <trkpt lat="47.481277" lon="-120.795496">
        <ele>2170.0</ele>
        <time>2026-07-18T21:03:55Z</time>
      </trkpt>
      <trkpt lat="47.481232" lon="-120.795501">
        <ele>2167.0</ele>
        <time>2026-07-18T21:04:00Z</time>
      </trkpt>
      <trkpt lat="47.481167" lon="-120.795460">
        <ele>2168.0</ele>
        <time>2026-07-18T21:04:09Z</time>
      </trkpt>
      <trkpt lat="47.481071" lon="-120.795454">
        <ele>2165.0</ele>
        <time>2026-07-18T21:04:23Z</time>
      </trkpt>
      <trkpt lat="47.481033" lon="-120.795493">
        <ele>2166.0</ele>
        <time>2026-07-18T21:04:35Z</time>
      </trkpt>
      <trkpt lat="47.481003" lon="-120.795481">
        <ele>2164.0</ele>
        <time>2026-07-18T21:04:40Z</time>
      </trkpt>
      <trkpt lat="47.480938" lon="-120.795524">
        <ele>2166.0</ele>
        <time>2026-07-18T21:04:50Z</time>
      </trkpt>
      <trkpt lat="47.480919" lon="-120.795484">
        <ele>2165.0</ele>
        <time>2026-07-18T21:05:54Z</time>
      </trkpt>
      <trkpt lat="47.480844" lon="-120.795511">
        <ele>2162.0</ele>
        <time>2026-07-18T21:06:15Z</time>
      </trkpt>
      <trkpt lat="47.480814" lon="-120.795502">
        <ele>2160.0</ele>
        <time>2026-07-18T21:06:20Z</time>
      </trkpt>
      <trkpt lat="47.480730" lon="-120.795579">
        <ele>2163.0</ele>
        <time>2026-07-18T21:06:34Z</time>
      </trkpt>
      <trkpt lat="47.480711" lon="-120.795607">
        <ele>2164.0</ele>
        <time>2026-07-18T21:06:36Z</time>
      </trkpt>
      <trkpt lat="47.480603" lon="-120.795670">
        <ele>2165.0</ele>
        <time>2026-07-18T21:06:55Z</time>
      </trkpt>
      <trkpt lat="47.480583" lon="-120.795693">
        <ele>2160.0</ele>
        <time>2026-07-18T21:07:02Z</time>
      </trkpt>
      <trkpt lat="47.480519" lon="-120.795705">
        <ele>2164.0</ele>
        <time>2026-07-18T21:07:13Z</time>
      </trkpt>
      <trkpt lat="47.480385" lon="-120.795792">
        <ele>2164.0</ele>
        <time>2026-07-18T21:08:06Z</time>
      </trkpt>
      <trkpt lat="47.480373" lon="-120.795766">
        <ele>2166.0</ele>
        <time>2026-07-18T21:08:20Z</time>
      </trkpt>
      <trkpt lat="47.480199" lon="-120.795796">
        <ele>2170.9</ele>
        <time>2026-07-18T21:08:55Z</time>
      </trkpt>
      <trkpt lat="47.480151" lon="-120.795781">
        <ele>2170.0</ele>
        <time>2026-07-18T21:09:06Z</time>
      </trkpt>
      <trkpt lat="47.480104" lon="-120.795798">
        <ele>2170.0</ele>
        <time>2026-07-18T21:09:16Z</time>
      </trkpt>
      <trkpt lat="47.479930" lon="-120.795829">
        <ele>2172.0</ele>
        <time>2026-07-18T21:09:54Z</time>
      </trkpt>
      <trkpt lat="47.479899" lon="-120.795861">
        <ele>2170.0</ele>
        <time>2026-07-18T21:10:01Z</time>
      </trkpt>
      <trkpt lat="47.479840" lon="-120.795980">
        <ele>2175.0</ele>
        <time>2026-07-18T21:10:30Z</time>
      </trkpt>
      <trkpt lat="47.479795" lon="-120.796014">
        <ele>2172.0</ele>
        <time>2026-07-18T21:10:38Z</time>
      </trkpt>
      <trkpt lat="47.479770" lon="-120.796009">
        <ele>2172.0</ele>
        <time>2026-07-18T21:10:41Z</time>
      </trkpt>
      <trkpt lat="47.479730" lon="-120.796028">
        <ele>2170.0</ele>
        <time>2026-07-18T21:10:49Z</time>
      </trkpt>
      <trkpt lat="47.479694" lon="-120.796086">
        <ele>2170.0</ele>
        <time>2026-07-18T21:10:57Z</time>
      </trkpt>
      <trkpt lat="47.479653" lon="-120.796096">
        <ele>2169.0</ele>
        <time>2026-07-18T21:11:04Z</time>
      </trkpt>
      <trkpt lat="47.479605" lon="-120.796097">
        <ele>2165.0</ele>
        <time>2026-07-18T21:11:17Z</time>
      </trkpt>
      <trkpt lat="47.479507" lon="-120.796031">
        <ele>2169.0</ele>
        <time>2026-07-18T21:11:35Z</time>
      </trkpt>
      <trkpt lat="47.479491" lon="-120.796002">
        <ele>2169.0</ele>
        <time>2026-07-18T21:11:39Z</time>
      </trkpt>
      <trkpt lat="47.479459" lon="-120.795995">
        <ele>2169.0</ele>
        <time>2026-07-18T21:11:44Z</time>
      </trkpt>
      <trkpt lat="47.479421" lon="-120.796023">
        <ele>2164.0</ele>
        <time>2026-07-18T21:12:22Z</time>
      </trkpt>
      <trkpt lat="47.479399" lon="-120.795971">
        <ele>2166.0</ele>
        <time>2026-07-18T21:12:41Z</time>
      </trkpt>
      <trkpt lat="47.479362" lon="-120.795964">
        <ele>2163.0</ele>
        <time>2026-07-18T21:12:54Z</time>
      </trkpt>
      <trkpt lat="47.479275" lon="-120.795897">
        <ele>2166.0</ele>
        <time>2026-07-18T21:13:21Z</time>
      </trkpt>
      <trkpt lat="47.479232" lon="-120.795706">
        <ele>2163.0</ele>
        <time>2026-07-18T21:13:42Z</time>
      </trkpt>
      <trkpt lat="47.479185" lon="-120.795586">
        <ele>2163.0</ele>
        <time>2026-07-18T21:14:01Z</time>
      </trkpt>
      <trkpt lat="47.479175" lon="-120.795500">
        <ele>2165.0</ele>
        <time>2026-07-18T21:14:41Z</time>
      </trkpt>
      <trkpt lat="47.479141" lon="-120.795437">
        <ele>2160.0</ele>
        <time>2026-07-18T21:14:54Z</time>
      </trkpt>
      <trkpt lat="47.479129" lon="-120.795285">
        <ele>2164.0</ele>
        <time>2026-07-18T21:15:16Z</time>
      </trkpt>
      <trkpt lat="47.479169" lon="-120.795228">
        <ele>2160.0</ele>
        <time>2026-07-18T21:15:30Z</time>
      </trkpt>
      <trkpt lat="47.479165" lon="-120.795140">
        <ele>2162.0</ele>
        <time>2026-07-18T21:15:50Z</time>
      </trkpt>
      <trkpt lat="47.479144" lon="-120.795067">
        <ele>2162.0</ele>
        <time>2026-07-18T21:15:57Z</time>
      </trkpt>
      <trkpt lat="47.479151" lon="-120.794954">
        <ele>2162.0</ele>
        <time>2026-07-18T21:16:06Z</time>
      </trkpt>
      <trkpt lat="47.479171" lon="-120.794860">
        <ele>2160.0</ele>
        <time>2026-07-18T21:16:16Z</time>
      </trkpt>
      <trkpt lat="47.479148" lon="-120.794755">
        <ele>2155.0</ele>
        <time>2026-07-18T21:16:55Z</time>
      </trkpt>
      <trkpt lat="47.479171" lon="-120.794722">
        <ele>2163.2</ele>
        <time>2026-07-18T21:17:05Z</time>
      </trkpt>
      <trkpt lat="47.479128" lon="-120.794629">
        <ele>2162.0</ele>
        <time>2026-07-18T21:17:17Z</time>
      </trkpt>
      <trkpt lat="47.479124" lon="-120.794599">
        <ele>2160.0</ele>
        <time>2026-07-18T21:17:20Z</time>
      </trkpt>
      <trkpt lat="47.479138" lon="-120.794513">
        <ele>2161.0</ele>
        <time>2026-07-18T21:17:26Z</time>
      </trkpt>
      <trkpt lat="47.479116" lon="-120.794238">
        <ele>2160.0</ele>
        <time>2026-07-18T21:17:46Z</time>
      </trkpt>
      <trkpt lat="47.479088" lon="-120.794184">
        <ele>2160.0</ele>
        <time>2026-07-18T21:17:51Z</time>
      </trkpt>
      <trkpt lat="47.479052" lon="-120.794073">
        <ele>2160.0</ele>
        <time>2026-07-18T21:18:06Z</time>
      </trkpt>
      <trkpt lat="47.479015" lon="-120.794013">
        <ele>2160.0</ele>
        <time>2026-07-18T21:19:01Z</time>
      </trkpt>
      <trkpt lat="47.478980" lon="-120.793983">
        <ele>2161.0</ele>
        <time>2026-07-18T21:19:40Z</time>
      </trkpt>
      <trkpt lat="47.479027" lon="-120.793909">
        <ele>2160.0</ele>
        <time>2026-07-18T21:19:53Z</time>
      </trkpt>
      <trkpt lat="47.479095" lon="-120.793856">
        <ele>2161.0</ele>
        <time>2026-07-18T21:20:09Z</time>
      </trkpt>
      <trkpt lat="47.479099" lon="-120.793776">
        <ele>2160.0</ele>
        <time>2026-07-18T21:20:20Z</time>
      </trkpt>
      <trkpt lat="47.479175" lon="-120.793723">
        <ele>2160.0</ele>
        <time>2026-07-18T21:20:39Z</time>
      </trkpt>
      <trkpt lat="47.479219" lon="-120.793674">
        <ele>2156.0</ele>
        <time>2026-07-18T21:20:52Z</time>
      </trkpt>
      <trkpt lat="47.479288" lon="-120.793488">
        <ele>2160.0</ele>
        <time>2026-07-18T21:21:17Z</time>
      </trkpt>
      <trkpt lat="47.479319" lon="-120.793432">
        <ele>2160.0</ele>
        <time>2026-07-18T21:21:26Z</time>
      </trkpt>
      <trkpt lat="47.479396" lon="-120.793364">
        <ele>2157.0</ele>
        <time>2026-07-18T21:21:40Z</time>
      </trkpt>
      <trkpt lat="47.479420" lon="-120.793306">
        <ele>2157.0</ele>
        <time>2026-07-18T21:21:53Z</time>
      </trkpt>
      <trkpt lat="47.479449" lon="-120.793189">
        <ele>2157.0</ele>
        <time>2026-07-18T21:22:12Z</time>
      </trkpt>
      <trkpt lat="47.479494" lon="-120.793155">
        <ele>2153.0</ele>
        <time>2026-07-18T21:22:21Z</time>
      </trkpt>
      <trkpt lat="47.479530" lon="-120.793106">
        <ele>2152.0</ele>
        <time>2026-07-18T21:22:34Z</time>
      </trkpt>
      <trkpt lat="47.479558" lon="-120.793098">
        <ele>2152.0</ele>
        <time>2026-07-18T21:22:41Z</time>
      </trkpt>
      <trkpt lat="47.479586" lon="-120.793073">
        <ele>2143.0</ele>
        <time>2026-07-18T21:22:58Z</time>
      </trkpt>
      <trkpt lat="47.479643" lon="-120.793064">
        <ele>2148.0</ele>
        <time>2026-07-18T21:23:31Z</time>
      </trkpt>
      <trkpt lat="47.479681" lon="-120.793026">
        <ele>2144.0</ele>
        <time>2026-07-18T21:24:10Z</time>
      </trkpt>
      <trkpt lat="47.479720" lon="-120.792891">
        <ele>2136.0</ele>
        <time>2026-07-18T21:24:33Z</time>
      </trkpt>
      <trkpt lat="47.479767" lon="-120.792843">
        <ele>2136.0</ele>
        <time>2026-07-18T21:24:49Z</time>
      </trkpt>
      <trkpt lat="47.479815" lon="-120.792831">
        <ele>2137.0</ele>
        <time>2026-07-18T21:24:58Z</time>
      </trkpt>
      <trkpt lat="47.479843" lon="-120.792810">
        <ele>2136.0</ele>
        <time>2026-07-18T21:25:05Z</time>
      </trkpt>
      <trkpt lat="47.479864" lon="-120.792778">
        <ele>2135.0</ele>
        <time>2026-07-18T21:25:12Z</time>
      </trkpt>
      <trkpt lat="47.479867" lon="-120.792703">
        <ele>2136.0</ele>
        <time>2026-07-18T21:25:20Z</time>
      </trkpt>
      <trkpt lat="47.479900" lon="-120.792606">
        <ele>2128.0</ele>
        <time>2026-07-18T21:25:38Z</time>
      </trkpt>
      <trkpt lat="47.480021" lon="-120.792576">
        <ele>2129.0</ele>
        <time>2026-07-18T21:26:06Z</time>
      </trkpt>
      <trkpt lat="47.480024" lon="-120.792496">
        <ele>2124.0</ele>
        <time>2026-07-18T21:26:21Z</time>
      </trkpt>
      <trkpt lat="47.479985" lon="-120.792449">
        <ele>2128.0</ele>
        <time>2026-07-18T21:26:31Z</time>
      </trkpt>
      <trkpt lat="47.479978" lon="-120.792381">
        <ele>2128.0</ele>
        <time>2026-07-18T21:26:38Z</time>
      </trkpt>
      <trkpt lat="47.480011" lon="-120.792148">
        <ele>2125.0</ele>
        <time>2026-07-18T21:27:09Z</time>
      </trkpt>
      <trkpt lat="47.480036" lon="-120.792086">
        <ele>2126.0</ele>
        <time>2026-07-18T21:27:15Z</time>
      </trkpt>
      <trkpt lat="47.480046" lon="-120.792017">
        <ele>2124.0</ele>
        <time>2026-07-18T21:27:21Z</time>
      </trkpt>
      <trkpt lat="47.480081" lon="-120.791996">
        <ele>2125.0</ele>
        <time>2026-07-18T21:27:26Z</time>
      </trkpt>
      <trkpt lat="47.480114" lon="-120.791996">
        <ele>2125.0</ele>
        <time>2026-07-18T21:27:31Z</time>
      </trkpt>
      <trkpt lat="47.480156" lon="-120.791901">
        <ele>2124.0</ele>
        <time>2026-07-18T21:28:42Z</time>
      </trkpt>
      <trkpt lat="47.480142" lon="-120.791831">
        <ele>2122.0</ele>
        <time>2026-07-18T21:29:08Z</time>
      </trkpt>
      <trkpt lat="47.480244" lon="-120.791809">
        <ele>2126.0</ele>
        <time>2026-07-18T21:30:14Z</time>
      </trkpt>
      <trkpt lat="47.480262" lon="-120.791732">
        <ele>2124.0</ele>
        <time>2026-07-18T21:30:25Z</time>
      </trkpt>
      <trkpt lat="47.480294" lon="-120.791655">
        <ele>2124.0</ele>
        <time>2026-07-18T21:30:33Z</time>
      </trkpt>
      <trkpt lat="47.480318" lon="-120.791633">
        <ele>2124.0</ele>
        <time>2026-07-18T21:30:37Z</time>
      </trkpt>
      <trkpt lat="47.480369" lon="-120.791629">
        <ele>2124.0</ele>
        <time>2026-07-18T21:30:41Z</time>
      </trkpt>
      <trkpt lat="47.480424" lon="-120.791584">
        <ele>2124.0</ele>
        <time>2026-07-18T21:30:46Z</time>
      </trkpt>
      <trkpt lat="47.480451" lon="-120.791545">
        <ele>2120.0</ele>
        <time>2026-07-18T21:30:51Z</time>
      </trkpt>
      <trkpt lat="47.480463" lon="-120.791480">
        <ele>2116.0</ele>
        <time>2026-07-18T21:31:00Z</time>
      </trkpt>
      <trkpt lat="47.480398" lon="-120.791405">
        <ele>2124.0</ele>
        <time>2026-07-18T21:31:10Z</time>
      </trkpt>
      <trkpt lat="47.480387" lon="-120.791335">
        <ele>2128.0</ele>
        <time>2026-07-18T21:31:17Z</time>
      </trkpt>
      <trkpt lat="47.480396" lon="-120.791293">
        <ele>2127.0</ele>
        <time>2026-07-18T21:31:21Z</time>
      </trkpt>
      <trkpt lat="47.480393" lon="-120.791221">
        <ele>2125.0</ele>
        <time>2026-07-18T21:31:28Z</time>
      </trkpt>
      <trkpt lat="47.480266" lon="-120.791047">
        <ele>2125.0</ele>
        <time>2026-07-18T21:32:35Z</time>
      </trkpt>
      <trkpt lat="47.480262" lon="-120.791019">
        <ele>2125.0</ele>
        <time>2026-07-18T21:32:39Z</time>
      </trkpt>
      <trkpt lat="47.480224" lon="-120.790952">
        <ele>2123.0</ele>
        <time>2026-07-18T21:32:58Z</time>
      </trkpt>
      <trkpt lat="47.480207" lon="-120.790839">
        <ele>2127.0</ele>
        <time>2026-07-18T21:33:10Z</time>
      </trkpt>
      <trkpt lat="47.480186" lon="-120.790805">
        <ele>2127.0</ele>
        <time>2026-07-18T21:33:14Z</time>
      </trkpt>
      <trkpt lat="47.480144" lon="-120.790807">
        <ele>2125.0</ele>
        <time>2026-07-18T21:39:13Z</time>
      </trkpt>
      <trkpt lat="47.480159" lon="-120.790785">
        <ele>2124.0</ele>
        <time>2026-07-18T21:42:23Z</time>
      </trkpt>
      <trkpt lat="47.480157" lon="-120.790728">
        <ele>2124.0</ele>
        <time>2026-07-18T21:43:40Z</time>
      </trkpt>
      <trkpt lat="47.480133" lon="-120.790669">
        <ele>2124.0</ele>
        <time>2026-07-18T21:43:48Z</time>
      </trkpt>
      <trkpt lat="47.480097" lon="-120.790617">
        <ele>2124.0</ele>
        <time>2026-07-18T21:43:57Z</time>
      </trkpt>
      <trkpt lat="47.480056" lon="-120.790502">
        <ele>2124.0</ele>
        <time>2026-07-18T21:44:07Z</time>
      </trkpt>
      <trkpt lat="47.480006" lon="-120.790404">
        <ele>2122.0</ele>
        <time>2026-07-18T21:44:16Z</time>
      </trkpt>
      <trkpt lat="47.479984" lon="-120.790315">
        <ele>2121.0</ele>
        <time>2026-07-18T21:44:23Z</time>
      </trkpt>
      <trkpt lat="47.479935" lon="-120.790217">
        <ele>2120.0</ele>
        <time>2026-07-18T21:44:33Z</time>
      </trkpt>
      <trkpt lat="47.479887" lon="-120.790169">
        <ele>2120.0</ele>
        <time>2026-07-18T21:44:40Z</time>
      </trkpt>
      <trkpt lat="47.479883" lon="-120.790138">
        <ele>2120.0</ele>
        <time>2026-07-18T21:44:44Z</time>
      </trkpt>
      <trkpt lat="47.479857" lon="-120.790109">
        <ele>2120.0</ele>
        <time>2026-07-18T21:44:48Z</time>
      </trkpt>
      <trkpt lat="47.479834" lon="-120.790046">
        <ele>2120.0</ele>
        <time>2026-07-18T21:44:56Z</time>
      </trkpt>
      <trkpt lat="47.479788" lon="-120.789981">
        <ele>2119.0</ele>
        <time>2026-07-18T21:45:13Z</time>
      </trkpt>
      <trkpt lat="47.479755" lon="-120.789977">
        <ele>2112.0</ele>
        <time>2026-07-18T21:45:30Z</time>
      </trkpt>
      <trkpt lat="47.479729" lon="-120.789955">
        <ele>2115.0</ele>
        <time>2026-07-18T21:45:39Z</time>
      </trkpt>
      <trkpt lat="47.479723" lon="-120.789884">
        <ele>2114.0</ele>
        <time>2026-07-18T21:45:54Z</time>
      </trkpt>
      <trkpt lat="47.479671" lon="-120.789738">
        <ele>2112.0</ele>
        <time>2026-07-18T21:46:22Z</time>
      </trkpt>
      <trkpt lat="47.479662" lon="-120.789679">
        <ele>2112.0</ele>
        <time>2026-07-18T21:46:27Z</time>
      </trkpt>
      <trkpt lat="47.479631" lon="-120.789663">
        <ele>2112.0</ele>
        <time>2026-07-18T21:46:32Z</time>
      </trkpt>
      <trkpt lat="47.479619" lon="-120.789635">
        <ele>2112.0</ele>
        <time>2026-07-18T21:46:36Z</time>
      </trkpt>
      <trkpt lat="47.479642" lon="-120.789606">
        <ele>2110.0</ele>
        <time>2026-07-18T21:46:41Z</time>
      </trkpt>
      <trkpt lat="47.479709" lon="-120.789442">
        <ele>2112.0</ele>
        <time>2026-07-18T21:47:02Z</time>
      </trkpt>
      <trkpt lat="47.479728" lon="-120.789348">
        <ele>2111.0</ele>
        <time>2026-07-18T21:47:13Z</time>
      </trkpt>
      <trkpt lat="47.479727" lon="-120.789262">
        <ele>2112.0</ele>
        <time>2026-07-18T21:47:19Z</time>
      </trkpt>
      <trkpt lat="47.479697" lon="-120.789221">
        <ele>2112.0</ele>
        <time>2026-07-18T21:47:28Z</time>
      </trkpt>
      <trkpt lat="47.479689" lon="-120.789170">
        <ele>2110.0</ele>
        <time>2026-07-18T21:47:34Z</time>
      </trkpt>
      <trkpt lat="47.479691" lon="-120.789060">
        <ele>2112.0</ele>
        <time>2026-07-18T21:47:47Z</time>
      </trkpt>
      <trkpt lat="47.479662" lon="-120.789001">
        <ele>2110.0</ele>
        <time>2026-07-18T21:48:00Z</time>
      </trkpt>
      <trkpt lat="47.479690" lon="-120.788933">
        <ele>2109.0</ele>
        <time>2026-07-18T21:48:11Z</time>
      </trkpt>
      <trkpt lat="47.479673" lon="-120.788827">
        <ele>2104.0</ele>
        <time>2026-07-18T21:48:24Z</time>
      </trkpt>
      <trkpt lat="47.479691" lon="-120.788799">
        <ele>2106.0</ele>
        <time>2026-07-18T21:48:29Z</time>
      </trkpt>
      <trkpt lat="47.479674" lon="-120.788709">
        <ele>2106.0</ele>
        <time>2026-07-18T21:48:38Z</time>
      </trkpt>
      <trkpt lat="47.479670" lon="-120.788577">
        <ele>2105.0</ele>
        <time>2026-07-18T21:48:55Z</time>
      </trkpt>
      <trkpt lat="47.479591" lon="-120.788446">
        <ele>2106.0</ele>
        <time>2026-07-18T21:49:25Z</time>
      </trkpt>
      <trkpt lat="47.479577" lon="-120.788321">
        <ele>2100.0</ele>
        <time>2026-07-18T21:49:46Z</time>
      </trkpt>
      <trkpt lat="47.479511" lon="-120.788313">
        <ele>2100.0</ele>
        <time>2026-07-18T21:49:57Z</time>
      </trkpt>
      <trkpt lat="47.479506" lon="-120.788282">
        <ele>2100.0</ele>
        <time>2026-07-18T21:50:02Z</time>
      </trkpt>
      <trkpt lat="47.479528" lon="-120.788220">
        <ele>2100.0</ele>
        <time>2026-07-18T21:50:16Z</time>
      </trkpt>
      <trkpt lat="47.479564" lon="-120.788196">
        <ele>2100.0</ele>
        <time>2026-07-18T21:50:21Z</time>
      </trkpt>
      <trkpt lat="47.479589" lon="-120.788165">
        <ele>2100.0</ele>
        <time>2026-07-18T21:50:24Z</time>
      </trkpt>
      <trkpt lat="47.479626" lon="-120.788089">
        <ele>2100.0</ele>
        <time>2026-07-18T21:50:32Z</time>
      </trkpt>
      <trkpt lat="47.479615" lon="-120.788030">
        <ele>2100.0</ele>
        <time>2026-07-18T21:50:38Z</time>
      </trkpt>
      <trkpt lat="47.479570" lon="-120.787932">
        <ele>2103.0</ele>
        <time>2026-07-18T21:50:49Z</time>
      </trkpt>
      <trkpt lat="47.479557" lon="-120.787852">
        <ele>2102.0</ele>
        <time>2026-07-18T21:50:57Z</time>
      </trkpt>
      <trkpt lat="47.479537" lon="-120.787828">
        <ele>2100.0</ele>
        <time>2026-07-18T21:51:00Z</time>
      </trkpt>
      <trkpt lat="47.479534" lon="-120.787781">
        <ele>2101.0</ele>
        <time>2026-07-18T21:51:06Z</time>
      </trkpt>
      <trkpt lat="47.479580" lon="-120.787806">
        <ele>2101.0</ele>
        <time>2026-07-18T21:51:12Z</time>
      </trkpt>
      <trkpt lat="47.479619" lon="-120.787786">
        <ele>2100.0</ele>
        <time>2026-07-18T21:51:19Z</time>
      </trkpt>
      <trkpt lat="47.479638" lon="-120.787759">
        <ele>2101.0</ele>
        <time>2026-07-18T21:51:23Z</time>
      </trkpt>
      <trkpt lat="47.479653" lon="-120.787694">
        <ele>2104.0</ele>
        <time>2026-07-18T21:51:33Z</time>
      </trkpt>
      <trkpt lat="47.479648" lon="-120.787596">
        <ele>2104.0</ele>
        <time>2026-07-18T21:51:43Z</time>
      </trkpt>
      <trkpt lat="47.479611" lon="-120.787402">
        <ele>2104.0</ele>
        <time>2026-07-18T21:52:11Z</time>
      </trkpt>
      <trkpt lat="47.479628" lon="-120.787367">
        <ele>2104.0</ele>
        <time>2026-07-18T21:52:14Z</time>
      </trkpt>
      <trkpt lat="47.479643" lon="-120.787230">
        <ele>2106.0</ele>
        <time>2026-07-18T21:52:27Z</time>
      </trkpt>
      <trkpt lat="47.479646" lon="-120.787125">
        <ele>2103.0</ele>
        <time>2026-07-18T21:52:36Z</time>
      </trkpt>
      <trkpt lat="47.479625" lon="-120.787034">
        <ele>2104.0</ele>
        <time>2026-07-18T21:52:45Z</time>
      </trkpt>
      <trkpt lat="47.479619" lon="-120.786923">
        <ele>2100.0</ele>
        <time>2026-07-18T21:52:57Z</time>
      </trkpt>
      <trkpt lat="47.479639" lon="-120.786813">
        <ele>2102.0</ele>
        <time>2026-07-18T21:53:10Z</time>
      </trkpt>
      <trkpt lat="47.479690" lon="-120.786774">
        <ele>2103.0</ele>
        <time>2026-07-18T21:53:17Z</time>
      </trkpt>
      <trkpt lat="47.479780" lon="-120.786515">
        <ele>2100.0</ele>
        <time>2026-07-18T21:53:44Z</time>
      </trkpt>
      <trkpt lat="47.479775" lon="-120.786480">
        <ele>2100.0</ele>
        <time>2026-07-18T21:53:47Z</time>
      </trkpt>
      <trkpt lat="47.479817" lon="-120.786413">
        <ele>2100.0</ele>
        <time>2026-07-18T21:53:54Z</time>
      </trkpt>
      <trkpt lat="47.479819" lon="-120.786372">
        <ele>2100.0</ele>
        <time>2026-07-18T21:53:57Z</time>
      </trkpt>
      <trkpt lat="47.479862" lon="-120.786335">
        <ele>2100.0</ele>
        <time>2026-07-18T21:54:04Z</time>
      </trkpt>
      <trkpt lat="47.479884" lon="-120.786295">
        <ele>2100.0</ele>
        <time>2026-07-18T21:54:08Z</time>
      </trkpt>
      <trkpt lat="47.479889" lon="-120.786233">
        <ele>2100.0</ele>
        <time>2026-07-18T21:54:17Z</time>
      </trkpt>
      <trkpt lat="47.479800" lon="-120.786107">
        <ele>2101.0</ele>
        <time>2026-07-18T21:54:43Z</time>
      </trkpt>
      <trkpt lat="47.479793" lon="-120.785989">
        <ele>2106.0</ele>
        <time>2026-07-18T21:55:00Z</time>
      </trkpt>
      <trkpt lat="47.479846" lon="-120.785925">
        <ele>2106.7</ele>
        <time>2026-07-18T21:55:14Z</time>
      </trkpt>
      <trkpt lat="47.479930" lon="-120.785899">
        <ele>2104.0</ele>
        <time>2026-07-18T21:55:30Z</time>
      </trkpt>
      <trkpt lat="47.479952" lon="-120.785873">
        <ele>2106.0</ele>
        <time>2026-07-18T21:55:33Z</time>
      </trkpt>
      <trkpt lat="47.480025" lon="-120.785643">
        <ele>2106.0</ele>
        <time>2026-07-18T21:57:12Z</time>
      </trkpt>
      <trkpt lat="47.480043" lon="-120.785615">
        <ele>2106.0</ele>
        <time>2026-07-18T21:57:15Z</time>
      </trkpt>
      <trkpt lat="47.480100" lon="-120.785581">
        <ele>2105.0</ele>
        <time>2026-07-18T21:57:23Z</time>
      </trkpt>
      <trkpt lat="47.480077" lon="-120.785519">
        <ele>2104.0</ele>
        <time>2026-07-18T21:57:40Z</time>
      </trkpt>
      <trkpt lat="47.480092" lon="-120.785475">
        <ele>2106.0</ele>
        <time>2026-07-18T21:57:44Z</time>
      </trkpt>
      <trkpt lat="47.480116" lon="-120.785469">
        <ele>2106.0</ele>
        <time>2026-07-18T21:57:47Z</time>
      </trkpt>
      <trkpt lat="47.480199" lon="-120.785390">
        <ele>2105.0</ele>
        <time>2026-07-18T21:58:04Z</time>
      </trkpt>
      <trkpt lat="47.480303" lon="-120.785387">
        <ele>2108.0</ele>
        <time>2026-07-18T21:58:36Z</time>
      </trkpt>
      <trkpt lat="47.480320" lon="-120.785339">
        <ele>2109.0</ele>
        <time>2026-07-18T21:58:48Z</time>
      </trkpt>
      <trkpt lat="47.480332" lon="-120.785213">
        <ele>2100.0</ele>
        <time>2026-07-18T21:59:20Z</time>
      </trkpt>
      <trkpt lat="47.480367" lon="-120.785126">
        <ele>2097.0</ele>
        <time>2026-07-18T21:59:52Z</time>
      </trkpt>
      <trkpt lat="47.480408" lon="-120.784949">
        <ele>2100.0</ele>
        <time>2026-07-18T22:00:30Z</time>
      </trkpt>
      <trkpt lat="47.480425" lon="-120.784923">
        <ele>2100.0</ele>
        <time>2026-07-18T22:00:35Z</time>
      </trkpt>
      <trkpt lat="47.480422" lon="-120.784857">
        <ele>2100.0</ele>
        <time>2026-07-18T22:00:44Z</time>
      </trkpt>
      <trkpt lat="47.480458" lon="-120.784792">
        <ele>2100.0</ele>
        <time>2026-07-18T22:01:12Z</time>
      </trkpt>
      <trkpt lat="47.480445" lon="-120.784770">
        <ele>2098.0</ele>
        <time>2026-07-18T22:02:31Z</time>
      </trkpt>
      <trkpt lat="47.480448" lon="-120.784702">
        <ele>2095.0</ele>
        <time>2026-07-18T22:02:44Z</time>
      </trkpt>
      <trkpt lat="47.480489" lon="-120.784644">
        <ele>2096.0</ele>
        <time>2026-07-18T22:02:51Z</time>
      </trkpt>
      <trkpt lat="47.480545" lon="-120.784669">
        <ele>2096.0</ele>
        <time>2026-07-18T22:02:58Z</time>
      </trkpt>
      <trkpt lat="47.480568" lon="-120.784644">
        <ele>2097.0</ele>
        <time>2026-07-18T22:03:02Z</time>
      </trkpt>
      <trkpt lat="47.480598" lon="-120.784640">
        <ele>2095.0</ele>
        <time>2026-07-18T22:03:06Z</time>
      </trkpt>
      <trkpt lat="47.480660" lon="-120.784568">
        <ele>2088.0</ele>
        <time>2026-07-18T22:03:32Z</time>
      </trkpt>
      <trkpt lat="47.480692" lon="-120.784580">
        <ele>2098.0</ele>
        <time>2026-07-18T22:04:10Z</time>
      </trkpt>
      <trkpt lat="47.480762" lon="-120.784466">
        <ele>2095.0</ele>
        <time>2026-07-18T22:05:00Z</time>
      </trkpt>
      <trkpt lat="47.480809" lon="-120.784445">
        <ele>2095.0</ele>
        <time>2026-07-18T22:05:11Z</time>
      </trkpt>
      <trkpt lat="47.480840" lon="-120.784357">
        <ele>2098.0</ele>
        <time>2026-07-18T22:06:07Z</time>
      </trkpt>
      <trkpt lat="47.480838" lon="-120.784315">
        <ele>2093.0</ele>
        <time>2026-07-18T22:06:41Z</time>
      </trkpt>
      <trkpt lat="47.480854" lon="-120.784289">
        <ele>2096.0</ele>
        <time>2026-07-18T22:06:53Z</time>
      </trkpt>
      <trkpt lat="47.480878" lon="-120.784146">
        <ele>2098.5</ele>
        <time>2026-07-18T22:07:12Z</time>
      </trkpt>
      <trkpt lat="47.480823" lon="-120.784027">
        <ele>2096.0</ele>
        <time>2026-07-18T22:07:28Z</time>
      </trkpt>
      <trkpt lat="47.480809" lon="-120.783885">
        <ele>2097.0</ele>
        <time>2026-07-18T22:07:42Z</time>
      </trkpt>
      <trkpt lat="47.480831" lon="-120.783849">
        <ele>2097.0</ele>
        <time>2026-07-18T22:07:45Z</time>
      </trkpt>
      <trkpt lat="47.480882" lon="-120.783811">
        <ele>2097.0</ele>
        <time>2026-07-18T22:07:50Z</time>
      </trkpt>
      <trkpt lat="47.480923" lon="-120.783757">
        <ele>2097.0</ele>
        <time>2026-07-18T22:08:09Z</time>
      </trkpt>
      <trkpt lat="47.480889" lon="-120.783712">
        <ele>2098.0</ele>
        <time>2026-07-18T22:08:58Z</time>
      </trkpt>
      <trkpt lat="47.480853" lon="-120.783796">
        <ele>2099.0</ele>
        <time>2026-07-18T22:09:07Z</time>
      </trkpt>
      <trkpt lat="47.480805" lon="-120.783830">
        <ele>2099.0</ele>
        <time>2026-07-18T22:09:21Z</time>
      </trkpt>
      <trkpt lat="47.480790" lon="-120.783778">
        <ele>2100.0</ele>
        <time>2026-07-18T22:09:31Z</time>
      </trkpt>
      <trkpt lat="47.480791" lon="-120.783720">
        <ele>2100.0</ele>
        <time>2026-07-18T22:09:39Z</time>
      </trkpt>
      <trkpt lat="47.480824" lon="-120.783628">
        <ele>2102.0</ele>
        <time>2026-07-18T22:09:58Z</time>
      </trkpt>
      <trkpt lat="47.480804" lon="-120.783577">
        <ele>2101.0</ele>
        <time>2026-07-18T22:10:20Z</time>
      </trkpt>
      <trkpt lat="47.480743" lon="-120.783533">
        <ele>2103.0</ele>
        <time>2026-07-18T22:10:47Z</time>
      </trkpt>
      <trkpt lat="47.480720" lon="-120.783496">
        <ele>2102.0</ele>
        <time>2026-07-18T22:10:51Z</time>
      </trkpt>
      <trkpt lat="47.480722" lon="-120.783392">
        <ele>2103.5</ele>
        <time>2026-07-18T22:11:14Z</time>
      </trkpt>
      <trkpt lat="47.480692" lon="-120.783348">
        <ele>2097.0</ele>
        <time>2026-07-18T22:11:23Z</time>
      </trkpt>
      <trkpt lat="47.480698" lon="-120.783313">
        <ele>2097.0</ele>
        <time>2026-07-18T22:11:32Z</time>
      </trkpt>
      <trkpt lat="47.480684" lon="-120.783225">
        <ele>2100.0</ele>
        <time>2026-07-18T22:12:37Z</time>
      </trkpt>
      <trkpt lat="47.480660" lon="-120.783165">
        <ele>2100.0</ele>
        <time>2026-07-18T22:13:08Z</time>
      </trkpt>
      <trkpt lat="47.480664" lon="-120.783131">
        <ele>2100.0</ele>
        <time>2026-07-18T22:13:14Z</time>
      </trkpt>
      <trkpt lat="47.480701" lon="-120.783084">
        <ele>2100.0</ele>
        <time>2026-07-18T22:13:28Z</time>
      </trkpt>
      <trkpt lat="47.480717" lon="-120.783018">
        <ele>2100.0</ele>
        <time>2026-07-18T22:13:37Z</time>
      </trkpt>
      <trkpt lat="47.480712" lon="-120.782977">
        <ele>2101.0</ele>
        <time>2026-07-18T22:13:43Z</time>
      </trkpt>
      <trkpt lat="47.480747" lon="-120.782872">
        <ele>2100.0</ele>
        <time>2026-07-18T22:13:55Z</time>
      </trkpt>
      <trkpt lat="47.480750" lon="-120.782699">
        <ele>2104.0</ele>
        <time>2026-07-18T22:14:22Z</time>
      </trkpt>
      <trkpt lat="47.480780" lon="-120.782597">
        <ele>2103.0</ele>
        <time>2026-07-18T22:14:34Z</time>
      </trkpt>
      <trkpt lat="47.480872" lon="-120.782454">
        <ele>2103.9</ele>
        <time>2026-07-18T22:15:24Z</time>
      </trkpt>
      <trkpt lat="47.480869" lon="-120.782433">
        <ele>2102.0</ele>
        <time>2026-07-18T22:15:27Z</time>
      </trkpt>
      <trkpt lat="47.480904" lon="-120.782374">
        <ele>2096.0</ele>
        <time>2026-07-18T22:15:53Z</time>
      </trkpt>
      <trkpt lat="47.480923" lon="-120.782314">
        <ele>2100.0</ele>
        <time>2026-07-18T22:16:23Z</time>
      </trkpt>
      <trkpt lat="47.480891" lon="-120.782209">
        <ele>2100.0</ele>
        <time>2026-07-18T22:16:57Z</time>
      </trkpt>
      <trkpt lat="47.480852" lon="-120.782150">
        <ele>2100.0</ele>
        <time>2026-07-18T22:17:06Z</time>
      </trkpt>
      <trkpt lat="47.480863" lon="-120.782108">
        <ele>2099.0</ele>
        <time>2026-07-18T22:18:03Z</time>
      </trkpt>
      <trkpt lat="47.480815" lon="-120.782052">
        <ele>2096.0</ele>
        <time>2026-07-18T22:18:50Z</time>
      </trkpt>
      <trkpt lat="47.480764" lon="-120.782019">
        <ele>2093.0</ele>
        <time>2026-07-18T22:19:19Z</time>
      </trkpt>
      <trkpt lat="47.480762" lon="-120.781974">
        <ele>2092.0</ele>
        <time>2026-07-18T22:19:33Z</time>
      </trkpt>
      <trkpt lat="47.480734" lon="-120.781944">
        <ele>2091.0</ele>
        <time>2026-07-18T22:19:41Z</time>
      </trkpt>
      <trkpt lat="47.480650" lon="-120.781909">
        <ele>2090.1</ele>
        <time>2026-07-18T22:20:39Z</time>
      </trkpt>
      <trkpt lat="47.480640" lon="-120.781895">
        <ele>2088.0</ele>
        <time>2026-07-18T22:20:47Z</time>
      </trkpt>
      <trkpt lat="47.480670" lon="-120.781864">
        <ele>2088.0</ele>
        <time>2026-07-18T22:21:35Z</time>
      </trkpt>
      <trkpt lat="47.480735" lon="-120.781942">
        <ele>2096.0</ele>
        <time>2026-07-18T22:21:48Z</time>
      </trkpt>
      <trkpt lat="47.480686" lon="-120.781826">
        <ele>2086.0</ele>
        <time>2026-07-18T22:22:15Z</time>
      </trkpt>
      <trkpt lat="47.480716" lon="-120.781838">
        <ele>2084.0</ele>
        <time>2026-07-18T22:23:13Z</time>
      </trkpt>
      <trkpt lat="47.480747" lon="-120.781811">
        <ele>2080.0</ele>
        <time>2026-07-18T22:23:30Z</time>
      </trkpt>
      <trkpt lat="47.480815" lon="-120.781776">
        <ele>2085.0</ele>
        <time>2026-07-18T22:24:00Z</time>
      </trkpt>
      <trkpt lat="47.480842" lon="-120.781785">
        <ele>2082.0</ele>
        <time>2026-07-18T22:24:07Z</time>
      </trkpt>
      <trkpt lat="47.480941" lon="-120.781891">
        <ele>2080.0</ele>
        <time>2026-07-18T22:24:28Z</time>
      </trkpt>
      <trkpt lat="47.481004" lon="-120.781896">
        <ele>2070.0</ele>
        <time>2026-07-18T22:24:40Z</time>
      </trkpt>
      <trkpt lat="47.481048" lon="-120.781852">
        <ele>2075.0</ele>
        <time>2026-07-18T22:24:50Z</time>
      </trkpt>
      <trkpt lat="47.481084" lon="-120.781772">
        <ele>2075.0</ele>
        <time>2026-07-18T22:24:59Z</time>
      </trkpt>
      <trkpt lat="47.481121" lon="-120.781746">
        <ele>2070.0</ele>
        <time>2026-07-18T22:25:06Z</time>
      </trkpt>
      <trkpt lat="47.481155" lon="-120.781767">
        <ele>2075.0</ele>
        <time>2026-07-18T22:25:16Z</time>
      </trkpt>
      <trkpt lat="47.481181" lon="-120.781735">
        <ele>2076.0</ele>
        <time>2026-07-18T22:25:23Z</time>
      </trkpt>
      <trkpt lat="47.481194" lon="-120.781661">
        <ele>2075.0</ele>
        <time>2026-07-18T22:25:34Z</time>
      </trkpt>
      <trkpt lat="47.481245" lon="-120.781633">
        <ele>2075.0</ele>
        <time>2026-07-18T22:25:40Z</time>
      </trkpt>
      <trkpt lat="47.481340" lon="-120.781545">
        <ele>2071.0</ele>
        <time>2026-07-18T22:26:10Z</time>
      </trkpt>
      <trkpt lat="47.481380" lon="-120.781539">
        <ele>2074.0</ele>
        <time>2026-07-18T22:26:20Z</time>
      </trkpt>
      <trkpt lat="47.481408" lon="-120.781494">
        <ele>2076.0</ele>
        <time>2026-07-18T22:26:27Z</time>
      </trkpt>
      <trkpt lat="47.481448" lon="-120.781460">
        <ele>2076.0</ele>
        <time>2026-07-18T22:26:32Z</time>
      </trkpt>
      <trkpt lat="47.481483" lon="-120.781466">
        <ele>2076.0</ele>
        <time>2026-07-18T22:26:36Z</time>
      </trkpt>
      <trkpt lat="47.481518" lon="-120.781490">
        <ele>2076.0</ele>
        <time>2026-07-18T22:26:42Z</time>
      </trkpt>
      <trkpt lat="47.481588" lon="-120.781477">
        <ele>2074.0</ele>
        <time>2026-07-18T22:26:54Z</time>
      </trkpt>
      <trkpt lat="47.481618" lon="-120.781451">
        <ele>2073.0</ele>
        <time>2026-07-18T22:26:58Z</time>
      </trkpt>
      <trkpt lat="47.481654" lon="-120.781385">
        <ele>2073.0</ele>
        <time>2026-07-18T22:27:04Z</time>
      </trkpt>
      <trkpt lat="47.481656" lon="-120.781351">
        <ele>2070.0</ele>
        <time>2026-07-18T22:27:08Z</time>
      </trkpt>
      <trkpt lat="47.481634" lon="-120.781289">
        <ele>2073.0</ele>
        <time>2026-07-18T22:27:16Z</time>
      </trkpt>
      <trkpt lat="47.481660" lon="-120.781241">
        <ele>2072.3</ele>
        <time>2026-07-18T22:27:22Z</time>
      </trkpt>
      <trkpt lat="47.481645" lon="-120.781169">
        <ele>2070.0</ele>
        <time>2026-07-18T22:27:44Z</time>
      </trkpt>
      <trkpt lat="47.481653" lon="-120.781100">
        <ele>2070.0</ele>
        <time>2026-07-18T22:27:56Z</time>
      </trkpt>
      <trkpt lat="47.481689" lon="-120.781107">
        <ele>2070.0</ele>
        <time>2026-07-18T22:28:12Z</time>
      </trkpt>
      <trkpt lat="47.481710" lon="-120.781088">
        <ele>2070.0</ele>
        <time>2026-07-18T22:28:23Z</time>
      </trkpt>
      <trkpt lat="47.481761" lon="-120.781075">
        <ele>2068.0</ele>
        <time>2026-07-18T22:28:55Z</time>
      </trkpt>
      <trkpt lat="47.481787" lon="-120.781096">
        <ele>2069.0</ele>
        <time>2026-07-18T22:29:00Z</time>
      </trkpt>
      <trkpt lat="47.481802" lon="-120.781168">
        <ele>2070.0</ele>
        <time>2026-07-18T22:29:07Z</time>
      </trkpt>
      <trkpt lat="47.481821" lon="-120.781203">
        <ele>2065.0</ele>
        <time>2026-07-18T22:29:12Z</time>
      </trkpt>
      <trkpt lat="47.481859" lon="-120.781224">
        <ele>2066.0</ele>
        <time>2026-07-18T22:29:23Z</time>
      </trkpt>
      <trkpt lat="47.481897" lon="-120.781190">
        <ele>2071.3</ele>
        <time>2026-07-18T22:29:52Z</time>
      </trkpt>
      <trkpt lat="47.481915" lon="-120.781189">
        <ele>2061.0</ele>
        <time>2026-07-18T22:30:16Z</time>
      </trkpt>
      <trkpt lat="47.481956" lon="-120.781160">
        <ele>2064.0</ele>
        <time>2026-07-18T22:31:00Z</time>
      </trkpt>
      <trkpt lat="47.481946" lon="-120.781134">
        <ele>2070.0</ele>
        <time>2026-07-18T22:31:06Z</time>
      </trkpt>
      <trkpt lat="47.481983" lon="-120.781068">
        <ele>2070.0</ele>
        <time>2026-07-18T22:31:13Z</time>
      </trkpt>
      <trkpt lat="47.482023" lon="-120.780867">
        <ele>2067.0</ele>
        <time>2026-07-18T22:31:28Z</time>
      </trkpt>
      <trkpt lat="47.482021" lon="-120.780830">
        <ele>2067.0</ele>
        <time>2026-07-18T22:31:31Z</time>
      </trkpt>
      <trkpt lat="47.482092" lon="-120.780656">
        <ele>2071.0</ele>
        <time>2026-07-18T22:32:05Z</time>
      </trkpt>
      <trkpt lat="47.482134" lon="-120.780612">
        <ele>2070.0</ele>
        <time>2026-07-18T22:32:15Z</time>
      </trkpt>
      <trkpt lat="47.482146" lon="-120.780576">
        <ele>2070.0</ele>
        <time>2026-07-18T22:32:20Z</time>
      </trkpt>
      <trkpt lat="47.482181" lon="-120.780576">
        <ele>2071.0</ele>
        <time>2026-07-18T22:32:31Z</time>
      </trkpt>
      <trkpt lat="47.482188" lon="-120.780525">
        <ele>2073.0</ele>
        <time>2026-07-18T22:32:38Z</time>
      </trkpt>
      <trkpt lat="47.482214" lon="-120.780460">
        <ele>2074.0</ele>
        <time>2026-07-18T22:32:47Z</time>
      </trkpt>
      <trkpt lat="47.482237" lon="-120.780459">
        <ele>2076.0</ele>
        <time>2026-07-18T22:32:57Z</time>
      </trkpt>
      <trkpt lat="47.482287" lon="-120.780390">
        <ele>2072.0</ele>
        <time>2026-07-18T22:33:09Z</time>
      </trkpt>
      <trkpt lat="47.482286" lon="-120.780354">
        <ele>2076.0</ele>
        <time>2026-07-18T22:33:15Z</time>
      </trkpt>
      <trkpt lat="47.482305" lon="-120.780295">
        <ele>2076.0</ele>
        <time>2026-07-18T22:33:23Z</time>
      </trkpt>
      <trkpt lat="47.482373" lon="-120.780237">
        <ele>2075.0</ele>
        <time>2026-07-18T22:33:42Z</time>
      </trkpt>
      <trkpt lat="47.482433" lon="-120.780202">
        <ele>2076.0</ele>
        <time>2026-07-18T22:34:24Z</time>
      </trkpt>
      <trkpt lat="47.482491" lon="-120.780052">
        <ele>2073.0</ele>
        <time>2026-07-18T22:34:41Z</time>
      </trkpt>
      <trkpt lat="47.482476" lon="-120.780012">
        <ele>2074.0</ele>
        <time>2026-07-18T22:34:47Z</time>
      </trkpt>
      <trkpt lat="47.482533" lon="-120.779921">
        <ele>2070.0</ele>
        <time>2026-07-18T22:35:13Z</time>
      </trkpt>
      <trkpt lat="47.482495" lon="-120.779872">
        <ele>2064.0</ele>
        <time>2026-07-18T22:35:26Z</time>
      </trkpt>
      <trkpt lat="47.482489" lon="-120.779845">
        <ele>2068.0</ele>
        <time>2026-07-18T22:35:33Z</time>
      </trkpt>
      <trkpt lat="47.482492" lon="-120.779806">
        <ele>2064.0</ele>
        <time>2026-07-18T22:35:40Z</time>
      </trkpt>
      <trkpt lat="47.482527" lon="-120.779747">
        <ele>2064.0</ele>
        <time>2026-07-18T22:35:50Z</time>
      </trkpt>
      <trkpt lat="47.482541" lon="-120.779687">
        <ele>2063.0</ele>
        <time>2026-07-18T22:36:00Z</time>
      </trkpt>
      <trkpt lat="47.482531" lon="-120.779611">
        <ele>2060.0</ele>
        <time>2026-07-18T22:36:09Z</time>
      </trkpt>
      <trkpt lat="47.482513" lon="-120.779586">
        <ele>2060.0</ele>
        <time>2026-07-18T22:36:14Z</time>
      </trkpt>
      <trkpt lat="47.482491" lon="-120.779494">
        <ele>2058.7</ele>
        <time>2026-07-18T22:36:25Z</time>
      </trkpt>
      <trkpt lat="47.482501" lon="-120.779463">
        <ele>2054.0</ele>
        <time>2026-07-18T22:36:32Z</time>
      </trkpt>
      <trkpt lat="47.482479" lon="-120.779392">
        <ele>2056.0</ele>
        <time>2026-07-18T22:36:45Z</time>
      </trkpt>
      <trkpt lat="47.482439" lon="-120.779395">
        <ele>2051.0</ele>
        <time>2026-07-18T22:36:51Z</time>
      </trkpt>
      <trkpt lat="47.482385" lon="-120.779254">
        <ele>2050.0</ele>
        <time>2026-07-18T22:37:12Z</time>
      </trkpt>
      <trkpt lat="47.482406" lon="-120.779101">
        <ele>2048.0</ele>
        <time>2026-07-18T22:37:24Z</time>
      </trkpt>
      <trkpt lat="47.482399" lon="-120.779020">
        <ele>2047.0</ele>
        <time>2026-07-18T22:37:33Z</time>
      </trkpt>
      <trkpt lat="47.482432" lon="-120.778881">
        <ele>2046.0</ele>
        <time>2026-07-18T22:38:02Z</time>
      </trkpt>
      <trkpt lat="47.482429" lon="-120.778704">
        <ele>2040.0</ele>
        <time>2026-07-18T22:38:43Z</time>
      </trkpt>
      <trkpt lat="47.482399" lon="-120.778662">
        <ele>2040.0</ele>
        <time>2026-07-18T22:38:52Z</time>
      </trkpt>
      <trkpt lat="47.482478" lon="-120.778540">
        <ele>2034.0</ele>
        <time>2026-07-18T22:39:12Z</time>
      </trkpt>
      <trkpt lat="47.482507" lon="-120.778474">
        <ele>2040.0</ele>
        <time>2026-07-18T22:39:24Z</time>
      </trkpt>
      <trkpt lat="47.482548" lon="-120.778426">
        <ele>2036.0</ele>
        <time>2026-07-18T22:39:33Z</time>
      </trkpt>
      <trkpt lat="47.482537" lon="-120.778383">
        <ele>2038.0</ele>
        <time>2026-07-18T22:39:42Z</time>
      </trkpt>
      <trkpt lat="47.482535" lon="-120.778309">
        <ele>2028.0</ele>
        <time>2026-07-18T22:39:55Z</time>
      </trkpt>
      <trkpt lat="47.482508" lon="-120.778291">
        <ele>2035.0</ele>
        <time>2026-07-18T22:40:04Z</time>
      </trkpt>
      <trkpt lat="47.482506" lon="-120.778214">
        <ele>2030.0</ele>
        <time>2026-07-18T22:40:30Z</time>
      </trkpt>
      <trkpt lat="47.482484" lon="-120.778122">
        <ele>2029.0</ele>
        <time>2026-07-18T22:41:48Z</time>
      </trkpt>
      <trkpt lat="47.482483" lon="-120.778054">
        <ele>2027.0</ele>
        <time>2026-07-18T22:43:06Z</time>
      </trkpt>
      <trkpt lat="47.482409" lon="-120.777965">
        <ele>2025.0</ele>
        <time>2026-07-18T22:44:10Z</time>
      </trkpt>
      <trkpt lat="47.482337" lon="-120.777854">
        <ele>2017.0</ele>
        <time>2026-07-18T22:45:01Z</time>
      </trkpt>
      <trkpt lat="47.482306" lon="-120.777871">
        <ele>2016.0</ele>
        <time>2026-07-18T22:46:27Z</time>
      </trkpt>
      <trkpt lat="47.482283" lon="-120.777807">
        <ele>2010.0</ele>
        <time>2026-07-18T22:46:39Z</time>
      </trkpt>
      <trkpt lat="47.482281" lon="-120.777715">
        <ele>2006.0</ele>
        <time>2026-07-18T22:47:14Z</time>
      </trkpt>
      <trkpt lat="47.482239" lon="-120.777684">
        <ele>2004.0</ele>
        <time>2026-07-18T22:48:07Z</time>
      </trkpt>
      <trkpt lat="47.482216" lon="-120.777633">
        <ele>1998.0</ele>
        <time>2026-07-18T22:48:44Z</time>
      </trkpt>
      <trkpt lat="47.482151" lon="-120.777703">
        <ele>1998.0</ele>
        <time>2026-07-18T22:49:24Z</time>
      </trkpt>
      <trkpt lat="47.482124" lon="-120.777779">
        <ele>2000.0</ele>
        <time>2026-07-18T22:49:32Z</time>
      </trkpt>
      <trkpt lat="47.482081" lon="-120.777814">
        <ele>1996.0</ele>
        <time>2026-07-18T22:49:44Z</time>
      </trkpt>
      <trkpt lat="47.482026" lon="-120.777898">
        <ele>1992.0</ele>
        <time>2026-07-18T22:50:04Z</time>
      </trkpt>
      <trkpt lat="47.482022" lon="-120.777929">
        <ele>1989.0</ele>
        <time>2026-07-18T22:50:12Z</time>
      </trkpt>
      <trkpt lat="47.481945" lon="-120.778009">
        <ele>1988.0</ele>
        <time>2026-07-18T22:50:50Z</time>
      </trkpt>
      <trkpt lat="47.481839" lon="-120.778067">
        <ele>1988.3</ele>
        <time>2026-07-18T22:51:32Z</time>
      </trkpt>
      <trkpt lat="47.481820" lon="-120.778127">
        <ele>1984.0</ele>
        <time>2026-07-18T22:51:39Z</time>
      </trkpt>
      <trkpt lat="47.481747" lon="-120.778181">
        <ele>1980.0</ele>
        <time>2026-07-18T22:52:04Z</time>
      </trkpt>
      <trkpt lat="47.481733" lon="-120.778220">
        <ele>1982.0</ele>
        <time>2026-07-18T22:52:14Z</time>
      </trkpt>
      <trkpt lat="47.481693" lon="-120.778229">
        <ele>1985.1</ele>
        <time>2026-07-18T22:52:19Z</time>
      </trkpt>
      <trkpt lat="47.481676" lon="-120.778262">
        <ele>1983.0</ele>
        <time>2026-07-18T22:52:21Z</time>
      </trkpt>
      <trkpt lat="47.481679" lon="-120.778304">
        <ele>1981.0</ele>
        <time>2026-07-18T22:52:25Z</time>
      </trkpt>
      <trkpt lat="47.481630" lon="-120.778378">
        <ele>1978.0</ele>
        <time>2026-07-18T22:52:35Z</time>
      </trkpt>
      <trkpt lat="47.481587" lon="-120.778370">
        <ele>1978.0</ele>
        <time>2026-07-18T22:52:50Z</time>
      </trkpt>
      <trkpt lat="47.481554" lon="-120.778394">
        <ele>1979.0</ele>
        <time>2026-07-18T22:53:01Z</time>
      </trkpt>
      <trkpt lat="47.481513" lon="-120.778493">
        <ele>1980.0</ele>
        <time>2026-07-18T22:53:51Z</time>
      </trkpt>
      <trkpt lat="47.481493" lon="-120.778596">
        <ele>1980.0</ele>
        <time>2026-07-18T22:54:07Z</time>
      </trkpt>
      <trkpt lat="47.481402" lon="-120.778614">
        <ele>1971.0</ele>
        <time>2026-07-18T22:54:47Z</time>
      </trkpt>
      <trkpt lat="47.481391" lon="-120.778664">
        <ele>1976.0</ele>
        <time>2026-07-18T22:55:11Z</time>
      </trkpt>
      <trkpt lat="47.481353" lon="-120.778751">
        <ele>1969.0</ele>
        <time>2026-07-18T22:55:42Z</time>
      </trkpt>
      <trkpt lat="47.481335" lon="-120.778782">
        <ele>1972.0</ele>
        <time>2026-07-18T22:55:56Z</time>
      </trkpt>
      <trkpt lat="47.481317" lon="-120.778777">
        <ele>1972.0</ele>
        <time>2026-07-18T22:56:09Z</time>
      </trkpt>
      <trkpt lat="47.481307" lon="-120.778809">
        <ele>1973.0</ele>
        <time>2026-07-18T22:56:23Z</time>
      </trkpt>
      <trkpt lat="47.481236" lon="-120.778913">
        <ele>1968.0</ele>
        <time>2026-07-18T22:56:55Z</time>
      </trkpt>
      <trkpt lat="47.481224" lon="-120.779017">
        <ele>1968.0</ele>
        <time>2026-07-18T22:57:13Z</time>
      </trkpt>
      <trkpt lat="47.481182" lon="-120.779068">
        <ele>1968.0</ele>
        <time>2026-07-18T22:57:22Z</time>
      </trkpt>
      <trkpt lat="47.481170" lon="-120.779097">
        <ele>1965.0</ele>
        <time>2026-07-18T22:57:28Z</time>
      </trkpt>
      <trkpt lat="47.481135" lon="-120.779115">
        <ele>1960.0</ele>
        <time>2026-07-18T22:57:36Z</time>
      </trkpt>
      <trkpt lat="47.481109" lon="-120.779096">
        <ele>1964.0</ele>
        <time>2026-07-18T22:57:43Z</time>
      </trkpt>
      <trkpt lat="47.481096" lon="-120.779066">
        <ele>1963.0</ele>
        <time>2026-07-18T22:57:46Z</time>
      </trkpt>
      <trkpt lat="47.481089" lon="-120.778949">
        <ele>1956.0</ele>
        <time>2026-07-18T22:58:47Z</time>
      </trkpt>
      <trkpt lat="47.481031" lon="-120.778933">
        <ele>1952.0</ele>
        <time>2026-07-18T22:59:03Z</time>
      </trkpt>
      <trkpt lat="47.480993" lon="-120.778872">
        <ele>1954.0</ele>
        <time>2026-07-18T22:59:17Z</time>
      </trkpt>
      <trkpt lat="47.480993" lon="-120.778810">
        <ele>1956.0</ele>
        <time>2026-07-18T22:59:27Z</time>
      </trkpt>
      <trkpt lat="47.481015" lon="-120.778741">
        <ele>1955.0</ele>
        <time>2026-07-18T22:59:37Z</time>
      </trkpt>
      <trkpt lat="47.481046" lon="-120.778556">
        <ele>1947.0</ele>
        <time>2026-07-18T22:59:57Z</time>
      </trkpt>
      <trkpt lat="47.481010" lon="-120.778497">
        <ele>1950.0</ele>
        <time>2026-07-18T23:00:09Z</time>
      </trkpt>
      <trkpt lat="47.480995" lon="-120.778431">
        <ele>1945.0</ele>
        <time>2026-07-18T23:00:34Z</time>
      </trkpt>
      <trkpt lat="47.480949" lon="-120.778372">
        <ele>1942.0</ele>
        <time>2026-07-18T23:01:56Z</time>
      </trkpt>
      <trkpt lat="47.480867" lon="-120.778331">
        <ele>1938.0</ele>
        <time>2026-07-18T23:02:47Z</time>
      </trkpt>
      <trkpt lat="47.480853" lon="-120.778291">
        <ele>1940.0</ele>
        <time>2026-07-18T23:02:54Z</time>
      </trkpt>
      <trkpt lat="47.480851" lon="-120.778109">
        <ele>1936.0</ele>
        <time>2026-07-18T23:03:35Z</time>
      </trkpt>
      <trkpt lat="47.480884" lon="-120.778012">
        <ele>1936.0</ele>
        <time>2026-07-18T23:03:42Z</time>
      </trkpt>
      <trkpt lat="47.480920" lon="-120.777962">
        <ele>1935.0</ele>
        <time>2026-07-18T23:03:49Z</time>
      </trkpt>
      <trkpt lat="47.480961" lon="-120.777926">
        <ele>1930.0</ele>
        <time>2026-07-18T23:04:07Z</time>
      </trkpt>
      <trkpt lat="47.480969" lon="-120.777886">
        <ele>1934.0</ele>
        <time>2026-07-18T23:04:10Z</time>
      </trkpt>
      <trkpt lat="47.481016" lon="-120.777844">
        <ele>1928.0</ele>
        <time>2026-07-18T23:04:20Z</time>
      </trkpt>
      <trkpt lat="47.481103" lon="-120.777714">
        <ele>1922.0</ele>
        <time>2026-07-18T23:04:42Z</time>
      </trkpt>
      <trkpt lat="47.481077" lon="-120.777558">
        <ele>1926.0</ele>
        <time>2026-07-18T23:05:15Z</time>
      </trkpt>
      <trkpt lat="47.481045" lon="-120.777444">
        <ele>1924.0</ele>
        <time>2026-07-18T23:05:24Z</time>
      </trkpt>
      <trkpt lat="47.480996" lon="-120.777371">
        <ele>1923.0</ele>
        <time>2026-07-18T23:05:32Z</time>
      </trkpt>
      <trkpt lat="47.480965" lon="-120.777364">
        <ele>1925.0</ele>
        <time>2026-07-18T23:05:37Z</time>
      </trkpt>
      <trkpt lat="47.480859" lon="-120.777250">
        <ele>1920.0</ele>
        <time>2026-07-18T23:05:57Z</time>
      </trkpt>
      <trkpt lat="47.480860" lon="-120.777146">
        <ele>1916.0</ele>
        <time>2026-07-18T23:06:15Z</time>
      </trkpt>
      <trkpt lat="47.480877" lon="-120.777079">
        <ele>1917.0</ele>
        <time>2026-07-18T23:06:25Z</time>
      </trkpt>
      <trkpt lat="47.480841" lon="-120.777067">
        <ele>1912.0</ele>
        <time>2026-07-18T23:06:32Z</time>
      </trkpt>
      <trkpt lat="47.480790" lon="-120.777029">
        <ele>1916.0</ele>
        <time>2026-07-18T23:06:59Z</time>
      </trkpt>
      <trkpt lat="47.480758" lon="-120.777034">
        <ele>1896.0</ele>
        <time>2026-07-18T23:07:20Z</time>
      </trkpt>
      <trkpt lat="47.480706" lon="-120.777014">
        <ele>1910.0</ele>
        <time>2026-07-18T23:08:22Z</time>
      </trkpt>
      <trkpt lat="47.480707" lon="-120.777101">
        <ele>1914.0</ele>
        <time>2026-07-18T23:10:08Z</time>
      </trkpt>
      <trkpt lat="47.480682" lon="-120.777150">
        <ele>1910.0</ele>
        <time>2026-07-18T23:11:12Z</time>
      </trkpt>
      <trkpt lat="47.480611" lon="-120.777060">
        <ele>1904.0</ele>
        <time>2026-07-18T23:12:21Z</time>
      </trkpt>
      <trkpt lat="47.480609" lon="-120.776965">
        <ele>1903.0</ele>
        <time>2026-07-18T23:12:47Z</time>
      </trkpt>
      <trkpt lat="47.480555" lon="-120.776936">
        <ele>1904.0</ele>
        <time>2026-07-18T23:13:11Z</time>
      </trkpt>
      <trkpt lat="47.480546" lon="-120.776904">
        <ele>1904.0</ele>
        <time>2026-07-18T23:13:26Z</time>
      </trkpt>
      <trkpt lat="47.480564" lon="-120.776879">
        <ele>1906.0</ele>
        <time>2026-07-18T23:13:46Z</time>
      </trkpt>
      <trkpt lat="47.480567" lon="-120.776890">
        <ele>1908.0</ele>
        <time>2026-07-18T23:14:13Z</time>
      </trkpt>
      <trkpt lat="47.480604" lon="-120.776758">
        <ele>1902.0</ele>
        <time>2026-07-18T23:15:07Z</time>
      </trkpt>
      <trkpt lat="47.480595" lon="-120.776718">
        <ele>1899.0</ele>
        <time>2026-07-18T23:15:13Z</time>
      </trkpt>
      <trkpt lat="47.480611" lon="-120.776629">
        <ele>1899.0</ele>
        <time>2026-07-18T23:15:22Z</time>
      </trkpt>
      <trkpt lat="47.480647" lon="-120.776571">
        <ele>1896.0</ele>
        <time>2026-07-18T23:15:31Z</time>
      </trkpt>
      <trkpt lat="47.480655" lon="-120.776463">
        <ele>1895.0</ele>
        <time>2026-07-18T23:15:47Z</time>
      </trkpt>
      <trkpt lat="47.480634" lon="-120.776431">
        <ele>1892.0</ele>
        <time>2026-07-18T23:15:53Z</time>
      </trkpt>
      <trkpt lat="47.480648" lon="-120.776391">
        <ele>1892.0</ele>
        <time>2026-07-18T23:15:57Z</time>
      </trkpt>
      <trkpt lat="47.480647" lon="-120.776351">
        <ele>1892.0</ele>
        <time>2026-07-18T23:16:01Z</time>
      </trkpt>
      <trkpt lat="47.480624" lon="-120.776304">
        <ele>1893.0</ele>
        <time>2026-07-18T23:16:06Z</time>
      </trkpt>
      <trkpt lat="47.480648" lon="-120.776203">
        <ele>1888.0</ele>
        <time>2026-07-18T23:16:24Z</time>
      </trkpt>
      <trkpt lat="47.480679" lon="-120.776148">
        <ele>1886.0</ele>
        <time>2026-07-18T23:16:39Z</time>
      </trkpt>
      <trkpt lat="47.480686" lon="-120.776113">
        <ele>1888.0</ele>
        <time>2026-07-18T23:16:45Z</time>
      </trkpt>
      <trkpt lat="47.480720" lon="-120.776094">
        <ele>1887.0</ele>
        <time>2026-07-18T23:16:54Z</time>
      </trkpt>
      <trkpt lat="47.480765" lon="-120.776121">
        <ele>1890.0</ele>
        <time>2026-07-18T23:17:03Z</time>
      </trkpt>
      <trkpt lat="47.480793" lon="-120.776060">
        <ele>1890.7</ele>
        <time>2026-07-18T23:17:09Z</time>
      </trkpt>
      <trkpt lat="47.480795" lon="-120.775924">
        <ele>1887.0</ele>
        <time>2026-07-18T23:17:19Z</time>
      </trkpt>
      <trkpt lat="47.480836" lon="-120.775908">
        <ele>1889.0</ele>
        <time>2026-07-18T23:18:29Z</time>
      </trkpt>
      <trkpt lat="47.480857" lon="-120.775881">
        <ele>1888.0</ele>
        <time>2026-07-18T23:19:56Z</time>
      </trkpt>
      <trkpt lat="47.480836" lon="-120.775751">
        <ele>1887.6</ele>
        <time>2026-07-18T23:20:12Z</time>
      </trkpt>
      <trkpt lat="47.480801" lon="-120.775707">
        <ele>1885.0</ele>
        <time>2026-07-18T23:20:19Z</time>
      </trkpt>
      <trkpt lat="47.480772" lon="-120.775627">
        <ele>1882.0</ele>
        <time>2026-07-18T23:20:36Z</time>
      </trkpt>
      <trkpt lat="47.480732" lon="-120.775609">
        <ele>1882.0</ele>
        <time>2026-07-18T23:20:41Z</time>
      </trkpt>
      <trkpt lat="47.480729" lon="-120.775568">
        <ele>1878.0</ele>
        <time>2026-07-18T23:20:47Z</time>
      </trkpt>
      <trkpt lat="47.480705" lon="-120.775529">
        <ele>1882.2</ele>
        <time>2026-07-18T23:20:54Z</time>
      </trkpt>
      <trkpt lat="47.480691" lon="-120.775465">
        <ele>1876.0</ele>
        <time>2026-07-18T23:21:07Z</time>
      </trkpt>
      <trkpt lat="47.480622" lon="-120.775417">
        <ele>1879.0</ele>
        <time>2026-07-18T23:21:18Z</time>
      </trkpt>
      <trkpt lat="47.480599" lon="-120.775544">
        <ele>1874.0</ele>
        <time>2026-07-18T23:21:47Z</time>
      </trkpt>
      <trkpt lat="47.480607" lon="-120.775511">
        <ele>1876.0</ele>
        <time>2026-07-18T23:21:56Z</time>
      </trkpt>
      <trkpt lat="47.480569" lon="-120.775451">
        <ele>1872.0</ele>
        <time>2026-07-18T23:22:06Z</time>
      </trkpt>
      <trkpt lat="47.480517" lon="-120.775440">
        <ele>1864.0</ele>
        <time>2026-07-18T23:22:37Z</time>
      </trkpt>
      <trkpt lat="47.480466" lon="-120.775480">
        <ele>1865.0</ele>
        <time>2026-07-18T23:22:58Z</time>
      </trkpt>
      <trkpt lat="47.480459" lon="-120.775384">
        <ele>1864.0</ele>
        <time>2026-07-18T23:23:16Z</time>
      </trkpt>
      <trkpt lat="47.480441" lon="-120.775321">
        <ele>1865.0</ele>
        <time>2026-07-18T23:23:41Z</time>
      </trkpt>
      <trkpt lat="47.480389" lon="-120.775342">
        <ele>1859.0</ele>
        <time>2026-07-18T23:24:03Z</time>
      </trkpt>
      <trkpt lat="47.480381" lon="-120.775309">
        <ele>1864.0</ele>
        <time>2026-07-18T23:24:10Z</time>
      </trkpt>
      <trkpt lat="47.480403" lon="-120.775237">
        <ele>1860.0</ele>
        <time>2026-07-18T23:24:20Z</time>
      </trkpt>
      <trkpt lat="47.480371" lon="-120.775250">
        <ele>1858.0</ele>
        <time>2026-07-18T23:24:29Z</time>
      </trkpt>
      <trkpt lat="47.480315" lon="-120.775337">
        <ele>1858.0</ele>
        <time>2026-07-18T23:26:34Z</time>
      </trkpt>
      <trkpt lat="47.480323" lon="-120.775326">
        <ele>1861.0</ele>
        <time>2026-07-18T23:57:10Z</time>
      </trkpt>
      <trkpt lat="47.480331" lon="-120.775281">
        <ele>1848.0</ele>
        <time>2026-07-18T23:57:34Z</time>
      </trkpt>
      <trkpt lat="47.480362" lon="-120.775243">
        <ele>1859.0</ele>
        <time>2026-07-19T00:00:24Z</time>
      </trkpt>
      <trkpt lat="47.480342" lon="-120.775263">
        <ele>1862.0</ele>
        <time>2026-07-19T00:03:18Z</time>
      </trkpt>
      <trkpt lat="47.480319" lon="-120.775317">
        <ele>1860.0</ele>
        <time>2026-07-19T00:04:26Z</time>
      </trkpt>
      <trkpt lat="47.480321" lon="-120.775319">
        <ele>1862.0</ele>
        <time>2026-07-19T00:09:26Z</time>
      </trkpt>
      <trkpt lat="47.480356" lon="-120.775346">
        <ele>1864.4</ele>
        <time>2026-07-19T00:10:40Z</time>
      </trkpt>
      <trkpt lat="47.480324" lon="-120.775306">
        <ele>1848.0</ele>
        <time>2026-07-19T00:15:17Z</time>
      </trkpt>
      <trkpt lat="47.480399" lon="-120.775251">
        <ele>1860.0</ele>
        <time>2026-07-19T00:19:58Z</time>
      </trkpt>
      <trkpt lat="47.480338" lon="-120.775254">
        <ele>1859.0</ele>
        <time>2026-07-19T00:20:23Z</time>
      </trkpt>
      <trkpt lat="47.480322" lon="-120.775342">
        <ele>1860.0</ele>
        <time>2026-07-19T00:21:15Z</time>
      </trkpt>
      <trkpt lat="47.480321" lon="-120.775293">
        <ele>1862.0</ele>
        <time>2026-07-19T00:22:38Z</time>
      </trkpt>
      <trkpt lat="47.480307" lon="-120.775348">
        <ele>1860.0</ele>
        <time>2026-07-19T00:24:20Z</time>
      </trkpt>
      <trkpt lat="47.480350" lon="-120.775266">
        <ele>1864.0</ele>
        <time>2026-07-19T00:25:43Z</time>
      </trkpt>
      <trkpt lat="47.480340" lon="-120.775278">
        <ele>1860.0</ele>
        <time>2026-07-19T00:38:12Z</time>
      </trkpt>
      <trkpt lat="47.480309" lon="-120.775383">
        <ele>1861.0</ele>
        <time>2026-07-19T00:41:54Z</time>
      </trkpt>
      <trkpt lat="47.480344" lon="-120.775347">
        <ele>1863.0</ele>
        <time>2026-07-19T00:44:02Z</time>
      </trkpt>
      <trkpt lat="47.480322" lon="-120.775297">
        <ele>1869.0</ele>
        <time>2026-07-19T00:44:43Z</time>
      </trkpt>
      <trkpt lat="47.480324" lon="-120.775322">
        <ele>1855.0</ele>
        <time>2026-07-19T00:52:02Z</time>
      </trkpt>
      <trkpt lat="47.480352" lon="-120.775338">
        <ele>1862.0</ele>
        <time>2026-07-19T00:57:20Z</time>
      </trkpt>
      <trkpt lat="47.480333" lon="-120.775363">
        <ele>1860.0</ele>
        <time>2026-07-19T00:58:14Z</time>
      </trkpt>
      <trkpt lat="47.480360" lon="-120.775269">
        <ele>1860.0</ele>
        <time>2026-07-19T00:59:01Z</time>
      </trkpt>
      <trkpt lat="47.480446" lon="-120.775239">
        <ele>1861.0</ele>
        <time>2026-07-19T00:59:22Z</time>
      </trkpt>
      <trkpt lat="47.480491" lon="-120.775233">
        <ele>1860.0</ele>
        <time>2026-07-19T00:59:35Z</time>
      </trkpt>
      <trkpt lat="47.480488" lon="-120.775320">
        <ele>1866.0</ele>
        <time>2026-07-19T00:59:52Z</time>
      </trkpt>
      <trkpt lat="47.480416" lon="-120.775367">
        <ele>1872.5</ele>
        <time>2026-07-19T01:00:40Z</time>
      </trkpt>
      <trkpt lat="47.480410" lon="-120.775393">
        <ele>1862.0</ele>
        <time>2026-07-19T01:04:09Z</time>
      </trkpt>
      <trkpt lat="47.480453" lon="-120.775313">
        <ele>1869.0</ele>
        <time>2026-07-19T01:13:54Z</time>
      </trkpt>
      <trkpt lat="47.480419" lon="-120.775328">
        <ele>1866.0</ele>
        <time>2026-07-19T01:14:11Z</time>
      </trkpt>
      <trkpt lat="47.480399" lon="-120.775351">
        <ele>1862.0</ele>
        <time>2026-07-19T01:14:21Z</time>
      </trkpt>
      <trkpt lat="47.480374" lon="-120.775330">
        <ele>1863.0</ele>
        <time>2026-07-19T01:14:40Z</time>
      </trkpt>
      <trkpt lat="47.480395" lon="-120.775244">
        <ele>1861.0</ele>
        <time>2026-07-19T01:15:00Z</time>
      </trkpt>
      <trkpt lat="47.480339" lon="-120.775289">
        <ele>1860.0</ele>
        <time>2026-07-19T01:15:17Z</time>
      </trkpt>
      <trkpt lat="47.480343" lon="-120.775344">
        <ele>1863.0</ele>
        <time>2026-07-19T01:30:47Z</time>
      </trkpt>
      <trkpt lat="47.480344" lon="-120.775273">
        <ele>1863.0</ele>
        <time>2026-07-19T01:31:12Z</time>
      </trkpt>
      <trkpt lat="47.480396" lon="-120.775264">
        <ele>1864.0</ele>
        <time>2026-07-19T01:31:24Z</time>
      </trkpt>
      <trkpt lat="47.480370" lon="-120.775354">
        <ele>1866.0</ele>
        <time>2026-07-19T01:32:17Z</time>
      </trkpt>
      <trkpt lat="47.480404" lon="-120.775348">
        <ele>1864.0</ele>
        <time>2026-07-19T01:32:21Z</time>
      </trkpt>
      <trkpt lat="47.480393" lon="-120.775361">
        <ele>1866.0</ele>
        <time>2026-07-19T01:32:40Z</time>
      </trkpt>
      <trkpt lat="47.480435" lon="-120.775322">
        <ele>1868.9</ele>
        <time>2026-07-19T01:33:32Z</time>
      </trkpt>
      <trkpt lat="47.480458" lon="-120.775329">
        <ele>1867.0</ele>
        <time>2026-07-19T01:33:34Z</time>
      </trkpt>
      <trkpt lat="47.480422" lon="-120.775376">
        <ele>1864.0</ele>
        <time>2026-07-19T01:36:38Z</time>
      </trkpt>
      <trkpt lat="47.480436" lon="-120.775329">
        <ele>1869.0</ele>
        <time>2026-07-19T01:39:06Z</time>
      </trkpt>
      <trkpt lat="47.480386" lon="-120.775347">
        <ele>1861.0</ele>
        <time>2026-07-19T01:39:37Z</time>
      </trkpt>
      <trkpt lat="47.480413" lon="-120.775266">
        <ele>1859.0</ele>
        <time>2026-07-19T01:39:52Z</time>
      </trkpt>
      <trkpt lat="47.480389" lon="-120.775257">
        <ele>1860.0</ele>
        <time>2026-07-19T01:40:00Z</time>
      </trkpt>
      <trkpt lat="47.480355" lon="-120.775308">
        <ele>1855.0</ele>
        <time>2026-07-19T01:40:14Z</time>
      </trkpt>
      <trkpt lat="47.480316" lon="-120.775319">
        <ele>1862.0</ele>
        <time>2026-07-19T01:45:27Z</time>
      </trkpt>
      <trkpt lat="47.480354" lon="-120.775262">
        <ele>1862.0</ele>
        <time>2026-07-19T01:47:34Z</time>
      </trkpt>
      <trkpt lat="47.480388" lon="-120.775262">
        <ele>1862.0</ele>
        <time>2026-07-19T01:54:30Z</time>
      </trkpt>
      <trkpt lat="47.480363" lon="-120.775294">
        <ele>1864.0</ele>
        <time>2026-07-19T01:56:40Z</time>
      </trkpt>
      <trkpt lat="47.480327" lon="-120.775315">
        <ele>1861.0</ele>
        <time>2026-07-19T01:57:26Z</time>
      </trkpt>
      <trkpt lat="47.480333" lon="-120.775347">
        <ele>1856.0</ele>
        <time>2026-07-19T01:59:24Z</time>
      </trkpt>
      <trkpt lat="47.480337" lon="-120.775305">
        <ele>1862.0</ele>
        <time>2026-07-19T02:02:36Z</time>
      </trkpt>
      <trkpt lat="47.480383" lon="-120.775280">
        <ele>1864.0</ele>
        <time>2026-07-19T02:07:19Z</time>
      </trkpt>
      <trkpt lat="47.480336" lon="-120.775308">
        <ele>1862.0</ele>
        <time>2026-07-19T02:09:52Z</time>
      </trkpt>
      <trkpt lat="47.480321" lon="-120.775334">
        <ele>1864.0</ele>
        <time>2026-07-19T02:28:32Z</time>
      </trkpt>
      <trkpt lat="47.480351" lon="-120.775192">
        <ele>1863.0</ele>
        <time>2026-07-19T02:28:42Z</time>
      </trkpt>
      <trkpt lat="47.480333" lon="-120.775303">
        <ele>1860.0</ele>
        <time>2026-07-19T02:29:05Z</time>
      </trkpt>
      <trkpt lat="47.480358" lon="-120.775233">
        <ele>1862.0</ele>
        <time>2026-07-19T02:29:21Z</time>
      </trkpt>
      <trkpt lat="47.480448" lon="-120.775216">
        <ele>1861.0</ele>
        <time>2026-07-19T02:29:33Z</time>
      </trkpt>
      <trkpt lat="47.480488" lon="-120.775238">
        <ele>1864.0</ele>
        <time>2026-07-19T02:29:47Z</time>
      </trkpt>
      <trkpt lat="47.480471" lon="-120.775187">
        <ele>1862.0</ele>
        <time>2026-07-19T02:30:08Z</time>
      </trkpt>
      <trkpt lat="47.480411" lon="-120.775224">
        <ele>1860.0</ele>
        <time>2026-07-19T02:30:21Z</time>
      </trkpt>
      <trkpt lat="47.480368" lon="-120.775302">
        <ele>1860.0</ele>
        <time>2026-07-19T02:30:26Z</time>
      </trkpt>
      <trkpt lat="47.480334" lon="-120.775315">
        <ele>1859.0</ele>
        <time>2026-07-19T02:30:34Z</time>
      </trkpt>
      <trkpt lat="47.480332" lon="-120.775279">
        <ele>1860.0</ele>
        <time>2026-07-19T02:30:41Z</time>
      </trkpt>
      <trkpt lat="47.480360" lon="-120.775244">
        <ele>1860.0</ele>
        <time>2026-07-19T02:30:48Z</time>
      </trkpt>
      <trkpt lat="47.480395" lon="-120.775227">
        <ele>1855.0</ele>
        <time>2026-07-19T02:30:57Z</time>
      </trkpt>
      <trkpt lat="47.480390" lon="-120.775332">
        <ele>1860.0</ele>
        <time>2026-07-19T02:31:16Z</time>
      </trkpt>
      <trkpt lat="47.480411" lon="-120.775371">
        <ele>1867.0</ele>
        <time>2026-07-19T02:31:27Z</time>
      </trkpt>
      <trkpt lat="47.480395" lon="-120.775359">
        <ele>1867.0</ele>
        <time>2026-07-19T02:31:48Z</time>
      </trkpt>
      <trkpt lat="47.480399" lon="-120.775387">
        <ele>1866.0</ele>
        <time>2026-07-19T02:32:19Z</time>
      </trkpt>
      <trkpt lat="47.480416" lon="-120.775342">
        <ele>1866.0</ele>
        <time>2026-07-19T02:32:28Z</time>
      </trkpt>
      <trkpt lat="47.480422" lon="-120.775397">
        <ele>1872.0</ele>
        <time>2026-07-19T02:32:38Z</time>
      </trkpt>
      <trkpt lat="47.480463" lon="-120.775447">
        <ele>1871.0</ele>
        <time>2026-07-19T02:32:51Z</time>
      </trkpt>
      <trkpt lat="47.480453" lon="-120.775434">
        <ele>1874.0</ele>
        <time>2026-07-19T02:33:53Z</time>
      </trkpt>
      <trkpt lat="47.480475" lon="-120.775383">
        <ele>1875.0</ele>
        <time>2026-07-19T02:38:11Z</time>
      </trkpt>
      <trkpt lat="47.480432" lon="-120.775401">
        <ele>1873.0</ele>
        <time>2026-07-19T02:40:18Z</time>
      </trkpt>
      <trkpt lat="47.480439" lon="-120.775372">
        <ele>1869.0</ele>
        <time>2026-07-19T02:41:42Z</time>
      </trkpt>
      <trkpt lat="47.480434" lon="-120.775334">
        <ele>1868.0</ele>
        <time>2026-07-19T02:41:52Z</time>
      </trkpt>
      <trkpt lat="47.480397" lon="-120.775353">
        <ele>1859.0</ele>
        <time>2026-07-19T02:42:12Z</time>
      </trkpt>
      <trkpt lat="47.480378" lon="-120.775256">
        <ele>1864.0</ele>
        <time>2026-07-19T02:43:13Z</time>
      </trkpt>
      <trkpt lat="47.480333" lon="-120.775303">
        <ele>1860.0</ele>
        <time>2026-07-19T02:44:29Z</time>
      </trkpt>
      <trkpt lat="47.480338" lon="-120.775354">
        <ele>1862.0</ele>
        <time>2026-07-19T02:45:13Z</time>
      </trkpt>
      <trkpt lat="47.480331" lon="-120.775335">
        <ele>1862.0</ele>
        <time>2026-07-19T02:45:49Z</time>
      </trkpt>
      <trkpt lat="47.480355" lon="-120.775252">
        <ele>1864.0</ele>
        <time>2026-07-19T02:47:15Z</time>
      </trkpt>
      <trkpt lat="47.480377" lon="-120.775228">
        <ele>1865.0</ele>
        <time>2026-07-19T03:09:39Z</time>
      </trkpt>
      <trkpt lat="47.480332" lon="-120.775293">
        <ele>1862.0</ele>
        <time>2026-07-19T03:10:21Z</time>
      </trkpt>
      <trkpt lat="47.480312" lon="-120.775371">
        <ele>1863.0</ele>
        <time>2026-07-19T03:10:45Z</time>
      </trkpt>
      <trkpt lat="47.480327" lon="-120.775290">
        <ele>1864.0</ele>
        <time>2026-07-19T03:11:11Z</time>
      </trkpt>
      <trkpt lat="47.480402" lon="-120.775265">
        <ele>1861.0</ele>
        <time>2026-07-19T03:11:29Z</time>
      </trkpt>
      <trkpt lat="47.480393" lon="-120.775255">
        <ele>1863.0</ele>
        <time>2026-07-19T03:15:20Z</time>
      </trkpt>
      <trkpt lat="47.480410" lon="-120.775222">
        <ele>1864.0</ele>
        <time>2026-07-19T03:16:14Z</time>
      </trkpt>
      <trkpt lat="47.480362" lon="-120.775194">
        <ele>1867.8</ele>
        <time>2026-07-19T03:16:38Z</time>
      </trkpt>
      <trkpt lat="47.480384" lon="-120.775119">
        <ele>1857.0</ele>
        <time>2026-07-19T03:17:21Z</time>
      </trkpt>
      <trkpt lat="47.480284" lon="-120.775090">
        <ele>1856.0</ele>
        <time>2026-07-19T03:17:56Z</time>
      </trkpt>
      <trkpt lat="47.480306" lon="-120.774986">
        <ele>1858.0</ele>
        <time>2026-07-19T03:18:25Z</time>
      </trkpt>
      <trkpt lat="47.480277" lon="-120.774940">
        <ele>1852.0</ele>
        <time>2026-07-19T03:18:32Z</time>
      </trkpt>
      <trkpt lat="47.480247" lon="-120.774936">
        <ele>1850.0</ele>
        <time>2026-07-19T03:18:37Z</time>
      </trkpt>
      <trkpt lat="47.480209" lon="-120.774865">
        <ele>1850.0</ele>
        <time>2026-07-19T03:18:44Z</time>
      </trkpt>
      <trkpt lat="47.480220" lon="-120.774646">
        <ele>1838.0</ele>
        <time>2026-07-19T03:18:59Z</time>
      </trkpt>
      <trkpt lat="47.480177" lon="-120.774583">
        <ele>1841.0</ele>
        <time>2026-07-19T03:19:03Z</time>
      </trkpt>
      <trkpt lat="47.480160" lon="-120.774493">
        <ele>1838.0</ele>
        <time>2026-07-19T03:19:05Z</time>
      </trkpt>
      <trkpt lat="47.480092" lon="-120.774412">
        <ele>1837.0</ele>
        <time>2026-07-19T03:19:09Z</time>
      </trkpt>
      <trkpt lat="47.480045" lon="-120.774308">
        <ele>1837.0</ele>
        <time>2026-07-19T03:19:15Z</time>
      </trkpt>
      <trkpt lat="47.480103" lon="-120.774165">
        <ele>1834.1</ele>
        <time>2026-07-19T03:19:24Z</time>
      </trkpt>
      <trkpt lat="47.480097" lon="-120.774107">
        <ele>1834.0</ele>
        <time>2026-07-19T03:19:27Z</time>
      </trkpt>
      <trkpt lat="47.480080" lon="-120.774071">
        <ele>1834.0</ele>
        <time>2026-07-19T03:19:30Z</time>
      </trkpt>
      <trkpt lat="47.480084" lon="-120.774002">
        <ele>1836.0</ele>
        <time>2026-07-19T03:19:33Z</time>
      </trkpt>
      <trkpt lat="47.480041" lon="-120.773844">
        <ele>1837.0</ele>
        <time>2026-07-19T03:19:45Z</time>
      </trkpt>
      <trkpt lat="47.480010" lon="-120.773792">
        <ele>1838.1</ele>
        <time>2026-07-19T03:19:47Z</time>
      </trkpt>
      <trkpt lat="47.480002" lon="-120.773720">
        <ele>1838.0</ele>
        <time>2026-07-19T03:19:51Z</time>
      </trkpt>
      <trkpt lat="47.479978" lon="-120.773643">
        <ele>1841.8</ele>
        <time>2026-07-19T03:19:55Z</time>
      </trkpt>
      <trkpt lat="47.479957" lon="-120.773417">
        <ele>1836.0</ele>
        <time>2026-07-19T03:20:20Z</time>
      </trkpt>
      <trkpt lat="47.480010" lon="-120.773407">
        <ele>1838.0</ele>
        <time>2026-07-19T03:20:23Z</time>
      </trkpt>
      <trkpt lat="47.480041" lon="-120.773380">
        <ele>1838.0</ele>
        <time>2026-07-19T03:20:25Z</time>
      </trkpt>
      <trkpt lat="47.480073" lon="-120.773306">
        <ele>1837.7</ele>
        <time>2026-07-19T03:20:28Z</time>
      </trkpt>
      <trkpt lat="47.480111" lon="-120.773305">
        <ele>1836.0</ele>
        <time>2026-07-19T03:20:29Z</time>
      </trkpt>
      <trkpt lat="47.480177" lon="-120.773190">
        <ele>1836.0</ele>
        <time>2026-07-19T03:20:37Z</time>
      </trkpt>
      <trkpt lat="47.480185" lon="-120.773153">
        <ele>1836.0</ele>
        <time>2026-07-19T03:20:40Z</time>
      </trkpt>
      <trkpt lat="47.480139" lon="-120.773017">
        <ele>1835.8</ele>
        <time>2026-07-19T03:20:55Z</time>
      </trkpt>
      <trkpt lat="47.480109" lon="-120.773006">
        <ele>1830.0</ele>
        <time>2026-07-19T03:21:50Z</time>
      </trkpt>
      <trkpt lat="47.480117" lon="-120.772962">
        <ele>1828.0</ele>
        <time>2026-07-19T03:22:36Z</time>
      </trkpt>
      <trkpt lat="47.480098" lon="-120.772942">
        <ele>1826.0</ele>
        <time>2026-07-19T03:22:46Z</time>
      </trkpt>
      <trkpt lat="47.479999" lon="-120.772895">
        <ele>1819.0</ele>
        <time>2026-07-19T03:23:57Z</time>
      </trkpt>
      <trkpt lat="47.479977" lon="-120.772829">
        <ele>1820.0</ele>
        <time>2026-07-19T03:24:30Z</time>
      </trkpt>
      <trkpt lat="47.479999" lon="-120.772684">
        <ele>1814.0</ele>
        <time>2026-07-19T03:25:15Z</time>
      </trkpt>
      <trkpt lat="47.479966" lon="-120.772682">
        <ele>1812.0</ele>
        <time>2026-07-19T03:25:33Z</time>
      </trkpt>
      <trkpt lat="47.479941" lon="-120.772666">
        <ele>1809.0</ele>
        <time>2026-07-19T03:25:54Z</time>
      </trkpt>
      <trkpt lat="47.479855" lon="-120.772689">
        <ele>1803.0</ele>
        <time>2026-07-19T03:26:12Z</time>
      </trkpt>
      <trkpt lat="47.479837" lon="-120.772734">
        <ele>1804.0</ele>
        <time>2026-07-19T03:26:20Z</time>
      </trkpt>
      <trkpt lat="47.479740" lon="-120.772784">
        <ele>1801.0</ele>
        <time>2026-07-19T03:26:35Z</time>
      </trkpt>
      <trkpt lat="47.479715" lon="-120.772826">
        <ele>1800.0</ele>
        <time>2026-07-19T03:26:43Z</time>
      </trkpt>
      <trkpt lat="47.479661" lon="-120.772856">
        <ele>1800.0</ele>
        <time>2026-07-19T03:26:54Z</time>
      </trkpt>
      <trkpt lat="47.479640" lon="-120.772882">
        <ele>1800.0</ele>
        <time>2026-07-19T03:26:59Z</time>
      </trkpt>
      <trkpt lat="47.479604" lon="-120.772879">
        <ele>1798.0</ele>
        <time>2026-07-19T03:27:06Z</time>
      </trkpt>
      <trkpt lat="47.479575" lon="-120.772900">
        <ele>1792.0</ele>
        <time>2026-07-19T03:27:13Z</time>
      </trkpt>
      <trkpt lat="47.479543" lon="-120.772908">
        <ele>1795.0</ele>
        <time>2026-07-19T03:27:19Z</time>
      </trkpt>
      <trkpt lat="47.479529" lon="-120.772925">
        <ele>1794.0</ele>
        <time>2026-07-19T03:27:24Z</time>
      </trkpt>
      <trkpt lat="47.479489" lon="-120.772931">
        <ele>1792.0</ele>
        <time>2026-07-19T03:27:31Z</time>
      </trkpt>
      <trkpt lat="47.479482" lon="-120.772969">
        <ele>1789.0</ele>
        <time>2026-07-19T03:27:36Z</time>
      </trkpt>
      <trkpt lat="47.479457" lon="-120.772989">
        <ele>1790.0</ele>
        <time>2026-07-19T03:27:42Z</time>
      </trkpt>
      <trkpt lat="47.479424" lon="-120.772992">
        <ele>1792.0</ele>
        <time>2026-07-19T03:27:46Z</time>
      </trkpt>
      <trkpt lat="47.479323" lon="-120.773057">
        <ele>1785.0</ele>
        <time>2026-07-19T03:28:02Z</time>
      </trkpt>
      <trkpt lat="47.479308" lon="-120.772900">
        <ele>1786.0</ele>
        <time>2026-07-19T03:28:19Z</time>
      </trkpt>
      <trkpt lat="47.479287" lon="-120.772836">
        <ele>1782.0</ele>
        <time>2026-07-19T03:28:28Z</time>
      </trkpt>
      <trkpt lat="47.479293" lon="-120.772801">
        <ele>1781.0</ele>
        <time>2026-07-19T03:28:31Z</time>
      </trkpt>
      <trkpt lat="47.479282" lon="-120.772762">
        <ele>1783.0</ele>
        <time>2026-07-19T03:28:33Z</time>
      </trkpt>
      <trkpt lat="47.479255" lon="-120.772732">
        <ele>1778.0</ele>
        <time>2026-07-19T03:28:39Z</time>
      </trkpt>
      <trkpt lat="47.479245" lon="-120.772665">
        <ele>1776.0</ele>
        <time>2026-07-19T03:28:49Z</time>
      </trkpt>
      <trkpt lat="47.479250" lon="-120.772571">
        <ele>1776.0</ele>
        <time>2026-07-19T03:29:02Z</time>
      </trkpt>
      <trkpt lat="47.479184" lon="-120.772522">
        <ele>1772.0</ele>
        <time>2026-07-19T03:29:15Z</time>
      </trkpt>
      <trkpt lat="47.479136" lon="-120.772442">
        <ele>1772.0</ele>
        <time>2026-07-19T03:29:31Z</time>
      </trkpt>
      <trkpt lat="47.479127" lon="-120.772400">
        <ele>1771.0</ele>
        <time>2026-07-19T03:29:35Z</time>
      </trkpt>
      <trkpt lat="47.479060" lon="-120.772306">
        <ele>1768.0</ele>
        <time>2026-07-19T03:29:52Z</time>
      </trkpt>
      <trkpt lat="47.479047" lon="-120.772242">
        <ele>1767.0</ele>
        <time>2026-07-19T03:30:00Z</time>
      </trkpt>
      <trkpt lat="47.479055" lon="-120.772102">
        <ele>1765.0</ele>
        <time>2026-07-19T03:30:21Z</time>
      </trkpt>
      <trkpt lat="47.479005" lon="-120.772000">
        <ele>1763.0</ele>
        <time>2026-07-19T03:30:42Z</time>
      </trkpt>
      <trkpt lat="47.478973" lon="-120.772009">
        <ele>1762.0</ele>
        <time>2026-07-19T03:30:47Z</time>
      </trkpt>
      <trkpt lat="47.478954" lon="-120.771917">
        <ele>1756.0</ele>
        <time>2026-07-19T03:30:55Z</time>
      </trkpt>
      <trkpt lat="47.478938" lon="-120.771882">
        <ele>1755.0</ele>
        <time>2026-07-19T03:30:58Z</time>
      </trkpt>
      <trkpt lat="47.478904" lon="-120.771880">
        <ele>1756.0</ele>
        <time>2026-07-19T03:31:01Z</time>
      </trkpt>
      <trkpt lat="47.478812" lon="-120.771821">
        <ele>1755.0</ele>
        <time>2026-07-19T03:31:13Z</time>
      </trkpt>
      <trkpt lat="47.478819" lon="-120.771787">
        <ele>1754.0</ele>
        <time>2026-07-19T03:31:16Z</time>
      </trkpt>
      <trkpt lat="47.478803" lon="-120.771756">
        <ele>1752.0</ele>
        <time>2026-07-19T03:31:20Z</time>
      </trkpt>
      <trkpt lat="47.478744" lon="-120.771760">
        <ele>1751.0</ele>
        <time>2026-07-19T03:31:34Z</time>
      </trkpt>
      <trkpt lat="47.478720" lon="-120.771728">
        <ele>1745.0</ele>
        <time>2026-07-19T03:31:43Z</time>
      </trkpt>
      <trkpt lat="47.478726" lon="-120.771690">
        <ele>1746.0</ele>
        <time>2026-07-19T03:31:49Z</time>
      </trkpt>
      <trkpt lat="47.478699" lon="-120.771618">
        <ele>1746.0</ele>
        <time>2026-07-19T03:31:59Z</time>
      </trkpt>
      <trkpt lat="47.478697" lon="-120.771579">
        <ele>1744.0</ele>
        <time>2026-07-19T03:32:02Z</time>
      </trkpt>
      <trkpt lat="47.478667" lon="-120.771525">
        <ele>1743.0</ele>
        <time>2026-07-19T03:32:08Z</time>
      </trkpt>
      <trkpt lat="47.478650" lon="-120.771451">
        <ele>1741.0</ele>
        <time>2026-07-19T03:32:12Z</time>
      </trkpt>
      <trkpt lat="47.478615" lon="-120.771396">
        <ele>1743.0</ele>
        <time>2026-07-19T03:32:15Z</time>
      </trkpt>
      <trkpt lat="47.478585" lon="-120.771311">
        <ele>1744.0</ele>
        <time>2026-07-19T03:32:20Z</time>
      </trkpt>
      <trkpt lat="47.478561" lon="-120.771293">
        <ele>1745.0</ele>
        <time>2026-07-19T03:32:23Z</time>
      </trkpt>
      <trkpt lat="47.478496" lon="-120.771201">
        <ele>1746.0</ele>
        <time>2026-07-19T03:32:32Z</time>
      </trkpt>
      <trkpt lat="47.478441" lon="-120.771229">
        <ele>1743.0</ele>
        <time>2026-07-19T03:32:51Z</time>
      </trkpt>
      <trkpt lat="47.478365" lon="-120.771214">
        <ele>1730.0</ele>
        <time>2026-07-19T03:33:15Z</time>
      </trkpt>
      <trkpt lat="47.478361" lon="-120.771254">
        <ele>1740.0</ele>
        <time>2026-07-19T03:33:46Z</time>
      </trkpt>
      <trkpt lat="47.478330" lon="-120.771251">
        <ele>1738.0</ele>
        <time>2026-07-19T03:33:54Z</time>
      </trkpt>
      <trkpt lat="47.478271" lon="-120.771212">
        <ele>1736.0</ele>
        <time>2026-07-19T03:34:08Z</time>
      </trkpt>
      <trkpt lat="47.478202" lon="-120.771099">
        <ele>1734.0</ele>
        <time>2026-07-19T03:34:23Z</time>
      </trkpt>
      <trkpt lat="47.478188" lon="-120.771056">
        <ele>1736.0</ele>
        <time>2026-07-19T03:34:35Z</time>
      </trkpt>
      <trkpt lat="47.478212" lon="-120.770937">
        <ele>1733.0</ele>
        <time>2026-07-19T03:35:00Z</time>
      </trkpt>
      <trkpt lat="47.478267" lon="-120.770865">
        <ele>1732.0</ele>
        <time>2026-07-19T03:35:08Z</time>
      </trkpt>
      <trkpt lat="47.478333" lon="-120.770738">
        <ele>1732.0</ele>
        <time>2026-07-19T03:35:22Z</time>
      </trkpt>
      <trkpt lat="47.478303" lon="-120.770698">
        <ele>1728.0</ele>
        <time>2026-07-19T03:35:34Z</time>
      </trkpt>
      <trkpt lat="47.478268" lon="-120.770700">
        <ele>1724.0</ele>
        <time>2026-07-19T03:35:40Z</time>
      </trkpt>
      <trkpt lat="47.478243" lon="-120.770677">
        <ele>1724.0</ele>
        <time>2026-07-19T03:35:45Z</time>
      </trkpt>
      <trkpt lat="47.478216" lon="-120.770573">
        <ele>1725.0</ele>
        <time>2026-07-19T03:35:52Z</time>
      </trkpt>
      <trkpt lat="47.478158" lon="-120.770503">
        <ele>1722.0</ele>
        <time>2026-07-19T03:36:13Z</time>
      </trkpt>
      <trkpt lat="47.478118" lon="-120.770480">
        <ele>1720.0</ele>
        <time>2026-07-19T03:36:22Z</time>
      </trkpt>
      <trkpt lat="47.478053" lon="-120.770400">
        <ele>1717.0</ele>
        <time>2026-07-19T03:36:33Z</time>
      </trkpt>
      <trkpt lat="47.478005" lon="-120.770424">
        <ele>1712.0</ele>
        <time>2026-07-19T03:36:42Z</time>
      </trkpt>
      <trkpt lat="47.478005" lon="-120.770348">
        <ele>1716.0</ele>
        <time>2026-07-19T03:36:51Z</time>
      </trkpt>
      <trkpt lat="47.477916" lon="-120.770311">
        <ele>1709.0</ele>
        <time>2026-07-19T03:37:10Z</time>
      </trkpt>
      <trkpt lat="47.477877" lon="-120.770193">
        <ele>1706.0</ele>
        <time>2026-07-19T03:37:42Z</time>
      </trkpt>
      <trkpt lat="47.477945" lon="-120.769973">
        <ele>1704.4</ele>
        <time>2026-07-19T03:37:57Z</time>
      </trkpt>
      <trkpt lat="47.477995" lon="-120.769943">
        <ele>1707.0</ele>
        <time>2026-07-19T03:38:00Z</time>
      </trkpt>
      <trkpt lat="47.478045" lon="-120.769836">
        <ele>1704.0</ele>
        <time>2026-07-19T03:38:13Z</time>
      </trkpt>
      <trkpt lat="47.478062" lon="-120.769730">
        <ele>1697.0</ele>
        <time>2026-07-19T03:38:23Z</time>
      </trkpt>
      <trkpt lat="47.478056" lon="-120.769682">
        <ele>1696.0</ele>
        <time>2026-07-19T03:38:29Z</time>
      </trkpt>
      <trkpt lat="47.478083" lon="-120.769655">
        <ele>1697.0</ele>
        <time>2026-07-19T03:38:34Z</time>
      </trkpt>
      <trkpt lat="47.478070" lon="-120.769617">
        <ele>1697.0</ele>
        <time>2026-07-19T03:38:37Z</time>
      </trkpt>
      <trkpt lat="47.478027" lon="-120.769556">
        <ele>1697.0</ele>
        <time>2026-07-19T03:38:41Z</time>
      </trkpt>
      <trkpt lat="47.478005" lon="-120.769468">
        <ele>1698.0</ele>
        <time>2026-07-19T03:38:45Z</time>
      </trkpt>
      <trkpt lat="47.477972" lon="-120.769215">
        <ele>1695.0</ele>
        <time>2026-07-19T03:38:58Z</time>
      </trkpt>
      <trkpt lat="47.477946" lon="-120.769186">
        <ele>1692.0</ele>
        <time>2026-07-19T03:39:02Z</time>
      </trkpt>
      <trkpt lat="47.477917" lon="-120.769084">
        <ele>1685.0</ele>
        <time>2026-07-19T03:39:17Z</time>
      </trkpt>
      <trkpt lat="47.477863" lon="-120.769028">
        <ele>1686.0</ele>
        <time>2026-07-19T03:39:25Z</time>
      </trkpt>
      <trkpt lat="47.477850" lon="-120.768993">
        <ele>1685.0</ele>
        <time>2026-07-19T03:39:32Z</time>
      </trkpt>
      <trkpt lat="47.477873" lon="-120.768971">
        <ele>1686.0</ele>
        <time>2026-07-19T03:39:35Z</time>
      </trkpt>
      <trkpt lat="47.477921" lon="-120.768963">
        <ele>1686.1</ele>
        <time>2026-07-19T03:39:39Z</time>
      </trkpt>
      <trkpt lat="47.477941" lon="-120.768913">
        <ele>1686.0</ele>
        <time>2026-07-19T03:39:43Z</time>
      </trkpt>
      <trkpt lat="47.477970" lon="-120.768893">
        <ele>1684.0</ele>
        <time>2026-07-19T03:39:46Z</time>
      </trkpt>
      <trkpt lat="47.477999" lon="-120.768771">
        <ele>1683.0</ele>
        <time>2026-07-19T03:39:53Z</time>
      </trkpt>
      <trkpt lat="47.478019" lon="-120.768743">
        <ele>1680.0</ele>
        <time>2026-07-19T03:39:56Z</time>
      </trkpt>
      <trkpt lat="47.478043" lon="-120.768673">
        <ele>1681.0</ele>
        <time>2026-07-19T03:40:04Z</time>
      </trkpt>
      <trkpt lat="47.478170" lon="-120.768581">
        <ele>1679.0</ele>
        <time>2026-07-19T03:40:15Z</time>
      </trkpt>
      <trkpt lat="47.478213" lon="-120.768539">
        <ele>1676.0</ele>
        <time>2026-07-19T03:40:22Z</time>
      </trkpt>
      <trkpt lat="47.478235" lon="-120.768500">
        <ele>1679.0</ele>
        <time>2026-07-19T03:40:25Z</time>
      </trkpt>
      <trkpt lat="47.478272" lon="-120.768460">
        <ele>1680.0</ele>
        <time>2026-07-19T03:40:29Z</time>
      </trkpt>
      <trkpt lat="47.478313" lon="-120.768359">
        <ele>1678.0</ele>
        <time>2026-07-19T03:40:36Z</time>
      </trkpt>
      <trkpt lat="47.478355" lon="-120.768123">
        <ele>1674.0</ele>
        <time>2026-07-19T03:40:50Z</time>
      </trkpt>
      <trkpt lat="47.478378" lon="-120.768045">
        <ele>1674.0</ele>
        <time>2026-07-19T03:40:55Z</time>
      </trkpt>
      <trkpt lat="47.478379" lon="-120.768002">
        <ele>1675.0</ele>
        <time>2026-07-19T03:40:57Z</time>
      </trkpt>
      <trkpt lat="47.478360" lon="-120.767909">
        <ele>1674.0</ele>
        <time>2026-07-19T03:41:01Z</time>
      </trkpt>
      <trkpt lat="47.478248" lon="-120.767735">
        <ele>1671.0</ele>
        <time>2026-07-19T03:41:15Z</time>
      </trkpt>
      <trkpt lat="47.478245" lon="-120.767668">
        <ele>1673.5</ele>
        <time>2026-07-19T03:41:19Z</time>
      </trkpt>
      <trkpt lat="47.478263" lon="-120.767598">
        <ele>1674.0</ele>
        <time>2026-07-19T03:41:25Z</time>
      </trkpt>
      <trkpt lat="47.478328" lon="-120.767490">
        <ele>1674.0</ele>
        <time>2026-07-19T03:41:32Z</time>
      </trkpt>
      <trkpt lat="47.478381" lon="-120.767378">
        <ele>1673.0</ele>
        <time>2026-07-19T03:41:41Z</time>
      </trkpt>
      <trkpt lat="47.478416" lon="-120.767347">
        <ele>1672.0</ele>
        <time>2026-07-19T03:41:44Z</time>
      </trkpt>
      <trkpt lat="47.478438" lon="-120.767294">
        <ele>1669.0</ele>
        <time>2026-07-19T03:41:49Z</time>
      </trkpt>
      <trkpt lat="47.478429" lon="-120.767258">
        <ele>1670.0</ele>
        <time>2026-07-19T03:41:53Z</time>
      </trkpt>
      <trkpt lat="47.478546" lon="-120.767067">
        <ele>1670.6</ele>
        <time>2026-07-19T03:42:05Z</time>
      </trkpt>
      <trkpt lat="47.478559" lon="-120.767030">
        <ele>1671.0</ele>
        <time>2026-07-19T03:42:07Z</time>
      </trkpt>
      <trkpt lat="47.478645" lon="-120.766993">
        <ele>1669.0</ele>
        <time>2026-07-19T03:42:14Z</time>
      </trkpt>
      <trkpt lat="47.478685" lon="-120.767002">
        <ele>1668.0</ele>
        <time>2026-07-19T03:42:16Z</time>
      </trkpt>
      <trkpt lat="47.478714" lon="-120.766982">
        <ele>1669.0</ele>
        <time>2026-07-19T03:42:18Z</time>
      </trkpt>
      <trkpt lat="47.478735" lon="-120.766948">
        <ele>1669.0</ele>
        <time>2026-07-19T03:42:20Z</time>
      </trkpt>
      <trkpt lat="47.478807" lon="-120.766891">
        <ele>1671.0</ele>
        <time>2026-07-19T03:42:25Z</time>
      </trkpt>
      <trkpt lat="47.478873" lon="-120.766794">
        <ele>1670.0</ele>
        <time>2026-07-19T03:42:34Z</time>
      </trkpt>
      <trkpt lat="47.478883" lon="-120.766759">
        <ele>1670.0</ele>
        <time>2026-07-19T03:42:36Z</time>
      </trkpt>
      <trkpt lat="47.478944" lon="-120.766687">
        <ele>1668.0</ele>
        <time>2026-07-19T03:42:42Z</time>
      </trkpt>
      <trkpt lat="47.478966" lon="-120.766620">
        <ele>1666.0</ele>
        <time>2026-07-19T03:42:48Z</time>
      </trkpt>
      <trkpt lat="47.479024" lon="-120.766535">
        <ele>1667.0</ele>
        <time>2026-07-19T03:42:53Z</time>
      </trkpt>
      <trkpt lat="47.479032" lon="-120.766505">
        <ele>1668.0</ele>
        <time>2026-07-19T03:42:55Z</time>
      </trkpt>
      <trkpt lat="47.479102" lon="-120.766416">
        <ele>1668.0</ele>
        <time>2026-07-19T03:43:03Z</time>
      </trkpt>
      <trkpt lat="47.479116" lon="-120.766348">
        <ele>1668.0</ele>
        <time>2026-07-19T03:43:08Z</time>
      </trkpt>
      <trkpt lat="47.479175" lon="-120.766250">
        <ele>1670.0</ele>
        <time>2026-07-19T03:43:15Z</time>
      </trkpt>
      <trkpt lat="47.479256" lon="-120.766188">
        <ele>1669.0</ele>
        <time>2026-07-19T03:43:25Z</time>
      </trkpt>
      <trkpt lat="47.479322" lon="-120.766108">
        <ele>1670.0</ele>
        <time>2026-07-19T03:43:32Z</time>
      </trkpt>
      <trkpt lat="47.479312" lon="-120.766074">
        <ele>1669.0</ele>
        <time>2026-07-19T03:43:36Z</time>
      </trkpt>
      <trkpt lat="47.479286" lon="-120.766043">
        <ele>1670.0</ele>
        <time>2026-07-19T03:43:40Z</time>
      </trkpt>
      <trkpt lat="47.479278" lon="-120.765974">
        <ele>1673.0</ele>
        <time>2026-07-19T03:43:45Z</time>
      </trkpt>
      <trkpt lat="47.479234" lon="-120.765916">
        <ele>1672.0</ele>
        <time>2026-07-19T03:43:52Z</time>
      </trkpt>
      <trkpt lat="47.479216" lon="-120.765846">
        <ele>1671.0</ele>
        <time>2026-07-19T03:43:59Z</time>
      </trkpt>
      <trkpt lat="47.479233" lon="-120.765727">
        <ele>1668.0</ele>
        <time>2026-07-19T03:44:08Z</time>
      </trkpt>
      <trkpt lat="47.479251" lon="-120.765674">
        <ele>1668.0</ele>
        <time>2026-07-19T03:44:11Z</time>
      </trkpt>
      <trkpt lat="47.479337" lon="-120.765528">
        <ele>1671.0</ele>
        <time>2026-07-19T03:44:20Z</time>
      </trkpt>
      <trkpt lat="47.479372" lon="-120.765373">
        <ele>1671.0</ele>
        <time>2026-07-19T03:44:35Z</time>
      </trkpt>
      <trkpt lat="47.479365" lon="-120.765334">
        <ele>1671.6</ele>
        <time>2026-07-19T03:44:41Z</time>
      </trkpt>
      <trkpt lat="47.479458" lon="-120.765227">
        <ele>1668.0</ele>
        <time>2026-07-19T03:44:53Z</time>
      </trkpt>
      <trkpt lat="47.479453" lon="-120.765079">
        <ele>1666.0</ele>
        <time>2026-07-19T03:45:05Z</time>
      </trkpt>
      <trkpt lat="47.479483" lon="-120.764979">
        <ele>1667.0</ele>
        <time>2026-07-19T03:45:13Z</time>
      </trkpt>
      <trkpt lat="47.479556" lon="-120.764426">
        <ele>1658.0</ele>
        <time>2026-07-19T03:45:48Z</time>
      </trkpt>
      <trkpt lat="47.479583" lon="-120.764307">
        <ele>1659.0</ele>
        <time>2026-07-19T03:45:57Z</time>
      </trkpt>
      <trkpt lat="47.479580" lon="-120.764272">
        <ele>1655.0</ele>
        <time>2026-07-19T03:46:01Z</time>
      </trkpt>
      <trkpt lat="47.479563" lon="-120.764333">
        <ele>1656.0</ele>
        <time>2026-07-19T03:46:09Z</time>
      </trkpt>
      <trkpt lat="47.479501" lon="-120.764348">
        <ele>1660.0</ele>
        <time>2026-07-19T03:46:15Z</time>
      </trkpt>
      <trkpt lat="47.479457" lon="-120.764316">
        <ele>1660.1</ele>
        <time>2026-07-19T03:46:21Z</time>
      </trkpt>
      <trkpt lat="47.479435" lon="-120.764209">
        <ele>1656.0</ele>
        <time>2026-07-19T03:46:28Z</time>
      </trkpt>
      <trkpt lat="47.479451" lon="-120.764170">
        <ele>1657.0</ele>
        <time>2026-07-19T03:46:30Z</time>
      </trkpt>
      <trkpt lat="47.479448" lon="-120.764049">
        <ele>1658.0</ele>
        <time>2026-07-19T03:46:36Z</time>
      </trkpt>
      <trkpt lat="47.479465" lon="-120.764019">
        <ele>1656.0</ele>
        <time>2026-07-19T03:46:39Z</time>
      </trkpt>
      <trkpt lat="47.479449" lon="-120.763953">
        <ele>1656.0</ele>
        <time>2026-07-19T03:46:44Z</time>
      </trkpt>
      <trkpt lat="47.479443" lon="-120.763864">
        <ele>1658.0</ele>
        <time>2026-07-19T03:47:05Z</time>
      </trkpt>
      <trkpt lat="47.479494" lon="-120.763606">
        <ele>1656.0</ele>
        <time>2026-07-19T03:47:26Z</time>
      </trkpt>
      <trkpt lat="47.479484" lon="-120.763552">
        <ele>1656.0</ele>
        <time>2026-07-19T03:47:28Z</time>
      </trkpt>
      <trkpt lat="47.479436" lon="-120.763446">
        <ele>1652.0</ele>
        <time>2026-07-19T03:47:36Z</time>
      </trkpt>
      <trkpt lat="47.479427" lon="-120.763257">
        <ele>1656.0</ele>
        <time>2026-07-19T03:47:50Z</time>
      </trkpt>
      <trkpt lat="47.479390" lon="-120.763134">
        <ele>1656.7</ele>
        <time>2026-07-19T03:47:59Z</time>
      </trkpt>
      <trkpt lat="47.479357" lon="-120.762896">
        <ele>1655.0</ele>
        <time>2026-07-19T03:48:14Z</time>
      </trkpt>
      <trkpt lat="47.479362" lon="-120.762821">
        <ele>1658.0</ele>
        <time>2026-07-19T03:48:20Z</time>
      </trkpt>
      <trkpt lat="47.479323" lon="-120.762685">
        <ele>1655.0</ele>
        <time>2026-07-19T03:48:31Z</time>
      </trkpt>
      <trkpt lat="47.479321" lon="-120.762550">
        <ele>1657.0</ele>
        <time>2026-07-19T03:48:36Z</time>
      </trkpt>
      <trkpt lat="47.479367" lon="-120.762422">
        <ele>1658.0</ele>
        <time>2026-07-19T03:48:43Z</time>
      </trkpt>
      <trkpt lat="47.479360" lon="-120.762394">
        <ele>1659.0</ele>
        <time>2026-07-19T03:48:45Z</time>
      </trkpt>
      <trkpt lat="47.479388" lon="-120.762334">
        <ele>1661.6</ele>
        <time>2026-07-19T03:48:50Z</time>
      </trkpt>
      <trkpt lat="47.479389" lon="-120.762198">
        <ele>1658.0</ele>
        <time>2026-07-19T03:48:59Z</time>
      </trkpt>
      <trkpt lat="47.479405" lon="-120.762165">
        <ele>1658.0</ele>
        <time>2026-07-19T03:49:02Z</time>
      </trkpt>
      <trkpt lat="47.479477" lon="-120.762090">
        <ele>1660.0</ele>
        <time>2026-07-19T03:49:08Z</time>
      </trkpt>
      <trkpt lat="47.479510" lon="-120.761997">
        <ele>1659.0</ele>
        <time>2026-07-19T03:49:12Z</time>
      </trkpt>
      <trkpt lat="47.479542" lon="-120.761981">
        <ele>1659.0</ele>
        <time>2026-07-19T03:49:15Z</time>
      </trkpt>
      <trkpt lat="47.479545" lon="-120.761906">
        <ele>1658.0</ele>
        <time>2026-07-19T03:49:20Z</time>
      </trkpt>
      <trkpt lat="47.479607" lon="-120.761647">
        <ele>1658.0</ele>
        <time>2026-07-19T03:49:39Z</time>
      </trkpt>
      <trkpt lat="47.479637" lon="-120.761581">
        <ele>1658.0</ele>
        <time>2026-07-19T03:49:44Z</time>
      </trkpt>
      <trkpt lat="47.479668" lon="-120.761430">
        <ele>1658.0</ele>
        <time>2026-07-19T03:49:52Z</time>
      </trkpt>
      <trkpt lat="47.479657" lon="-120.761396">
        <ele>1656.0</ele>
        <time>2026-07-19T03:49:55Z</time>
      </trkpt>
      <trkpt lat="47.479660" lon="-120.761296">
        <ele>1659.0</ele>
        <time>2026-07-19T03:50:00Z</time>
      </trkpt>
      <trkpt lat="47.479627" lon="-120.761178">
        <ele>1662.0</ele>
        <time>2026-07-19T03:50:07Z</time>
      </trkpt>
      <trkpt lat="47.479634" lon="-120.761134">
        <ele>1664.0</ele>
        <time>2026-07-19T03:50:10Z</time>
      </trkpt>
      <trkpt lat="47.479672" lon="-120.761070">
        <ele>1666.0</ele>
        <time>2026-07-19T03:50:15Z</time>
      </trkpt>
      <trkpt lat="47.479675" lon="-120.761034">
        <ele>1666.0</ele>
        <time>2026-07-19T03:50:17Z</time>
      </trkpt>
      <trkpt lat="47.479657" lon="-120.760952">
        <ele>1660.0</ele>
        <time>2026-07-19T03:50:23Z</time>
      </trkpt>
      <trkpt lat="47.479636" lon="-120.760934">
        <ele>1660.0</ele>
        <time>2026-07-19T03:50:25Z</time>
      </trkpt>
      <trkpt lat="47.479584" lon="-120.760849">
        <ele>1659.0</ele>
        <time>2026-07-19T03:50:34Z</time>
      </trkpt>
      <trkpt lat="47.479504" lon="-120.760768">
        <ele>1660.0</ele>
        <time>2026-07-19T03:50:46Z</time>
      </trkpt>
      <trkpt lat="47.479476" lon="-120.760705">
        <ele>1660.0</ele>
        <time>2026-07-19T03:50:53Z</time>
      </trkpt>
      <trkpt lat="47.479473" lon="-120.760574">
        <ele>1658.0</ele>
        <time>2026-07-19T03:51:04Z</time>
      </trkpt>
      <trkpt lat="47.479450" lon="-120.760385">
        <ele>1658.0</ele>
        <time>2026-07-19T03:51:16Z</time>
      </trkpt>
      <trkpt lat="47.479421" lon="-120.760354">
        <ele>1659.2</ele>
        <time>2026-07-19T03:51:18Z</time>
      </trkpt>
      <trkpt lat="47.479343" lon="-120.760331">
        <ele>1658.0</ele>
        <time>2026-07-19T03:51:22Z</time>
      </trkpt>
      <trkpt lat="47.479324" lon="-120.760303">
        <ele>1657.0</ele>
        <time>2026-07-19T03:51:24Z</time>
      </trkpt>
      <trkpt lat="47.479256" lon="-120.760275">
        <ele>1655.0</ele>
        <time>2026-07-19T03:51:29Z</time>
      </trkpt>
      <trkpt lat="47.479178" lon="-120.760204">
        <ele>1652.0</ele>
        <time>2026-07-19T03:51:36Z</time>
      </trkpt>
      <trkpt lat="47.479138" lon="-120.760234">
        <ele>1650.0</ele>
        <time>2026-07-19T03:51:39Z</time>
      </trkpt>
      <trkpt lat="47.479070" lon="-120.760219">
        <ele>1650.0</ele>
        <time>2026-07-19T03:51:45Z</time>
      </trkpt>
      <trkpt lat="47.479024" lon="-120.760115">
        <ele>1654.0</ele>
        <time>2026-07-19T03:51:56Z</time>
      </trkpt>
      <trkpt lat="47.478857" lon="-120.760024">
        <ele>1652.0</ele>
        <time>2026-07-19T03:52:18Z</time>
      </trkpt>
      <trkpt lat="47.478784" lon="-120.760035">
        <ele>1652.0</ele>
        <time>2026-07-19T03:52:26Z</time>
      </trkpt>
      <trkpt lat="47.478752" lon="-120.760057">
        <ele>1648.0</ele>
        <time>2026-07-19T03:52:37Z</time>
      </trkpt>
      <trkpt lat="47.478723" lon="-120.760046">
        <ele>1650.0</ele>
        <time>2026-07-19T03:53:08Z</time>
      </trkpt>
      <trkpt lat="47.478700" lon="-120.760110">
        <ele>1650.0</ele>
        <time>2026-07-19T03:53:37Z</time>
      </trkpt>
      <trkpt lat="47.478674" lon="-120.760133">
        <ele>1653.0</ele>
        <time>2026-07-19T03:53:41Z</time>
      </trkpt>
      <trkpt lat="47.478578" lon="-120.760131">
        <ele>1656.0</ele>
        <time>2026-07-19T03:53:55Z</time>
      </trkpt>
      <trkpt lat="47.478557" lon="-120.760175">
        <ele>1656.0</ele>
        <time>2026-07-19T03:54:03Z</time>
      </trkpt>
      <trkpt lat="47.478551" lon="-120.760249">
        <ele>1657.0</ele>
        <time>2026-07-19T03:54:11Z</time>
      </trkpt>
      <trkpt lat="47.478528" lon="-120.760313">
        <ele>1656.0</ele>
        <time>2026-07-19T03:54:19Z</time>
      </trkpt>
      <trkpt lat="47.478402" lon="-120.760398">
        <ele>1656.0</ele>
        <time>2026-07-19T03:54:37Z</time>
      </trkpt>
      <trkpt lat="47.478285" lon="-120.760292">
        <ele>1657.3</ele>
        <time>2026-07-19T03:54:51Z</time>
      </trkpt>
      <trkpt lat="47.478235" lon="-120.760273">
        <ele>1657.0</ele>
        <time>2026-07-19T03:54:57Z</time>
      </trkpt>
      <trkpt lat="47.478215" lon="-120.760242">
        <ele>1656.0</ele>
        <time>2026-07-19T03:55:00Z</time>
      </trkpt>
      <trkpt lat="47.478184" lon="-120.760227">
        <ele>1656.0</ele>
        <time>2026-07-19T03:55:05Z</time>
      </trkpt>
      <trkpt lat="47.478157" lon="-120.760189">
        <ele>1656.0</ele>
        <time>2026-07-19T03:55:09Z</time>
      </trkpt>
      <trkpt lat="47.478110" lon="-120.760037">
        <ele>1655.0</ele>
        <time>2026-07-19T03:55:20Z</time>
      </trkpt>
      <trkpt lat="47.478049" lon="-120.759961">
        <ele>1654.0</ele>
        <time>2026-07-19T03:55:30Z</time>
      </trkpt>
      <trkpt lat="47.477982" lon="-120.759804">
        <ele>1654.0</ele>
        <time>2026-07-19T03:55:42Z</time>
      </trkpt>
      <trkpt lat="47.477930" lon="-120.759753">
        <ele>1653.0</ele>
        <time>2026-07-19T03:55:48Z</time>
      </trkpt>
      <trkpt lat="47.477885" lon="-120.759650">
        <ele>1653.0</ele>
        <time>2026-07-19T03:55:56Z</time>
      </trkpt>
      <trkpt lat="47.477806" lon="-120.759523">
        <ele>1652.0</ele>
        <time>2026-07-19T03:56:12Z</time>
      </trkpt>
      <trkpt lat="47.477779" lon="-120.759501">
        <ele>1652.0</ele>
        <time>2026-07-19T03:56:16Z</time>
      </trkpt>
      <trkpt lat="47.477601" lon="-120.759490">
        <ele>1652.0</ele>
        <time>2026-07-19T03:56:32Z</time>
      </trkpt>
      <trkpt lat="47.477446" lon="-120.759270">
        <ele>1656.0</ele>
        <time>2026-07-19T03:56:46Z</time>
      </trkpt>
      <trkpt lat="47.477432" lon="-120.759198">
        <ele>1656.0</ele>
        <time>2026-07-19T03:56:51Z</time>
      </trkpt>
      <trkpt lat="47.477412" lon="-120.759171">
        <ele>1656.0</ele>
        <time>2026-07-19T03:56:53Z</time>
      </trkpt>
      <trkpt lat="47.477377" lon="-120.759173">
        <ele>1654.0</ele>
        <time>2026-07-19T03:56:55Z</time>
      </trkpt>
      <trkpt lat="47.477347" lon="-120.759193">
        <ele>1651.0</ele>
        <time>2026-07-19T03:56:57Z</time>
      </trkpt>
      <trkpt lat="47.477320" lon="-120.759172">
        <ele>1649.0</ele>
        <time>2026-07-19T03:57:00Z</time>
      </trkpt>
      <trkpt lat="47.477216" lon="-120.759169">
        <ele>1647.0</ele>
        <time>2026-07-19T03:57:12Z</time>
      </trkpt>
      <trkpt lat="47.477244" lon="-120.758965">
        <ele>1654.0</ele>
        <time>2026-07-19T03:57:30Z</time>
      </trkpt>
      <trkpt lat="47.477315" lon="-120.758787">
        <ele>1655.0</ele>
        <time>2026-07-19T03:57:43Z</time>
      </trkpt>
      <trkpt lat="47.477289" lon="-120.758673">
        <ele>1656.0</ele>
        <time>2026-07-19T03:57:49Z</time>
      </trkpt>
      <trkpt lat="47.477302" lon="-120.758604">
        <ele>1658.0</ele>
        <time>2026-07-19T03:57:53Z</time>
      </trkpt>
      <trkpt lat="47.477287" lon="-120.758498">
        <ele>1655.0</ele>
        <time>2026-07-19T03:58:00Z</time>
      </trkpt>
      <trkpt lat="47.477292" lon="-120.758356">
        <ele>1658.5</ele>
        <time>2026-07-19T03:58:08Z</time>
      </trkpt>
      <trkpt lat="47.477274" lon="-120.758321">
        <ele>1659.0</ele>
        <time>2026-07-19T03:58:09Z</time>
      </trkpt>
      <trkpt lat="47.477262" lon="-120.758228">
        <ele>1659.0</ele>
        <time>2026-07-19T03:58:14Z</time>
      </trkpt>
      <trkpt lat="47.477264" lon="-120.758191">
        <ele>1658.0</ele>
        <time>2026-07-19T03:58:16Z</time>
      </trkpt>
      <trkpt lat="47.477299" lon="-120.758091">
        <ele>1658.0</ele>
        <time>2026-07-19T03:58:24Z</time>
      </trkpt>
      <trkpt lat="47.477285" lon="-120.758008">
        <ele>1656.0</ele>
        <time>2026-07-19T03:58:29Z</time>
      </trkpt>
      <trkpt lat="47.477289" lon="-120.757922">
        <ele>1657.0</ele>
        <time>2026-07-19T03:58:33Z</time>
      </trkpt>
      <trkpt lat="47.477278" lon="-120.757800">
        <ele>1656.0</ele>
        <time>2026-07-19T03:58:41Z</time>
      </trkpt>
      <trkpt lat="47.477291" lon="-120.757708">
        <ele>1655.0</ele>
        <time>2026-07-19T03:58:49Z</time>
      </trkpt>
      <trkpt lat="47.477313" lon="-120.757680">
        <ele>1656.0</ele>
        <time>2026-07-19T03:58:52Z</time>
      </trkpt>
      <trkpt lat="47.477299" lon="-120.757572">
        <ele>1657.0</ele>
        <time>2026-07-19T03:58:58Z</time>
      </trkpt>
      <trkpt lat="47.477298" lon="-120.757485">
        <ele>1655.0</ele>
        <time>2026-07-19T03:59:05Z</time>
      </trkpt>
      <trkpt lat="47.477282" lon="-120.757431">
        <ele>1656.0</ele>
        <time>2026-07-19T03:59:09Z</time>
      </trkpt>
      <trkpt lat="47.477330" lon="-120.757286">
        <ele>1658.0</ele>
        <time>2026-07-19T03:59:23Z</time>
      </trkpt>
      <trkpt lat="47.477340" lon="-120.757180">
        <ele>1657.0</ele>
        <time>2026-07-19T03:59:29Z</time>
      </trkpt>
      <trkpt lat="47.477360" lon="-120.757153">
        <ele>1657.0</ele>
        <time>2026-07-19T03:59:33Z</time>
      </trkpt>
      <trkpt lat="47.477439" lon="-120.757149">
        <ele>1655.0</ele>
        <time>2026-07-19T03:59:45Z</time>
      </trkpt>
      <trkpt lat="47.477441" lon="-120.757119">
        <ele>1656.0</ele>
        <time>2026-07-19T03:59:48Z</time>
      </trkpt>
      <trkpt lat="47.477497" lon="-120.757063">
        <ele>1658.1</ele>
        <time>2026-07-19T03:59:52Z</time>
      </trkpt>
      <trkpt lat="47.477556" lon="-120.756924">
        <ele>1660.0</ele>
        <time>2026-07-19T04:00:03Z</time>
      </trkpt>
      <trkpt lat="47.477563" lon="-120.756880">
        <ele>1656.0</ele>
        <time>2026-07-19T04:00:06Z</time>
      </trkpt>
      <trkpt lat="47.477599" lon="-120.756816">
        <ele>1656.0</ele>
        <time>2026-07-19T04:00:11Z</time>
      </trkpt>
      <trkpt lat="47.477773" lon="-120.756622">
        <ele>1654.0</ele>
        <time>2026-07-19T04:00:32Z</time>
      </trkpt>
      <trkpt lat="47.477791" lon="-120.756563">
        <ele>1655.0</ele>
        <time>2026-07-19T04:00:38Z</time>
      </trkpt>
      <trkpt lat="47.477882" lon="-120.756432">
        <ele>1656.0</ele>
        <time>2026-07-19T04:00:47Z</time>
      </trkpt>
      <trkpt lat="47.477915" lon="-120.756360">
        <ele>1658.0</ele>
        <time>2026-07-19T04:00:54Z</time>
      </trkpt>
      <trkpt lat="47.478070" lon="-120.756122">
        <ele>1656.0</ele>
        <time>2026-07-19T04:01:18Z</time>
      </trkpt>
      <trkpt lat="47.478094" lon="-120.756100">
        <ele>1656.0</ele>
        <time>2026-07-19T04:01:22Z</time>
      </trkpt>
      <trkpt lat="47.478127" lon="-120.756090">
        <ele>1656.0</ele>
        <time>2026-07-19T04:01:25Z</time>
      </trkpt>
      <trkpt lat="47.478199" lon="-120.755960">
        <ele>1660.0</ele>
        <time>2026-07-19T04:01:34Z</time>
      </trkpt>
      <trkpt lat="47.478231" lon="-120.755811">
        <ele>1661.0</ele>
        <time>2026-07-19T04:01:43Z</time>
      </trkpt>
      <trkpt lat="47.478286" lon="-120.755753">
        <ele>1660.0</ele>
        <time>2026-07-19T04:01:48Z</time>
      </trkpt>
      <trkpt lat="47.478350" lon="-120.755663">
        <ele>1657.0</ele>
        <time>2026-07-19T04:01:56Z</time>
      </trkpt>
      <trkpt lat="47.478428" lon="-120.755610">
        <ele>1660.0</ele>
        <time>2026-07-19T04:02:03Z</time>
      </trkpt>
      <trkpt lat="47.478469" lon="-120.755504">
        <ele>1660.0</ele>
        <time>2026-07-19T04:02:11Z</time>
      </trkpt>
      <trkpt lat="47.478508" lon="-120.755451">
        <ele>1662.0</ele>
        <time>2026-07-19T04:02:16Z</time>
      </trkpt>
      <trkpt lat="47.478512" lon="-120.755420">
        <ele>1664.0</ele>
        <time>2026-07-19T04:02:18Z</time>
      </trkpt>
      <trkpt lat="47.478543" lon="-120.755374">
        <ele>1660.0</ele>
        <time>2026-07-19T04:02:24Z</time>
      </trkpt>
      <trkpt lat="47.478635" lon="-120.755318">
        <ele>1662.0</ele>
        <time>2026-07-19T04:02:33Z</time>
      </trkpt>
      <trkpt lat="47.478661" lon="-120.755290">
        <ele>1662.0</ele>
        <time>2026-07-19T04:02:36Z</time>
      </trkpt>
      <trkpt lat="47.478698" lon="-120.755203">
        <ele>1660.0</ele>
        <time>2026-07-19T04:02:42Z</time>
      </trkpt>
      <trkpt lat="47.478724" lon="-120.755179">
        <ele>1662.0</ele>
        <time>2026-07-19T04:02:45Z</time>
      </trkpt>
      <trkpt lat="47.478827" lon="-120.755135">
        <ele>1660.0</ele>
        <time>2026-07-19T04:02:56Z</time>
      </trkpt>
      <trkpt lat="47.478880" lon="-120.755137">
        <ele>1660.0</ele>
        <time>2026-07-19T04:03:02Z</time>
      </trkpt>
      <trkpt lat="47.478934" lon="-120.755098">
        <ele>1659.0</ele>
        <time>2026-07-19T04:03:10Z</time>
      </trkpt>
      <trkpt lat="47.478983" lon="-120.755099">
        <ele>1661.6</ele>
        <time>2026-07-19T04:03:20Z</time>
      </trkpt>
      <trkpt lat="47.479047" lon="-120.754898">
        <ele>1660.0</ele>
        <time>2026-07-19T04:03:33Z</time>
      </trkpt>
      <trkpt lat="47.479092" lon="-120.754839">
        <ele>1660.0</ele>
        <time>2026-07-19T04:03:37Z</time>
      </trkpt>
      <trkpt lat="47.479127" lon="-120.754763">
        <ele>1662.0</ele>
        <time>2026-07-19T04:03:42Z</time>
      </trkpt>
      <trkpt lat="47.479180" lon="-120.754690">
        <ele>1659.0</ele>
        <time>2026-07-19T04:03:47Z</time>
      </trkpt>
      <trkpt lat="47.479260" lon="-120.754613">
        <ele>1659.0</ele>
        <time>2026-07-19T04:03:54Z</time>
      </trkpt>
      <trkpt lat="47.479334" lon="-120.754613">
        <ele>1660.0</ele>
        <time>2026-07-19T04:04:00Z</time>
      </trkpt>
      <trkpt lat="47.479349" lon="-120.754595">
        <ele>1662.0</ele>
        <time>2026-07-19T04:04:03Z</time>
      </trkpt>
      <trkpt lat="47.479395" lon="-120.754571">
        <ele>1661.0</ele>
        <time>2026-07-19T04:04:07Z</time>
      </trkpt>
      <trkpt lat="47.479456" lon="-120.754510">
        <ele>1661.0</ele>
        <time>2026-07-19T04:04:18Z</time>
      </trkpt>
      <trkpt lat="47.479502" lon="-120.754383">
        <ele>1663.0</ele>
        <time>2026-07-19T04:04:29Z</time>
      </trkpt>
      <trkpt lat="47.479512" lon="-120.754346">
        <ele>1662.0</ele>
        <time>2026-07-19T04:04:32Z</time>
      </trkpt>
      <trkpt lat="47.479509" lon="-120.754316">
        <ele>1660.0</ele>
        <time>2026-07-19T04:04:35Z</time>
      </trkpt>
      <trkpt lat="47.479525" lon="-120.754275">
        <ele>1664.0</ele>
        <time>2026-07-19T04:04:39Z</time>
      </trkpt>
      <trkpt lat="47.479541" lon="-120.754247">
        <ele>1665.0</ele>
        <time>2026-07-19T04:04:43Z</time>
      </trkpt>
      <trkpt lat="47.479581" lon="-120.754216">
        <ele>1664.0</ele>
        <time>2026-07-19T04:04:49Z</time>
      </trkpt>
      <trkpt lat="47.479563" lon="-120.754192">
        <ele>1662.0</ele>
        <time>2026-07-19T04:04:53Z</time>
      </trkpt>
      <trkpt lat="47.479744" lon="-120.754139">
        <ele>1662.0</ele>
        <time>2026-07-19T04:05:05Z</time>
      </trkpt>
      <trkpt lat="47.479808" lon="-120.754080">
        <ele>1664.0</ele>
        <time>2026-07-19T04:05:09Z</time>
      </trkpt>
      <trkpt lat="47.479887" lon="-120.754053">
        <ele>1662.0</ele>
        <time>2026-07-19T04:05:15Z</time>
      </trkpt>
      <trkpt lat="47.479914" lon="-120.754027">
        <ele>1663.0</ele>
        <time>2026-07-19T04:05:19Z</time>
      </trkpt>
      <trkpt lat="47.479980" lon="-120.754016">
        <ele>1663.0</ele>
        <time>2026-07-19T04:05:28Z</time>
      </trkpt>
      <trkpt lat="47.480082" lon="-120.753969">
        <ele>1662.0</ele>
        <time>2026-07-19T04:05:38Z</time>
      </trkpt>
      <trkpt lat="47.480148" lon="-120.753902">
        <ele>1662.6</ele>
        <time>2026-07-19T04:05:47Z</time>
      </trkpt>
      <trkpt lat="47.480158" lon="-120.753836">
        <ele>1663.0</ele>
        <time>2026-07-19T04:05:51Z</time>
      </trkpt>
      <trkpt lat="47.480219" lon="-120.753764">
        <ele>1663.0</ele>
        <time>2026-07-19T04:06:01Z</time>
      </trkpt>
      <trkpt lat="47.480263" lon="-120.753752">
        <ele>1661.0</ele>
        <time>2026-07-19T04:06:03Z</time>
      </trkpt>
      <trkpt lat="47.480324" lon="-120.753695">
        <ele>1662.0</ele>
        <time>2026-07-19T04:06:07Z</time>
      </trkpt>
      <trkpt lat="47.480379" lon="-120.753662">
        <ele>1661.0</ele>
        <time>2026-07-19T04:06:12Z</time>
      </trkpt>
      <trkpt lat="47.480492" lon="-120.753523">
        <ele>1660.0</ele>
        <time>2026-07-19T04:06:26Z</time>
      </trkpt>
      <trkpt lat="47.480536" lon="-120.753493">
        <ele>1662.0</ele>
        <time>2026-07-19T04:06:29Z</time>
      </trkpt>
      <trkpt lat="47.480565" lon="-120.753444">
        <ele>1662.0</ele>
        <time>2026-07-19T04:06:33Z</time>
      </trkpt>
      <trkpt lat="47.480612" lon="-120.753417">
        <ele>1662.0</ele>
        <time>2026-07-19T04:06:37Z</time>
      </trkpt>
      <trkpt lat="47.480657" lon="-120.753361">
        <ele>1663.0</ele>
        <time>2026-07-19T04:06:41Z</time>
      </trkpt>
      <trkpt lat="47.480688" lon="-120.753299">
        <ele>1662.0</ele>
        <time>2026-07-19T04:06:47Z</time>
      </trkpt>
      <trkpt lat="47.480763" lon="-120.753214">
        <ele>1663.0</ele>
        <time>2026-07-19T04:06:57Z</time>
      </trkpt>
      <trkpt lat="47.480837" lon="-120.753104">
        <ele>1665.0</ele>
        <time>2026-07-19T04:07:08Z</time>
      </trkpt>
      <trkpt lat="47.480885" lon="-120.753093">
        <ele>1667.0</ele>
        <time>2026-07-19T04:07:13Z</time>
      </trkpt>
      <trkpt lat="47.480985" lon="-120.753148">
        <ele>1664.0</ele>
        <time>2026-07-19T04:07:23Z</time>
      </trkpt>
      <trkpt lat="47.481006" lon="-120.753183">
        <ele>1664.0</ele>
        <time>2026-07-19T04:07:25Z</time>
      </trkpt>
      <trkpt lat="47.481047" lon="-120.753171">
        <ele>1660.0</ele>
        <time>2026-07-19T04:07:29Z</time>
      </trkpt>
      <trkpt lat="47.481081" lon="-120.753187">
        <ele>1662.0</ele>
        <time>2026-07-19T04:07:32Z</time>
      </trkpt>
      <trkpt lat="47.481117" lon="-120.753190">
        <ele>1662.0</ele>
        <time>2026-07-19T04:07:34Z</time>
      </trkpt>
      <trkpt lat="47.481174" lon="-120.753172">
        <ele>1662.0</ele>
        <time>2026-07-19T04:07:40Z</time>
      </trkpt>
      <trkpt lat="47.481242" lon="-120.753189">
        <ele>1662.0</ele>
        <time>2026-07-19T04:07:45Z</time>
      </trkpt>
      <trkpt lat="47.481278" lon="-120.753186">
        <ele>1662.0</ele>
        <time>2026-07-19T04:07:48Z</time>
      </trkpt>
      <trkpt lat="47.481426" lon="-120.753249">
        <ele>1657.0</ele>
        <time>2026-07-19T04:07:59Z</time>
      </trkpt>
      <trkpt lat="47.481464" lon="-120.753251">
        <ele>1656.0</ele>
        <time>2026-07-19T04:08:01Z</time>
      </trkpt>
      <trkpt lat="47.481549" lon="-120.753176">
        <ele>1660.0</ele>
        <time>2026-07-19T04:08:08Z</time>
      </trkpt>
      <trkpt lat="47.481565" lon="-120.753119">
        <ele>1660.0</ele>
        <time>2026-07-19T04:08:13Z</time>
      </trkpt>
      <trkpt lat="47.481684" lon="-120.753051">
        <ele>1660.0</ele>
        <time>2026-07-19T04:08:26Z</time>
      </trkpt>
      <trkpt lat="47.481735" lon="-120.752997">
        <ele>1657.0</ele>
        <time>2026-07-19T04:08:33Z</time>
      </trkpt>
      <trkpt lat="47.481839" lon="-120.752972">
        <ele>1658.0</ele>
        <time>2026-07-19T04:08:43Z</time>
      </trkpt>
      <trkpt lat="47.481870" lon="-120.752987">
        <ele>1658.0</ele>
        <time>2026-07-19T04:08:45Z</time>
      </trkpt>
      <trkpt lat="47.481902" lon="-120.753022">
        <ele>1657.0</ele>
        <time>2026-07-19T04:08:47Z</time>
      </trkpt>
      <trkpt lat="47.481988" lon="-120.752981">
        <ele>1655.0</ele>
        <time>2026-07-19T04:08:53Z</time>
      </trkpt>
      <trkpt lat="47.482068" lon="-120.752912">
        <ele>1655.0</ele>
        <time>2026-07-19T04:09:01Z</time>
      </trkpt>
      <trkpt lat="47.482073" lon="-120.752887">
        <ele>1656.0</ele>
        <time>2026-07-19T04:09:04Z</time>
      </trkpt>
      <trkpt lat="47.482105" lon="-120.752865">
        <ele>1656.0</ele>
        <time>2026-07-19T04:09:09Z</time>
      </trkpt>
      <trkpt lat="47.482146" lon="-120.752864">
        <ele>1656.0</ele>
        <time>2026-07-19T04:09:13Z</time>
      </trkpt>
      <trkpt lat="47.482285" lon="-120.752906">
        <ele>1659.0</ele>
        <time>2026-07-19T04:09:30Z</time>
      </trkpt>
      <trkpt lat="47.482379" lon="-120.752871">
        <ele>1653.0</ele>
        <time>2026-07-19T04:09:36Z</time>
      </trkpt>
      <trkpt lat="47.482403" lon="-120.752827">
        <ele>1653.0</ele>
        <time>2026-07-19T04:09:39Z</time>
      </trkpt>
      <trkpt lat="47.482420" lon="-120.752755">
        <ele>1654.0</ele>
        <time>2026-07-19T04:09:45Z</time>
      </trkpt>
      <trkpt lat="47.482471" lon="-120.752672">
        <ele>1656.0</ele>
        <time>2026-07-19T04:09:49Z</time>
      </trkpt>
      <trkpt lat="47.482472" lon="-120.752609">
        <ele>1658.0</ele>
        <time>2026-07-19T04:09:53Z</time>
      </trkpt>
      <trkpt lat="47.482501" lon="-120.752579">
        <ele>1657.0</ele>
        <time>2026-07-19T04:09:57Z</time>
      </trkpt>
      <trkpt lat="47.482657" lon="-120.752475">
        <ele>1659.0</ele>
        <time>2026-07-19T04:10:13Z</time>
      </trkpt>
      <trkpt lat="47.482723" lon="-120.752457">
        <ele>1657.0</ele>
        <time>2026-07-19T04:10:18Z</time>
      </trkpt>
      <trkpt lat="47.482754" lon="-120.752439">
        <ele>1660.0</ele>
        <time>2026-07-19T04:10:20Z</time>
      </trkpt>
      <trkpt lat="47.482845" lon="-120.752350">
        <ele>1656.0</ele>
        <time>2026-07-19T04:10:28Z</time>
      </trkpt>
      <trkpt lat="47.482865" lon="-120.752310">
        <ele>1656.0</ele>
        <time>2026-07-19T04:10:30Z</time>
      </trkpt>
      <trkpt lat="47.482937" lon="-120.752290">
        <ele>1654.0</ele>
        <time>2026-07-19T04:10:37Z</time>
      </trkpt>
      <trkpt lat="47.483037" lon="-120.752221">
        <ele>1656.0</ele>
        <time>2026-07-19T04:10:45Z</time>
      </trkpt>
      <trkpt lat="47.483150" lon="-120.752177">
        <ele>1655.0</ele>
        <time>2026-07-19T04:10:54Z</time>
      </trkpt>
      <trkpt lat="47.483190" lon="-120.752072">
        <ele>1654.0</ele>
        <time>2026-07-19T04:11:04Z</time>
      </trkpt>
      <trkpt lat="47.483231" lon="-120.752048">
        <ele>1656.0</ele>
        <time>2026-07-19T04:11:09Z</time>
      </trkpt>
      <trkpt lat="47.483349" lon="-120.752047">
        <ele>1653.0</ele>
        <time>2026-07-19T04:11:20Z</time>
      </trkpt>
      <trkpt lat="47.483425" lon="-120.752018">
        <ele>1654.0</ele>
        <time>2026-07-19T04:11:25Z</time>
      </trkpt>
      <trkpt lat="47.483487" lon="-120.751952">
        <ele>1655.0</ele>
        <time>2026-07-19T04:11:32Z</time>
      </trkpt>
      <trkpt lat="47.483540" lon="-120.751922">
        <ele>1658.7</ele>
        <time>2026-07-19T04:11:37Z</time>
      </trkpt>
      <trkpt lat="47.483612" lon="-120.751848">
        <ele>1655.0</ele>
        <time>2026-07-19T04:11:42Z</time>
      </trkpt>
      <trkpt lat="47.483633" lon="-120.751818">
        <ele>1654.0</ele>
        <time>2026-07-19T04:11:44Z</time>
      </trkpt>
      <trkpt lat="47.483641" lon="-120.751776">
        <ele>1654.0</ele>
        <time>2026-07-19T04:11:47Z</time>
      </trkpt>
      <trkpt lat="47.483679" lon="-120.751705">
        <ele>1656.0</ele>
        <time>2026-07-19T04:11:52Z</time>
      </trkpt>
      <trkpt lat="47.483696" lon="-120.751643">
        <ele>1659.0</ele>
        <time>2026-07-19T04:11:57Z</time>
      </trkpt>
      <trkpt lat="47.483856" lon="-120.751437">
        <ele>1660.0</ele>
        <time>2026-07-19T04:12:15Z</time>
      </trkpt>
      <trkpt lat="47.483869" lon="-120.751407">
        <ele>1660.0</ele>
        <time>2026-07-19T04:12:18Z</time>
      </trkpt>
      <trkpt lat="47.483924" lon="-120.751356">
        <ele>1662.0</ele>
        <time>2026-07-19T04:12:22Z</time>
      </trkpt>
      <trkpt lat="47.483942" lon="-120.751228">
        <ele>1662.0</ele>
        <time>2026-07-19T04:12:30Z</time>
      </trkpt>
      <trkpt lat="47.484027" lon="-120.751140">
        <ele>1662.0</ele>
        <time>2026-07-19T04:12:37Z</time>
      </trkpt>
      <trkpt lat="47.484051" lon="-120.751011">
        <ele>1662.0</ele>
        <time>2026-07-19T04:12:45Z</time>
      </trkpt>
      <trkpt lat="47.484118" lon="-120.750878">
        <ele>1661.0</ele>
        <time>2026-07-19T04:12:57Z</time>
      </trkpt>
      <trkpt lat="47.484127" lon="-120.750830">
        <ele>1660.0</ele>
        <time>2026-07-19T04:13:00Z</time>
      </trkpt>
      <trkpt lat="47.484166" lon="-120.750757">
        <ele>1659.0</ele>
        <time>2026-07-19T04:13:04Z</time>
      </trkpt>
      <trkpt lat="47.484204" lon="-120.750615">
        <ele>1662.0</ele>
        <time>2026-07-19T04:13:12Z</time>
      </trkpt>
      <trkpt lat="47.484194" lon="-120.750581">
        <ele>1663.2</ele>
        <time>2026-07-19T04:13:15Z</time>
      </trkpt>
      <trkpt lat="47.484199" lon="-120.750525">
        <ele>1660.0</ele>
        <time>2026-07-19T04:13:21Z</time>
      </trkpt>
      <trkpt lat="47.484190" lon="-120.750465">
        <ele>1662.0</ele>
        <time>2026-07-19T04:13:24Z</time>
      </trkpt>
      <trkpt lat="47.484173" lon="-120.750433">
        <ele>1662.0</ele>
        <time>2026-07-19T04:13:27Z</time>
      </trkpt>
      <trkpt lat="47.484200" lon="-120.750372">
        <ele>1660.0</ele>
        <time>2026-07-19T04:13:32Z</time>
      </trkpt>
      <trkpt lat="47.484215" lon="-120.750123">
        <ele>1657.0</ele>
        <time>2026-07-19T04:13:46Z</time>
      </trkpt>
      <trkpt lat="47.484190" lon="-120.750090">
        <ele>1658.0</ele>
        <time>2026-07-19T04:13:49Z</time>
      </trkpt>
      <trkpt lat="47.484143" lon="-120.749927">
        <ele>1662.0</ele>
        <time>2026-07-19T04:14:00Z</time>
      </trkpt>
      <trkpt lat="47.484183" lon="-120.749795">
        <ele>1660.0</ele>
        <time>2026-07-19T04:14:10Z</time>
      </trkpt>
      <trkpt lat="47.484180" lon="-120.749728">
        <ele>1659.0</ele>
        <time>2026-07-19T04:14:14Z</time>
      </trkpt>
      <trkpt lat="47.484196" lon="-120.749691">
        <ele>1658.0</ele>
        <time>2026-07-19T04:14:17Z</time>
      </trkpt>
      <trkpt lat="47.484189" lon="-120.749556">
        <ele>1659.0</ele>
        <time>2026-07-19T04:14:25Z</time>
      </trkpt>
      <trkpt lat="47.484228" lon="-120.749410">
        <ele>1659.0</ele>
        <time>2026-07-19T04:14:34Z</time>
      </trkpt>
      <trkpt lat="47.484231" lon="-120.749344">
        <ele>1658.0</ele>
        <time>2026-07-19T04:14:38Z</time>
      </trkpt>
      <trkpt lat="47.484255" lon="-120.749280">
        <ele>1658.0</ele>
        <time>2026-07-19T04:14:42Z</time>
      </trkpt>
      <trkpt lat="47.484358" lon="-120.749116">
        <ele>1661.0</ele>
        <time>2026-07-19T04:14:53Z</time>
      </trkpt>
      <trkpt lat="47.484464" lon="-120.749079">
        <ele>1658.0</ele>
        <time>2026-07-19T04:15:04Z</time>
      </trkpt>
      <trkpt lat="47.484523" lon="-120.749034">
        <ele>1656.0</ele>
        <time>2026-07-19T04:15:11Z</time>
      </trkpt>
      <trkpt lat="47.484599" lon="-120.749050">
        <ele>1656.0</ele>
        <time>2026-07-19T04:15:17Z</time>
      </trkpt>
      <trkpt lat="47.484644" lon="-120.749091">
        <ele>1658.0</ele>
        <time>2026-07-19T04:15:20Z</time>
      </trkpt>
      <trkpt lat="47.484746" lon="-120.749156">
        <ele>1656.0</ele>
        <time>2026-07-19T04:15:26Z</time>
      </trkpt>
      <trkpt lat="47.484794" lon="-120.749207">
        <ele>1656.0</ele>
        <time>2026-07-19T04:15:30Z</time>
      </trkpt>
      <trkpt lat="47.484803" lon="-120.749251">
        <ele>1653.0</ele>
        <time>2026-07-19T04:15:32Z</time>
      </trkpt>
      <trkpt lat="47.484821" lon="-120.749281">
        <ele>1654.0</ele>
        <time>2026-07-19T04:15:35Z</time>
      </trkpt>
      <trkpt lat="47.484836" lon="-120.749378">
        <ele>1656.0</ele>
        <time>2026-07-19T04:15:39Z</time>
      </trkpt>
      <trkpt lat="47.484897" lon="-120.749478">
        <ele>1656.0</ele>
        <time>2026-07-19T04:15:47Z</time>
      </trkpt>
      <trkpt lat="47.484954" lon="-120.749469">
        <ele>1658.0</ele>
        <time>2026-07-19T04:15:51Z</time>
      </trkpt>
      <trkpt lat="47.485038" lon="-120.749545">
        <ele>1654.0</ele>
        <time>2026-07-19T04:15:57Z</time>
      </trkpt>
      <trkpt lat="47.485135" lon="-120.749546">
        <ele>1656.0</ele>
        <time>2026-07-19T04:16:03Z</time>
      </trkpt>
      <trkpt lat="47.485199" lon="-120.749516">
        <ele>1655.0</ele>
        <time>2026-07-19T04:16:09Z</time>
      </trkpt>
      <trkpt lat="47.485222" lon="-120.749487">
        <ele>1656.0</ele>
        <time>2026-07-19T04:16:11Z</time>
      </trkpt>
      <trkpt lat="47.485243" lon="-120.749376">
        <ele>1660.0</ele>
        <time>2026-07-19T04:16:17Z</time>
      </trkpt>
      <trkpt lat="47.485285" lon="-120.749328">
        <ele>1660.0</ele>
        <time>2026-07-19T04:16:21Z</time>
      </trkpt>
      <trkpt lat="47.485297" lon="-120.749254">
        <ele>1659.0</ele>
        <time>2026-07-19T04:16:25Z</time>
      </trkpt>
      <trkpt lat="47.485393" lon="-120.749257">
        <ele>1658.0</ele>
        <time>2026-07-19T04:16:33Z</time>
      </trkpt>
      <trkpt lat="47.485422" lon="-120.749277">
        <ele>1657.0</ele>
        <time>2026-07-19T04:16:41Z</time>
      </trkpt>
      <trkpt lat="47.485680" lon="-120.749305">
        <ele>1655.0</ele>
        <time>2026-07-19T04:17:47Z</time>
      </trkpt>
      <trkpt lat="47.485705" lon="-120.749267">
        <ele>1657.3</ele>
        <time>2026-07-19T04:18:28Z</time>
      </trkpt>
      <trkpt lat="47.485658" lon="-120.749198">
        <ele>1652.0</ele>
        <time>2026-07-19T04:18:47Z</time>
      </trkpt>
      <trkpt lat="47.485619" lon="-120.749159">
        <ele>1658.0</ele>
        <time>2026-07-19T04:22:48Z</time>
      </trkpt>
      <trkpt lat="47.485593" lon="-120.749150">
        <ele>1655.0</ele>
        <time>2026-07-19T04:23:05Z</time>
      </trkpt>
      <trkpt lat="47.485561" lon="-120.749197">
        <ele>1656.0</ele>
        <time>2026-07-19T04:26:02Z</time>
      </trkpt>
      <trkpt lat="47.485594" lon="-120.749178">
        <ele>1656.0</ele>
        <time>2026-07-19T04:28:05Z</time>
      </trkpt>
      <trkpt lat="47.485616" lon="-120.749146">
        <ele>1656.0</ele>
        <time>2026-07-19T04:29:11Z</time>
      </trkpt>
      <trkpt lat="47.485674" lon="-120.749113">
        <ele>1655.0</ele>
        <time>2026-07-19T04:29:19Z</time>
      </trkpt>
      <trkpt lat="47.485716" lon="-120.749150">
        <ele>1656.0</ele>
        <time>2026-07-19T04:29:28Z</time>
      </trkpt>
      <trkpt lat="47.485731" lon="-120.749226">
        <ele>1656.0</ele>
        <time>2026-07-19T04:30:18Z</time>
      </trkpt>
      <trkpt lat="47.485709" lon="-120.749279">
        <ele>1657.0</ele>
        <time>2026-07-19T04:32:25Z</time>
      </trkpt>
      <trkpt lat="47.485686" lon="-120.749308">
        <ele>1653.0</ele>
        <time>2026-07-19T04:37:16Z</time>
      </trkpt>
      <trkpt lat="47.485724" lon="-120.749227">
        <ele>1659.0</ele>
        <time>2026-07-19T04:40:06Z</time>
      </trkpt>
      <trkpt lat="47.485766" lon="-120.749198">
        <ele>1659.0</ele>
        <time>2026-07-19T04:40:43Z</time>
      </trkpt>
      <trkpt lat="47.485773" lon="-120.749176">
        <ele>1656.0</ele>
        <time>2026-07-19T04:40:52Z</time>
      </trkpt>
      <trkpt lat="47.485836" lon="-120.749118">
        <ele>1656.0</ele>
        <time>2026-07-19T04:41:15Z</time>
      </trkpt>
      <trkpt lat="47.485849" lon="-120.749075">
        <ele>1660.0</ele>
        <time>2026-07-19T04:41:48Z</time>
      </trkpt>
      <trkpt lat="47.485901" lon="-120.748985">
        <ele>1658.0</ele>
        <time>2026-07-19T04:42:02Z</time>
      </trkpt>
      <trkpt lat="47.485947" lon="-120.748939">
        <ele>1658.0</ele>
        <time>2026-07-19T04:42:07Z</time>
      </trkpt>
      <trkpt lat="47.486022" lon="-120.748918">
        <ele>1660.0</ele>
        <time>2026-07-19T04:42:13Z</time>
      </trkpt>
      <trkpt lat="47.486078" lon="-120.748739">
        <ele>1662.0</ele>
        <time>2026-07-19T04:42:29Z</time>
      </trkpt>
      <trkpt lat="47.486103" lon="-120.748755">
        <ele>1665.0</ele>
        <time>2026-07-19T04:42:33Z</time>
      </trkpt>
      <trkpt lat="47.486140" lon="-120.748758">
        <ele>1665.5</ele>
        <time>2026-07-19T04:42:38Z</time>
      </trkpt>
      <trkpt lat="47.486231" lon="-120.748736">
        <ele>1662.0</ele>
        <time>2026-07-19T04:42:47Z</time>
      </trkpt>
      <trkpt lat="47.486293" lon="-120.748733">
        <ele>1665.0</ele>
        <time>2026-07-19T04:42:54Z</time>
      </trkpt>
      <trkpt lat="47.486349" lon="-120.748700">
        <ele>1668.0</ele>
        <time>2026-07-19T04:43:00Z</time>
      </trkpt>
      <trkpt lat="47.486385" lon="-120.748715">
        <ele>1665.0</ele>
        <time>2026-07-19T04:43:04Z</time>
      </trkpt>
      <trkpt lat="47.486420" lon="-120.748744">
        <ele>1666.0</ele>
        <time>2026-07-19T04:43:06Z</time>
      </trkpt>
      <trkpt lat="47.486434" lon="-120.748771">
        <ele>1666.0</ele>
        <time>2026-07-19T04:43:08Z</time>
      </trkpt>
      <trkpt lat="47.486506" lon="-120.748800">
        <ele>1665.0</ele>
        <time>2026-07-19T04:43:14Z</time>
      </trkpt>
      <trkpt lat="47.486600" lon="-120.748759">
        <ele>1666.0</ele>
        <time>2026-07-19T04:43:25Z</time>
      </trkpt>
      <trkpt lat="47.486633" lon="-120.748718">
        <ele>1667.0</ele>
        <time>2026-07-19T04:43:28Z</time>
      </trkpt>
      <trkpt lat="47.486713" lon="-120.748673">
        <ele>1667.0</ele>
        <time>2026-07-19T04:43:33Z</time>
      </trkpt>
      <trkpt lat="47.486775" lon="-120.748615">
        <ele>1668.0</ele>
        <time>2026-07-19T04:43:37Z</time>
      </trkpt>
      <trkpt lat="47.486844" lon="-120.748577">
        <ele>1668.0</ele>
        <time>2026-07-19T04:43:42Z</time>
      </trkpt>
      <trkpt lat="47.487015" lon="-120.748350">
        <ele>1672.0</ele>
        <time>2026-07-19T04:44:00Z</time>
      </trkpt>
      <trkpt lat="47.487081" lon="-120.748282">
        <ele>1668.0</ele>
        <time>2026-07-19T04:44:06Z</time>
      </trkpt>
      <trkpt lat="47.487087" lon="-120.748244">
        <ele>1670.0</ele>
        <time>2026-07-19T04:44:09Z</time>
      </trkpt>
      <trkpt lat="47.487168" lon="-120.748178">
        <ele>1670.7</ele>
        <time>2026-07-19T04:44:16Z</time>
      </trkpt>
      <trkpt lat="47.487206" lon="-120.748102">
        <ele>1672.0</ele>
        <time>2026-07-19T04:44:22Z</time>
      </trkpt>
      <trkpt lat="47.487239" lon="-120.748091">
        <ele>1671.0</ele>
        <time>2026-07-19T04:44:26Z</time>
      </trkpt>
      <trkpt lat="47.487321" lon="-120.748085">
        <ele>1672.0</ele>
        <time>2026-07-19T04:44:33Z</time>
      </trkpt>
      <trkpt lat="47.487386" lon="-120.748055">
        <ele>1672.0</ele>
        <time>2026-07-19T04:44:39Z</time>
      </trkpt>
      <trkpt lat="47.487399" lon="-120.748020">
        <ele>1674.0</ele>
        <time>2026-07-19T04:44:43Z</time>
      </trkpt>
      <trkpt lat="47.487450" lon="-120.747958">
        <ele>1677.0</ele>
        <time>2026-07-19T04:44:48Z</time>
      </trkpt>
      <trkpt lat="47.487468" lon="-120.747867">
        <ele>1678.0</ele>
        <time>2026-07-19T04:44:58Z</time>
      </trkpt>
      <trkpt lat="47.487499" lon="-120.747831">
        <ele>1679.0</ele>
        <time>2026-07-19T04:45:02Z</time>
      </trkpt>
      <trkpt lat="47.487527" lon="-120.747762">
        <ele>1681.0</ele>
        <time>2026-07-19T04:45:10Z</time>
      </trkpt>
      <trkpt lat="47.487586" lon="-120.747692">
        <ele>1680.0</ele>
        <time>2026-07-19T04:45:19Z</time>
      </trkpt>
      <trkpt lat="47.487617" lon="-120.747671">
        <ele>1680.0</ele>
        <time>2026-07-19T04:45:24Z</time>
      </trkpt>
      <trkpt lat="47.487662" lon="-120.747677">
        <ele>1680.0</ele>
        <time>2026-07-19T04:47:52Z</time>
      </trkpt>
      <trkpt lat="47.487801" lon="-120.747379">
        <ele>1688.0</ele>
        <time>2026-07-19T04:48:55Z</time>
      </trkpt>
      <trkpt lat="47.487865" lon="-120.747300">
        <ele>1687.0</ele>
        <time>2026-07-19T04:49:01Z</time>
      </trkpt>
      <trkpt lat="47.487892" lon="-120.747205">
        <ele>1688.0</ele>
        <time>2026-07-19T04:49:07Z</time>
      </trkpt>
      <trkpt lat="47.487954" lon="-120.747106">
        <ele>1688.0</ele>
        <time>2026-07-19T04:49:14Z</time>
      </trkpt>
      <trkpt lat="47.487984" lon="-120.747085">
        <ele>1687.0</ele>
        <time>2026-07-19T04:49:16Z</time>
      </trkpt>
      <trkpt lat="47.488064" lon="-120.746967">
        <ele>1688.0</ele>
        <time>2026-07-19T04:49:26Z</time>
      </trkpt>
      <trkpt lat="47.488140" lon="-120.746904">
        <ele>1686.0</ele>
        <time>2026-07-19T04:49:35Z</time>
      </trkpt>
      <trkpt lat="47.488228" lon="-120.746798">
        <ele>1686.1</ele>
        <time>2026-07-19T04:49:45Z</time>
      </trkpt>
      <trkpt lat="47.488354" lon="-120.746732">
        <ele>1684.0</ele>
        <time>2026-07-19T04:49:57Z</time>
      </trkpt>
      <trkpt lat="47.488475" lon="-120.746471">
        <ele>1680.0</ele>
        <time>2026-07-19T04:50:23Z</time>
      </trkpt>
      <trkpt lat="47.488525" lon="-120.746430">
        <ele>1679.0</ele>
        <time>2026-07-19T04:50:29Z</time>
      </trkpt>
      <trkpt lat="47.488574" lon="-120.746355">
        <ele>1678.0</ele>
        <time>2026-07-19T04:50:38Z</time>
      </trkpt>
      <trkpt lat="47.488585" lon="-120.746394">
        <ele>1676.0</ele>
        <time>2026-07-19T04:50:45Z</time>
      </trkpt>
      <trkpt lat="47.488607" lon="-120.746422">
        <ele>1676.0</ele>
        <time>2026-07-19T04:50:48Z</time>
      </trkpt>
      <trkpt lat="47.488597" lon="-120.746546">
        <ele>1670.0</ele>
        <time>2026-07-19T04:51:10Z</time>
      </trkpt>
      <trkpt lat="47.488680" lon="-120.746452">
        <ele>1672.0</ele>
        <time>2026-07-19T04:51:24Z</time>
      </trkpt>
      <trkpt lat="47.488720" lon="-120.746389">
        <ele>1666.0</ele>
        <time>2026-07-19T04:51:36Z</time>
      </trkpt>
      <trkpt lat="47.488745" lon="-120.746324">
        <ele>1668.0</ele>
        <time>2026-07-19T04:51:47Z</time>
      </trkpt>
      <trkpt lat="47.488835" lon="-120.746279">
        <ele>1664.0</ele>
        <time>2026-07-19T04:51:58Z</time>
      </trkpt>
      <trkpt lat="47.488866" lon="-120.746274">
        <ele>1663.0</ele>
        <time>2026-07-19T04:52:03Z</time>
      </trkpt>
      <trkpt lat="47.488933" lon="-120.746307">
        <ele>1660.0</ele>
        <time>2026-07-19T04:52:11Z</time>
      </trkpt>
      <trkpt lat="47.488953" lon="-120.746342">
        <ele>1660.0</ele>
        <time>2026-07-19T04:52:14Z</time>
      </trkpt>
      <trkpt lat="47.489000" lon="-120.746369">
        <ele>1659.9</ele>
        <time>2026-07-19T04:52:19Z</time>
      </trkpt>
      <trkpt lat="47.489095" lon="-120.746310">
        <ele>1660.0</ele>
        <time>2026-07-19T04:52:29Z</time>
      </trkpt>
      <trkpt lat="47.489164" lon="-120.746315">
        <ele>1659.0</ele>
        <time>2026-07-19T04:52:33Z</time>
      </trkpt>
      <trkpt lat="47.489201" lon="-120.746308">
        <ele>1656.0</ele>
        <time>2026-07-19T04:52:37Z</time>
      </trkpt>
      <trkpt lat="47.489239" lon="-120.746259">
        <ele>1655.0</ele>
        <time>2026-07-19T04:52:45Z</time>
      </trkpt>
      <trkpt lat="47.489322" lon="-120.746198">
        <ele>1656.0</ele>
        <time>2026-07-19T04:52:58Z</time>
      </trkpt>
      <trkpt lat="47.489371" lon="-120.746131">
        <ele>1656.6</ele>
        <time>2026-07-19T04:53:09Z</time>
      </trkpt>
      <trkpt lat="47.489425" lon="-120.746121">
        <ele>1650.0</ele>
        <time>2026-07-19T04:53:18Z</time>
      </trkpt>
      <trkpt lat="47.489457" lon="-120.746091">
        <ele>1652.0</ele>
        <time>2026-07-19T04:53:24Z</time>
      </trkpt>
      <trkpt lat="47.489530" lon="-120.746061">
        <ele>1650.0</ele>
        <time>2026-07-19T04:53:39Z</time>
      </trkpt>
      <trkpt lat="47.489556" lon="-120.746026">
        <ele>1648.0</ele>
        <time>2026-07-19T04:53:44Z</time>
      </trkpt>
      <trkpt lat="47.489696" lon="-120.745983">
        <ele>1638.0</ele>
        <time>2026-07-19T04:54:17Z</time>
      </trkpt>
      <trkpt lat="47.489869" lon="-120.745957">
        <ele>1638.0</ele>
        <time>2026-07-19T04:55:04Z</time>
      </trkpt>
      <trkpt lat="47.490006" lon="-120.745883">
        <ele>1638.0</ele>
        <time>2026-07-19T04:55:28Z</time>
      </trkpt>
      <trkpt lat="47.490108" lon="-120.745879">
        <ele>1632.0</ele>
        <time>2026-07-19T04:55:40Z</time>
      </trkpt>
      <trkpt lat="47.490144" lon="-120.745887">
        <ele>1628.0</ele>
        <time>2026-07-19T04:55:49Z</time>
      </trkpt>
      <trkpt lat="47.490172" lon="-120.745874">
        <ele>1630.0</ele>
        <time>2026-07-19T04:55:57Z</time>
      </trkpt>
      <trkpt lat="47.490211" lon="-120.745824">
        <ele>1632.0</ele>
        <time>2026-07-19T04:56:08Z</time>
      </trkpt>
      <trkpt lat="47.490295" lon="-120.745776">
        <ele>1627.0</ele>
        <time>2026-07-19T04:56:19Z</time>
      </trkpt>
      <trkpt lat="47.490353" lon="-120.745723">
        <ele>1626.0</ele>
        <time>2026-07-19T04:56:30Z</time>
      </trkpt>
      <trkpt lat="47.490408" lon="-120.745715">
        <ele>1620.0</ele>
        <time>2026-07-19T04:56:41Z</time>
      </trkpt>
      <trkpt lat="47.490439" lon="-120.745692">
        <ele>1620.0</ele>
        <time>2026-07-19T04:56:49Z</time>
      </trkpt>
      <trkpt lat="47.490506" lon="-120.745665">
        <ele>1624.0</ele>
        <time>2026-07-19T04:57:00Z</time>
      </trkpt>
      <trkpt lat="47.490604" lon="-120.745658">
        <ele>1626.0</ele>
        <time>2026-07-19T04:57:14Z</time>
      </trkpt>
      <trkpt lat="47.490652" lon="-120.745636">
        <ele>1624.0</ele>
        <time>2026-07-19T04:57:20Z</time>
      </trkpt>
      <trkpt lat="47.490802" lon="-120.745614">
        <ele>1625.0</ele>
        <time>2026-07-19T04:57:37Z</time>
      </trkpt>
      <trkpt lat="47.490854" lon="-120.745578">
        <ele>1624.0</ele>
        <time>2026-07-19T04:57:45Z</time>
      </trkpt>
      <trkpt lat="47.490898" lon="-120.745518">
        <ele>1620.0</ele>
        <time>2026-07-19T04:57:53Z</time>
      </trkpt>
      <trkpt lat="47.490966" lon="-120.745452">
        <ele>1620.0</ele>
        <time>2026-07-19T04:58:07Z</time>
      </trkpt>
      <trkpt lat="47.490976" lon="-120.745422">
        <ele>1622.0</ele>
        <time>2026-07-19T04:58:10Z</time>
      </trkpt>
      <trkpt lat="47.491030" lon="-120.745368">
        <ele>1620.0</ele>
        <time>2026-07-19T04:58:19Z</time>
      </trkpt>
      <trkpt lat="47.491052" lon="-120.745297">
        <ele>1618.0</ele>
        <time>2026-07-19T04:58:28Z</time>
      </trkpt>
      <trkpt lat="47.491132" lon="-120.745186">
        <ele>1615.0</ele>
        <time>2026-07-19T04:58:48Z</time>
      </trkpt>
      <trkpt lat="47.491281" lon="-120.745129">
        <ele>1616.0</ele>
        <time>2026-07-19T04:59:07Z</time>
      </trkpt>
      <trkpt lat="47.491207" lon="-120.745114">
        <ele>1610.0</ele>
        <time>2026-07-19T04:59:22Z</time>
      </trkpt>
      <trkpt lat="47.491074" lon="-120.745137">
        <ele>1611.0</ele>
        <time>2026-07-19T04:59:42Z</time>
      </trkpt>
      <trkpt lat="47.491021" lon="-120.745199">
        <ele>1609.0</ele>
        <time>2026-07-19T04:59:54Z</time>
      </trkpt>
      <trkpt lat="47.490940" lon="-120.745230">
        <ele>1602.0</ele>
        <time>2026-07-19T05:00:08Z</time>
      </trkpt>
      <trkpt lat="47.490665" lon="-120.745281">
        <ele>1605.0</ele>
        <time>2026-07-19T05:00:56Z</time>
      </trkpt>
      <trkpt lat="47.490612" lon="-120.745251">
        <ele>1602.0</ele>
        <time>2026-07-19T05:01:06Z</time>
      </trkpt>
      <trkpt lat="47.490568" lon="-120.745200">
        <ele>1602.0</ele>
        <time>2026-07-19T05:01:20Z</time>
      </trkpt>
      <trkpt lat="47.490485" lon="-120.745144">
        <ele>1602.0</ele>
        <time>2026-07-19T05:01:37Z</time>
      </trkpt>
      <trkpt lat="47.490387" lon="-120.745107">
        <ele>1596.0</ele>
        <time>2026-07-19T05:01:52Z</time>
      </trkpt>
      <trkpt lat="47.490316" lon="-120.745111">
        <ele>1596.0</ele>
        <time>2026-07-19T05:02:03Z</time>
      </trkpt>
      <trkpt lat="47.490253" lon="-120.745089">
        <ele>1590.0</ele>
        <time>2026-07-19T05:02:18Z</time>
      </trkpt>
      <trkpt lat="47.490207" lon="-120.745051">
        <ele>1594.9</ele>
        <time>2026-07-19T05:02:25Z</time>
      </trkpt>
      <trkpt lat="47.490186" lon="-120.745046">
        <ele>1593.0</ele>
        <time>2026-07-19T05:02:28Z</time>
      </trkpt>
      <trkpt lat="47.490130" lon="-120.744982">
        <ele>1590.0</ele>
        <time>2026-07-19T05:02:44Z</time>
      </trkpt>
      <trkpt lat="47.489956" lon="-120.744879">
        <ele>1584.0</ele>
        <time>2026-07-19T05:03:38Z</time>
      </trkpt>
      <trkpt lat="47.489996" lon="-120.744842">
        <ele>1587.0</ele>
        <time>2026-07-19T05:04:09Z</time>
      </trkpt>
      <trkpt lat="47.490036" lon="-120.744862">
        <ele>1584.0</ele>
        <time>2026-07-19T05:04:16Z</time>
      </trkpt>
      <trkpt lat="47.490124" lon="-120.744833">
        <ele>1584.0</ele>
        <time>2026-07-19T05:04:27Z</time>
      </trkpt>
      <trkpt lat="47.490138" lon="-120.744802">
        <ele>1582.0</ele>
        <time>2026-07-19T05:04:30Z</time>
      </trkpt>
      <trkpt lat="47.490199" lon="-120.744799">
        <ele>1580.0</ele>
        <time>2026-07-19T05:04:37Z</time>
      </trkpt>
      <trkpt lat="47.490343" lon="-120.744751">
        <ele>1580.0</ele>
        <time>2026-07-19T05:04:50Z</time>
      </trkpt>
      <trkpt lat="47.490369" lon="-120.744728">
        <ele>1580.0</ele>
        <time>2026-07-19T05:04:55Z</time>
      </trkpt>
      <trkpt lat="47.490395" lon="-120.744685">
        <ele>1577.0</ele>
        <time>2026-07-19T05:05:02Z</time>
      </trkpt>
      <trkpt lat="47.490443" lon="-120.744658">
        <ele>1570.0</ele>
        <time>2026-07-19T05:05:12Z</time>
      </trkpt>
      <trkpt lat="47.490478" lon="-120.744645">
        <ele>1570.0</ele>
        <time>2026-07-19T05:05:17Z</time>
      </trkpt>
      <trkpt lat="47.490548" lon="-120.744649">
        <ele>1572.0</ele>
        <time>2026-07-19T05:05:25Z</time>
      </trkpt>
      <trkpt lat="47.490634" lon="-120.744615">
        <ele>1567.0</ele>
        <time>2026-07-19T05:05:42Z</time>
      </trkpt>
      <trkpt lat="47.490663" lon="-120.744566">
        <ele>1570.0</ele>
        <time>2026-07-19T05:05:50Z</time>
      </trkpt>
      <trkpt lat="47.490697" lon="-120.744551">
        <ele>1569.8</ele>
        <time>2026-07-19T05:05:57Z</time>
      </trkpt>
      <trkpt lat="47.490714" lon="-120.744501">
        <ele>1566.0</ele>
        <time>2026-07-19T05:06:07Z</time>
      </trkpt>
      <trkpt lat="47.490808" lon="-120.744393">
        <ele>1564.0</ele>
        <time>2026-07-19T05:06:23Z</time>
      </trkpt>
      <trkpt lat="47.490835" lon="-120.744340">
        <ele>1563.0</ele>
        <time>2026-07-19T05:06:30Z</time>
      </trkpt>
      <trkpt lat="47.490863" lon="-120.744249">
        <ele>1564.0</ele>
        <time>2026-07-19T05:06:40Z</time>
      </trkpt>
      <trkpt lat="47.490907" lon="-120.744169">
        <ele>1560.0</ele>
        <time>2026-07-19T05:06:53Z</time>
      </trkpt>
      <trkpt lat="47.491017" lon="-120.744045">
        <ele>1558.0</ele>
        <time>2026-07-19T05:07:13Z</time>
      </trkpt>
      <trkpt lat="47.491183" lon="-120.743812">
        <ele>1551.0</ele>
        <time>2026-07-19T05:07:46Z</time>
      </trkpt>
      <trkpt lat="47.491230" lon="-120.743760">
        <ele>1548.0</ele>
        <time>2026-07-19T05:07:55Z</time>
      </trkpt>
      <trkpt lat="47.491308" lon="-120.743697">
        <ele>1546.0</ele>
        <time>2026-07-19T05:08:08Z</time>
      </trkpt>
      <trkpt lat="47.491366" lon="-120.743620">
        <ele>1546.0</ele>
        <time>2026-07-19T05:08:20Z</time>
      </trkpt>
      <trkpt lat="47.491446" lon="-120.743574">
        <ele>1540.0</ele>
        <time>2026-07-19T05:08:32Z</time>
      </trkpt>
      <trkpt lat="47.491487" lon="-120.743575">
        <ele>1536.0</ele>
        <time>2026-07-19T05:08:40Z</time>
      </trkpt>
      <trkpt lat="47.491562" lon="-120.743504">
        <ele>1540.0</ele>
        <time>2026-07-19T05:09:02Z</time>
      </trkpt>
      <trkpt lat="47.491613" lon="-120.743493">
        <ele>1541.3</ele>
        <time>2026-07-19T05:09:11Z</time>
      </trkpt>
      <trkpt lat="47.491629" lon="-120.743476">
        <ele>1540.0</ele>
        <time>2026-07-19T05:09:13Z</time>
      </trkpt>
      <trkpt lat="47.491808" lon="-120.743387">
        <ele>1534.0</ele>
        <time>2026-07-19T05:09:40Z</time>
      </trkpt>
      <trkpt lat="47.492038" lon="-120.743185">
        <ele>1530.0</ele>
        <time>2026-07-19T05:10:17Z</time>
      </trkpt>
      <trkpt lat="47.492272" lon="-120.743075">
        <ele>1526.0</ele>
        <time>2026-07-19T05:10:51Z</time>
      </trkpt>
      <trkpt lat="47.492306" lon="-120.743051">
        <ele>1526.8</ele>
        <time>2026-07-19T05:10:56Z</time>
      </trkpt>
      <trkpt lat="47.492459" lon="-120.743016">
        <ele>1524.0</ele>
        <time>2026-07-19T05:11:15Z</time>
      </trkpt>
      <trkpt lat="47.492515" lon="-120.743041">
        <ele>1524.0</ele>
        <time>2026-07-19T05:11:24Z</time>
      </trkpt>
      <trkpt lat="47.492548" lon="-120.743040">
        <ele>1520.0</ele>
        <time>2026-07-19T05:11:30Z</time>
      </trkpt>
      <trkpt lat="47.492660" lon="-120.743098">
        <ele>1519.0</ele>
        <time>2026-07-19T05:12:00Z</time>
      </trkpt>
      <trkpt lat="47.492703" lon="-120.743085">
        <ele>1520.0</ele>
        <time>2026-07-19T05:12:09Z</time>
      </trkpt>
      <trkpt lat="47.492731" lon="-120.743052">
        <ele>1518.0</ele>
        <time>2026-07-19T05:12:14Z</time>
      </trkpt>
      <trkpt lat="47.492851" lon="-120.742986">
        <ele>1517.0</ele>
        <time>2026-07-19T05:12:39Z</time>
      </trkpt>
      <trkpt lat="47.492870" lon="-120.742951">
        <ele>1515.0</ele>
        <time>2026-07-19T05:12:44Z</time>
      </trkpt>
      <trkpt lat="47.492898" lon="-120.742940">
        <ele>1515.0</ele>
        <time>2026-07-19T05:12:49Z</time>
      </trkpt>
      <trkpt lat="47.492942" lon="-120.742895">
        <ele>1516.0</ele>
        <time>2026-07-19T05:12:55Z</time>
      </trkpt>
      <trkpt lat="47.492987" lon="-120.742870">
        <ele>1517.0</ele>
        <time>2026-07-19T05:13:01Z</time>
      </trkpt>
      <trkpt lat="47.493039" lon="-120.742759">
        <ele>1516.0</ele>
        <time>2026-07-19T05:13:10Z</time>
      </trkpt>
      <trkpt lat="47.493093" lon="-120.742674">
        <ele>1516.0</ele>
        <time>2026-07-19T05:13:20Z</time>
      </trkpt>
      <trkpt lat="47.493111" lon="-120.742685">
        <ele>1514.0</ele>
        <time>2026-07-19T05:13:23Z</time>
      </trkpt>
      <trkpt lat="47.493240" lon="-120.742577">
        <ele>1508.0</ele>
        <time>2026-07-19T05:13:45Z</time>
      </trkpt>
      <trkpt lat="47.493405" lon="-120.742508">
        <ele>1510.0</ele>
        <time>2026-07-19T05:14:23Z</time>
      </trkpt>
      <trkpt lat="47.493522" lon="-120.742439">
        <ele>1508.0</ele>
        <time>2026-07-19T05:14:41Z</time>
      </trkpt>
      <trkpt lat="47.493546" lon="-120.742410">
        <ele>1508.0</ele>
        <time>2026-07-19T05:14:44Z</time>
      </trkpt>
      <trkpt lat="47.493595" lon="-120.742390">
        <ele>1509.0</ele>
        <time>2026-07-19T05:14:47Z</time>
      </trkpt>
      <trkpt lat="47.493748" lon="-120.742262">
        <ele>1511.0</ele>
        <time>2026-07-19T05:15:02Z</time>
      </trkpt>
      <trkpt lat="47.493783" lon="-120.742254">
        <ele>1509.0</ele>
        <time>2026-07-19T05:15:06Z</time>
      </trkpt>
      <trkpt lat="47.493926" lon="-120.742153">
        <ele>1509.0</ele>
        <time>2026-07-19T05:15:23Z</time>
      </trkpt>
      <trkpt lat="47.494082" lon="-120.742071">
        <ele>1510.0</ele>
        <time>2026-07-19T05:15:38Z</time>
      </trkpt>
      <trkpt lat="47.494279" lon="-120.741884">
        <ele>1509.0</ele>
        <time>2026-07-19T05:15:58Z</time>
      </trkpt>
      <trkpt lat="47.494312" lon="-120.741810">
        <ele>1512.0</ele>
        <time>2026-07-19T05:16:03Z</time>
      </trkpt>
      <trkpt lat="47.494324" lon="-120.741695">
        <ele>1510.0</ele>
        <time>2026-07-19T05:16:10Z</time>
      </trkpt>
      <trkpt lat="47.494345" lon="-120.741673">
        <ele>1507.0</ele>
        <time>2026-07-19T05:16:13Z</time>
      </trkpt>
      <trkpt lat="47.494419" lon="-120.741429">
        <ele>1508.0</ele>
        <time>2026-07-19T05:16:30Z</time>
      </trkpt>
      <trkpt lat="47.494450" lon="-120.741422">
        <ele>1511.0</ele>
        <time>2026-07-19T05:16:33Z</time>
      </trkpt>
      <trkpt lat="47.494490" lon="-120.741457">
        <ele>1506.0</ele>
        <time>2026-07-19T05:16:37Z</time>
      </trkpt>
      <trkpt lat="47.494524" lon="-120.741447">
        <ele>1509.0</ele>
        <time>2026-07-19T05:16:41Z</time>
      </trkpt>
      <trkpt lat="47.494574" lon="-120.741474">
        <ele>1509.0</ele>
        <time>2026-07-19T05:16:44Z</time>
      </trkpt>
      <trkpt lat="47.494607" lon="-120.741457">
        <ele>1511.0</ele>
        <time>2026-07-19T05:16:47Z</time>
      </trkpt>
      <trkpt lat="47.494708" lon="-120.741320">
        <ele>1513.3</ele>
        <time>2026-07-19T05:16:58Z</time>
      </trkpt>
      <trkpt lat="47.494746" lon="-120.741301">
        <ele>1511.0</ele>
        <time>2026-07-19T05:17:01Z</time>
      </trkpt>
      <trkpt lat="47.494858" lon="-120.741323">
        <ele>1509.0</ele>
        <time>2026-07-19T05:17:14Z</time>
      </trkpt>
      <trkpt lat="47.495016" lon="-120.741325">
        <ele>1511.0</ele>
        <time>2026-07-19T05:17:28Z</time>
      </trkpt>
      <trkpt lat="47.495092" lon="-120.741270">
        <ele>1509.0</ele>
        <time>2026-07-19T05:17:35Z</time>
      </trkpt>
      <trkpt lat="47.495128" lon="-120.741257">
        <ele>1509.0</ele>
        <time>2026-07-19T05:17:38Z</time>
      </trkpt>
      <trkpt lat="47.495182" lon="-120.741209">
        <ele>1510.0</ele>
        <time>2026-07-19T05:17:42Z</time>
      </trkpt>
      <trkpt lat="47.495212" lon="-120.741060">
        <ele>1510.0</ele>
        <time>2026-07-19T05:17:56Z</time>
      </trkpt>
      <trkpt lat="47.495209" lon="-120.740936">
        <ele>1511.0</ele>
        <time>2026-07-19T05:18:04Z</time>
      </trkpt>
      <trkpt lat="47.495242" lon="-120.740881">
        <ele>1509.0</ele>
        <time>2026-07-19T05:18:10Z</time>
      </trkpt>
      <trkpt lat="47.495270" lon="-120.740858">
        <ele>1510.0</ele>
        <time>2026-07-19T05:18:13Z</time>
      </trkpt>
      <trkpt lat="47.495305" lon="-120.740775">
        <ele>1508.0</ele>
        <time>2026-07-19T05:18:21Z</time>
      </trkpt>
      <trkpt lat="47.495334" lon="-120.740772">
        <ele>1505.0</ele>
        <time>2026-07-19T05:18:32Z</time>
      </trkpt>
      <trkpt lat="47.495359" lon="-120.740803">
        <ele>1507.0</ele>
        <time>2026-07-19T05:18:41Z</time>
      </trkpt>
      <trkpt lat="47.495329" lon="-120.740861">
        <ele>1508.0</ele>
        <time>2026-07-19T05:18:49Z</time>
      </trkpt>
      <trkpt lat="47.495310" lon="-120.740843">
        <ele>1508.0</ele>
        <time>2026-07-19T05:18:53Z</time>
      </trkpt>
      <trkpt lat="47.495288" lon="-120.740872">
        <ele>1506.0</ele>
        <time>2026-07-19T05:19:01Z</time>
      </trkpt>
      <trkpt lat="47.495253" lon="-120.740889">
        <ele>1507.0</ele>
        <time>2026-07-19T05:19:09Z</time>
      </trkpt>
      <trkpt lat="47.495242" lon="-120.740943">
        <ele>1505.0</ele>
        <time>2026-07-19T05:19:19Z</time>
      </trkpt>
      <trkpt lat="47.495213" lon="-120.740999">
        <ele>1505.0</ele>
        <time>2026-07-19T05:19:40Z</time>
      </trkpt>
      <trkpt lat="47.495238" lon="-120.741037">
        <ele>1508.0</ele>
        <time>2026-07-19T05:19:52Z</time>
      </trkpt>
      <trkpt lat="47.495198" lon="-120.741015">
        <ele>1508.0</ele>
        <time>2026-07-19T05:19:56Z</time>
      </trkpt>
      <trkpt lat="47.495271" lon="-120.741052">
        <ele>1508.0</ele>
        <time>2026-07-19T05:19:59Z</time>
      </trkpt>
      <trkpt lat="47.495236" lon="-120.741107">
        <ele>1509.0</ele>
        <time>2026-07-19T05:20:06Z</time>
      </trkpt>
      <trkpt lat="47.495247" lon="-120.741136">
        <ele>1507.0</ele>
        <time>2026-07-19T05:20:13Z</time>
      </trkpt>
      <trkpt lat="47.495273" lon="-120.741156">
        <ele>1510.0</ele>
        <time>2026-07-19T05:20:22Z</time>
      </trkpt>
      <trkpt lat="47.495315" lon="-120.741131">
        <ele>1509.0</ele>
        <time>2026-07-19T05:20:52Z</time>
      </trkpt>
      <trkpt lat="47.495400" lon="-120.741106">
        <ele>1505.0</ele>
        <time>2026-07-19T05:21:09Z</time>
      </trkpt>
      <trkpt lat="47.495433" lon="-120.741062">
        <ele>1508.0</ele>
        <time>2026-07-19T05:21:14Z</time>
      </trkpt>
      <trkpt lat="47.495576" lon="-120.741018">
        <ele>1511.0</ele>
        <time>2026-07-19T05:21:25Z</time>
      </trkpt>
      <trkpt lat="47.495636" lon="-120.740960">
        <ele>1511.0</ele>
        <time>2026-07-19T05:21:29Z</time>
      </trkpt>
      <trkpt lat="47.495632" lon="-120.740918">
        <ele>1509.0</ele>
        <time>2026-07-19T05:21:32Z</time>
      </trkpt>
      <trkpt lat="47.495678" lon="-120.740870">
        <ele>1510.0</ele>
        <time>2026-07-19T05:21:37Z</time>
      </trkpt>
      <trkpt lat="47.495755" lon="-120.740729">
        <ele>1508.0</ele>
        <time>2026-07-19T05:21:51Z</time>
      </trkpt>
      <trkpt lat="47.495839" lon="-120.740606">
        <ele>1508.0</ele>
        <time>2026-07-19T05:22:04Z</time>
      </trkpt>
      <trkpt lat="47.495899" lon="-120.740561">
        <ele>1507.0</ele>
        <time>2026-07-19T05:22:10Z</time>
      </trkpt>
      <trkpt lat="47.495971" lon="-120.740455">
        <ele>1508.0</ele>
        <time>2026-07-19T05:22:19Z</time>
      </trkpt>
      <trkpt lat="47.496000" lon="-120.740433">
        <ele>1509.0</ele>
        <time>2026-07-19T05:22:23Z</time>
      </trkpt>
      <trkpt lat="47.496129" lon="-120.740406">
        <ele>1508.9</ele>
        <time>2026-07-19T05:22:32Z</time>
      </trkpt>
      <trkpt lat="47.496154" lon="-120.740360">
        <ele>1508.0</ele>
        <time>2026-07-19T05:22:36Z</time>
      </trkpt>
      <trkpt lat="47.496301" lon="-120.740337">
        <ele>1509.0</ele>
        <time>2026-07-19T05:22:51Z</time>
      </trkpt>
      <trkpt lat="47.496369" lon="-120.740358">
        <ele>1509.0</ele>
        <time>2026-07-19T05:22:56Z</time>
      </trkpt>
      <trkpt lat="47.496405" lon="-120.740349">
        <ele>1510.0</ele>
        <time>2026-07-19T05:23:00Z</time>
      </trkpt>
      <trkpt lat="47.496497" lon="-120.740398">
        <ele>1510.0</ele>
        <time>2026-07-19T05:23:08Z</time>
      </trkpt>
      <trkpt lat="47.496574" lon="-120.740417">
        <ele>1508.0</ele>
        <time>2026-07-19T05:23:14Z</time>
      </trkpt>
      <trkpt lat="47.496604" lon="-120.740412">
        <ele>1510.0</ele>
        <time>2026-07-19T05:23:17Z</time>
      </trkpt>
      <trkpt lat="47.496638" lon="-120.740392">
        <ele>1511.0</ele>
        <time>2026-07-19T05:23:20Z</time>
      </trkpt>
      <trkpt lat="47.496679" lon="-120.740301">
        <ele>1512.0</ele>
        <time>2026-07-19T05:23:29Z</time>
      </trkpt>
      <trkpt lat="47.496731" lon="-120.740252">
        <ele>1516.0</ele>
        <time>2026-07-19T05:23:35Z</time>
      </trkpt>
      <trkpt lat="47.496734" lon="-120.740152">
        <ele>1512.0</ele>
        <time>2026-07-19T05:23:43Z</time>
      </trkpt>
      <trkpt lat="47.496719" lon="-120.740100">
        <ele>1510.0</ele>
        <time>2026-07-19T05:23:47Z</time>
      </trkpt>
      <trkpt lat="47.496734" lon="-120.740060">
        <ele>1512.0</ele>
        <time>2026-07-19T05:23:50Z</time>
      </trkpt>
      <trkpt lat="47.496782" lon="-120.740010">
        <ele>1509.0</ele>
        <time>2026-07-19T05:23:56Z</time>
      </trkpt>
      <trkpt lat="47.496846" lon="-120.739918">
        <ele>1510.0</ele>
        <time>2026-07-19T05:24:05Z</time>
      </trkpt>
      <trkpt lat="47.496860" lon="-120.739675">
        <ele>1506.0</ele>
        <time>2026-07-19T05:24:20Z</time>
      </trkpt>
      <trkpt lat="47.496914" lon="-120.739555">
        <ele>1507.0</ele>
        <time>2026-07-19T05:24:29Z</time>
      </trkpt>
      <trkpt lat="47.496903" lon="-120.739372">
        <ele>1509.0</ele>
        <time>2026-07-19T05:24:41Z</time>
      </trkpt>
      <trkpt lat="47.496874" lon="-120.739230">
        <ele>1510.0</ele>
        <time>2026-07-19T05:24:50Z</time>
      </trkpt>
      <trkpt lat="47.496875" lon="-120.739192">
        <ele>1510.0</ele>
        <time>2026-07-19T05:24:52Z</time>
      </trkpt>
      <trkpt lat="47.496916" lon="-120.739028">
        <ele>1508.0</ele>
        <time>2026-07-19T05:25:04Z</time>
      </trkpt>
      <trkpt lat="47.496900" lon="-120.738951">
        <ele>1506.0</ele>
        <time>2026-07-19T05:25:10Z</time>
      </trkpt>
      <trkpt lat="47.496905" lon="-120.738908">
        <ele>1506.0</ele>
        <time>2026-07-19T05:25:14Z</time>
      </trkpt>
      <trkpt lat="47.496879" lon="-120.738817">
        <ele>1506.0</ele>
        <time>2026-07-19T05:25:20Z</time>
      </trkpt>
      <trkpt lat="47.496866" lon="-120.738680">
        <ele>1506.0</ele>
        <time>2026-07-19T05:25:28Z</time>
      </trkpt>
      <trkpt lat="47.496841" lon="-120.738646">
        <ele>1504.0</ele>
        <time>2026-07-19T05:25:31Z</time>
      </trkpt>
      <trkpt lat="47.496817" lon="-120.738567">
        <ele>1507.0</ele>
        <time>2026-07-19T05:25:36Z</time>
      </trkpt>
      <trkpt lat="47.496837" lon="-120.738493">
        <ele>1507.0</ele>
        <time>2026-07-19T05:25:41Z</time>
      </trkpt>
      <trkpt lat="47.496848" lon="-120.738371">
        <ele>1508.0</ele>
        <time>2026-07-19T05:25:47Z</time>
      </trkpt>
      <trkpt lat="47.496842" lon="-120.738293">
        <ele>1509.6</ele>
        <time>2026-07-19T05:25:51Z</time>
      </trkpt>
      <trkpt lat="47.496849" lon="-120.738205">
        <ele>1505.0</ele>
        <time>2026-07-19T05:25:57Z</time>
      </trkpt>
      <trkpt lat="47.496889" lon="-120.737997">
        <ele>1508.0</ele>
        <time>2026-07-19T05:26:15Z</time>
      </trkpt>
      <trkpt lat="47.496879" lon="-120.737815">
        <ele>1509.0</ele>
        <time>2026-07-19T05:26:29Z</time>
      </trkpt>
      <trkpt lat="47.496895" lon="-120.737680">
        <ele>1509.0</ele>
        <time>2026-07-19T05:26:38Z</time>
      </trkpt>
      <trkpt lat="47.496927" lon="-120.737541">
        <ele>1509.0</ele>
        <time>2026-07-19T05:26:48Z</time>
      </trkpt>
      <trkpt lat="47.496949" lon="-120.737500">
        <ele>1509.0</ele>
        <time>2026-07-19T05:26:51Z</time>
      </trkpt>
      <trkpt lat="47.496955" lon="-120.737420">
        <ele>1511.0</ele>
        <time>2026-07-19T05:26:55Z</time>
      </trkpt>
      <trkpt lat="47.497116" lon="-120.737073">
        <ele>1507.0</ele>
        <time>2026-07-19T05:27:24Z</time>
      </trkpt>
      <trkpt lat="47.497152" lon="-120.737021">
        <ele>1508.0</ele>
        <time>2026-07-19T05:27:28Z</time>
      </trkpt>
      <trkpt lat="47.497169" lon="-120.736978">
        <ele>1510.8</ele>
        <time>2026-07-19T05:27:32Z</time>
      </trkpt>
      <trkpt lat="47.497227" lon="-120.736923">
        <ele>1510.0</ele>
        <time>2026-07-19T05:27:38Z</time>
      </trkpt>
      <trkpt lat="47.497236" lon="-120.736855">
        <ele>1512.0</ele>
        <time>2026-07-19T05:27:42Z</time>
      </trkpt>
      <trkpt lat="47.497283" lon="-120.736814">
        <ele>1510.0</ele>
        <time>2026-07-19T05:27:48Z</time>
      </trkpt>
      <trkpt lat="47.497312" lon="-120.736753">
        <ele>1509.0</ele>
        <time>2026-07-19T05:27:53Z</time>
      </trkpt>
      <trkpt lat="47.497326" lon="-120.736647">
        <ele>1509.0</ele>
        <time>2026-07-19T05:28:00Z</time>
      </trkpt>
      <trkpt lat="47.497385" lon="-120.736622">
        <ele>1508.0</ele>
        <time>2026-07-19T05:28:08Z</time>
      </trkpt>
      <trkpt lat="47.497392" lon="-120.736568">
        <ele>1509.0</ele>
        <time>2026-07-19T05:28:22Z</time>
      </trkpt>
      <trkpt lat="47.497440" lon="-120.736556">
        <ele>1500.0</ele>
        <time>2026-07-19T05:29:01Z</time>
      </trkpt>
      <trkpt lat="47.497453" lon="-120.736522">
        <ele>1509.0</ele>
        <time>2026-07-19T05:29:16Z</time>
      </trkpt>
      <trkpt lat="47.497468" lon="-120.736364">
        <ele>1510.0</ele>
        <time>2026-07-19T05:29:23Z</time>
      </trkpt>
      <trkpt lat="47.497484" lon="-120.736320">
        <ele>1508.0</ele>
        <time>2026-07-19T05:29:25Z</time>
      </trkpt>
      <trkpt lat="47.497486" lon="-120.736242">
        <ele>1509.5</ele>
        <time>2026-07-19T05:29:28Z</time>
      </trkpt>
      <trkpt lat="47.497511" lon="-120.736172">
        <ele>1508.0</ele>
        <time>2026-07-19T05:29:32Z</time>
      </trkpt>
      <trkpt lat="47.497511" lon="-120.736118">
        <ele>1509.0</ele>
        <time>2026-07-19T05:29:34Z</time>
      </trkpt>
      <trkpt lat="47.497529" lon="-120.736077">
        <ele>1509.3</ele>
        <time>2026-07-19T05:29:35Z</time>
      </trkpt>
      <trkpt lat="47.497528" lon="-120.735931">
        <ele>1510.0</ele>
        <time>2026-07-19T05:29:42Z</time>
      </trkpt>
      <trkpt lat="47.497593" lon="-120.735681">
        <ele>1512.0</ele>
        <time>2026-07-19T05:29:56Z</time>
      </trkpt>
      <trkpt lat="47.497627" lon="-120.735654">
        <ele>1511.0</ele>
        <time>2026-07-19T05:29:58Z</time>
      </trkpt>
      <trkpt lat="47.497675" lon="-120.735660">
        <ele>1508.0</ele>
        <time>2026-07-19T05:30:00Z</time>
      </trkpt>
      <trkpt lat="47.497705" lon="-120.735644">
        <ele>1508.0</ele>
        <time>2026-07-19T05:30:02Z</time>
      </trkpt>
      <trkpt lat="47.497724" lon="-120.735574">
        <ele>1505.0</ele>
        <time>2026-07-19T05:30:06Z</time>
      </trkpt>
      <trkpt lat="47.497796" lon="-120.735509">
        <ele>1503.0</ele>
        <time>2026-07-19T05:30:13Z</time>
      </trkpt>
      <trkpt lat="47.497853" lon="-120.735414">
        <ele>1500.0</ele>
        <time>2026-07-19T05:30:22Z</time>
      </trkpt>
      <trkpt lat="47.497862" lon="-120.735349">
        <ele>1501.0</ele>
        <time>2026-07-19T05:30:25Z</time>
      </trkpt>
      <trkpt lat="47.497909" lon="-120.735287">
        <ele>1503.0</ele>
        <time>2026-07-19T05:30:29Z</time>
      </trkpt>
      <trkpt lat="47.497934" lon="-120.735221">
        <ele>1504.0</ele>
        <time>2026-07-19T05:30:34Z</time>
      </trkpt>
      <trkpt lat="47.497927" lon="-120.735177">
        <ele>1505.0</ele>
        <time>2026-07-19T05:30:36Z</time>
      </trkpt>
      <trkpt lat="47.497865" lon="-120.734993">
        <ele>1507.0</ele>
        <time>2026-07-19T05:30:46Z</time>
      </trkpt>
      <trkpt lat="47.497867" lon="-120.734918">
        <ele>1508.0</ele>
        <time>2026-07-19T05:30:50Z</time>
      </trkpt>
      <trkpt lat="47.497824" lon="-120.734849">
        <ele>1508.0</ele>
        <time>2026-07-19T05:30:54Z</time>
      </trkpt>
      <trkpt lat="47.497786" lon="-120.734732">
        <ele>1508.0</ele>
        <time>2026-07-19T05:30:59Z</time>
      </trkpt>
      <trkpt lat="47.497718" lon="-120.734577">
        <ele>1507.0</ele>
        <time>2026-07-19T05:31:08Z</time>
      </trkpt>
      <trkpt lat="47.497661" lon="-120.734390">
        <ele>1506.0</ele>
        <time>2026-07-19T05:31:16Z</time>
      </trkpt>
      <trkpt lat="47.497680" lon="-120.734171">
        <ele>1505.0</ele>
        <time>2026-07-19T05:31:29Z</time>
      </trkpt>
      <trkpt lat="47.497712" lon="-120.734029">
        <ele>1504.0</ele>
        <time>2026-07-19T05:31:39Z</time>
      </trkpt>
      <trkpt lat="47.497753" lon="-120.733920">
        <ele>1500.0</ele>
        <time>2026-07-19T05:31:47Z</time>
      </trkpt>
      <trkpt lat="47.497781" lon="-120.733804">
        <ele>1500.0</ele>
        <time>2026-07-19T05:31:53Z</time>
      </trkpt>
      <trkpt lat="47.497820" lon="-120.733745">
        <ele>1501.0</ele>
        <time>2026-07-19T05:31:57Z</time>
      </trkpt>
      <trkpt lat="47.497825" lon="-120.733683">
        <ele>1503.6</ele>
        <time>2026-07-19T05:32:01Z</time>
      </trkpt>
      <trkpt lat="47.497864" lon="-120.733630">
        <ele>1504.0</ele>
        <time>2026-07-19T05:32:06Z</time>
      </trkpt>
      <trkpt lat="47.497886" lon="-120.733495">
        <ele>1504.0</ele>
        <time>2026-07-19T05:32:16Z</time>
      </trkpt>
      <trkpt lat="47.497886" lon="-120.733384">
        <ele>1504.0</ele>
        <time>2026-07-19T05:32:23Z</time>
      </trkpt>
      <trkpt lat="47.497911" lon="-120.733293">
        <ele>1505.0</ele>
        <time>2026-07-19T05:32:28Z</time>
      </trkpt>
      <trkpt lat="47.498062" lon="-120.733079">
        <ele>1504.0</ele>
        <time>2026-07-19T05:32:44Z</time>
      </trkpt>
      <trkpt lat="47.498113" lon="-120.733026">
        <ele>1506.0</ele>
        <time>2026-07-19T05:32:48Z</time>
      </trkpt>
      <trkpt lat="47.498153" lon="-120.732882">
        <ele>1506.0</ele>
        <time>2026-07-19T05:32:57Z</time>
      </trkpt>
      <trkpt lat="47.498151" lon="-120.732806">
        <ele>1506.0</ele>
        <time>2026-07-19T05:33:01Z</time>
      </trkpt>
      <trkpt lat="47.498184" lon="-120.732566">
        <ele>1502.0</ele>
        <time>2026-07-19T05:33:17Z</time>
      </trkpt>
      <trkpt lat="47.498219" lon="-120.732437">
        <ele>1502.0</ele>
        <time>2026-07-19T05:33:23Z</time>
      </trkpt>
      <trkpt lat="47.498251" lon="-120.732376">
        <ele>1503.0</ele>
        <time>2026-07-19T05:33:28Z</time>
      </trkpt>
      <trkpt lat="47.498262" lon="-120.732305">
        <ele>1503.0</ele>
        <time>2026-07-19T05:33:33Z</time>
      </trkpt>
      <trkpt lat="47.498292" lon="-120.732227">
        <ele>1502.0</ele>
        <time>2026-07-19T05:33:40Z</time>
      </trkpt>
      <trkpt lat="47.498293" lon="-120.732141">
        <ele>1501.0</ele>
        <time>2026-07-19T05:33:48Z</time>
      </trkpt>
      <trkpt lat="47.498231" lon="-120.731952">
        <ele>1503.0</ele>
        <time>2026-07-19T05:34:03Z</time>
      </trkpt>
      <trkpt lat="47.498218" lon="-120.731861">
        <ele>1501.0</ele>
        <time>2026-07-19T05:34:11Z</time>
      </trkpt>
      <trkpt lat="47.498239" lon="-120.731721">
        <ele>1500.0</ele>
        <time>2026-07-19T05:34:21Z</time>
      </trkpt>
      <trkpt lat="47.498282" lon="-120.731682">
        <ele>1498.0</ele>
        <time>2026-07-19T05:34:25Z</time>
      </trkpt>
      <trkpt lat="47.498322" lon="-120.731618">
        <ele>1501.8</ele>
        <time>2026-07-19T05:34:30Z</time>
      </trkpt>
      <trkpt lat="47.498415" lon="-120.731588">
        <ele>1500.0</ele>
        <time>2026-07-19T05:34:39Z</time>
      </trkpt>
      <trkpt lat="47.498483" lon="-120.731486">
        <ele>1499.0</ele>
        <time>2026-07-19T05:34:48Z</time>
      </trkpt>
      <trkpt lat="47.498554" lon="-120.731454">
        <ele>1500.0</ele>
        <time>2026-07-19T05:34:54Z</time>
      </trkpt>
      <trkpt lat="47.498604" lon="-120.731405">
        <ele>1500.0</ele>
        <time>2026-07-19T05:35:02Z</time>
      </trkpt>
      <trkpt lat="47.498693" lon="-120.731375">
        <ele>1500.0</ele>
        <time>2026-07-19T05:35:12Z</time>
      </trkpt>
      <trkpt lat="47.498755" lon="-120.731328">
        <ele>1498.0</ele>
        <time>2026-07-19T05:35:18Z</time>
      </trkpt>
      <trkpt lat="47.498800" lon="-120.731247">
        <ele>1498.0</ele>
        <time>2026-07-19T05:35:24Z</time>
      </trkpt>
      <trkpt lat="47.498851" lon="-120.731241">
        <ele>1500.0</ele>
        <time>2026-07-19T05:35:31Z</time>
      </trkpt>
      <trkpt lat="47.498883" lon="-120.731220">
        <ele>1500.0</ele>
        <time>2026-07-19T05:35:35Z</time>
      </trkpt>
      <trkpt lat="47.498862" lon="-120.731160">
        <ele>1498.0</ele>
        <time>2026-07-19T05:35:44Z</time>
      </trkpt>
      <trkpt lat="47.498909" lon="-120.731097">
        <ele>1497.0</ele>
        <time>2026-07-19T05:35:50Z</time>
      </trkpt>
      <trkpt lat="47.498916" lon="-120.731001">
        <ele>1500.0</ele>
        <time>2026-07-19T05:35:57Z</time>
      </trkpt>
      <trkpt lat="47.498952" lon="-120.730945">
        <ele>1497.0</ele>
        <time>2026-07-19T05:36:03Z</time>
      </trkpt>
      <trkpt lat="47.498983" lon="-120.730852">
        <ele>1497.3</ele>
        <time>2026-07-19T05:36:11Z</time>
      </trkpt>
      <trkpt lat="47.499038" lon="-120.730763">
        <ele>1496.0</ele>
        <time>2026-07-19T05:36:19Z</time>
      </trkpt>
      <trkpt lat="47.499150" lon="-120.730679">
        <ele>1497.0</ele>
        <time>2026-07-19T05:36:30Z</time>
      </trkpt>
      <trkpt lat="47.499172" lon="-120.730649">
        <ele>1495.0</ele>
        <time>2026-07-19T05:36:33Z</time>
      </trkpt>
      <trkpt lat="47.499201" lon="-120.730590">
        <ele>1496.0</ele>
        <time>2026-07-19T05:36:38Z</time>
      </trkpt>
      <trkpt lat="47.499203" lon="-120.730547">
        <ele>1496.0</ele>
        <time>2026-07-19T05:36:40Z</time>
      </trkpt>
      <trkpt lat="47.499239" lon="-120.730481">
        <ele>1495.0</ele>
        <time>2026-07-19T05:36:48Z</time>
      </trkpt>
      <trkpt lat="47.499311" lon="-120.730490">
        <ele>1494.0</ele>
        <time>2026-07-19T05:36:58Z</time>
      </trkpt>
      <trkpt lat="47.499345" lon="-120.730465">
        <ele>1494.0</ele>
        <time>2026-07-19T05:37:02Z</time>
      </trkpt>
      <trkpt lat="47.499331" lon="-120.730378">
        <ele>1491.0</ele>
        <time>2026-07-19T05:37:08Z</time>
      </trkpt>
      <trkpt lat="47.499280" lon="-120.730296">
        <ele>1492.0</ele>
        <time>2026-07-19T05:37:17Z</time>
      </trkpt>
      <trkpt lat="47.499288" lon="-120.730259">
        <ele>1491.0</ele>
        <time>2026-07-19T05:37:20Z</time>
      </trkpt>
      <trkpt lat="47.499320" lon="-120.730201">
        <ele>1491.0</ele>
        <time>2026-07-19T05:37:27Z</time>
      </trkpt>
      <trkpt lat="47.499349" lon="-120.730064">
        <ele>1491.0</ele>
        <time>2026-07-19T05:37:38Z</time>
      </trkpt>
      <trkpt lat="47.499412" lon="-120.729934">
        <ele>1491.0</ele>
        <time>2026-07-19T05:37:48Z</time>
      </trkpt>
      <trkpt lat="47.499478" lon="-120.729851">
        <ele>1487.0</ele>
        <time>2026-07-19T05:38:01Z</time>
      </trkpt>
      <trkpt lat="47.499495" lon="-120.729788">
        <ele>1486.0</ele>
        <time>2026-07-19T05:38:08Z</time>
      </trkpt>
      <trkpt lat="47.499514" lon="-120.729759">
        <ele>1484.0</ele>
        <time>2026-07-19T05:38:13Z</time>
      </trkpt>
      <trkpt lat="47.499541" lon="-120.729742">
        <ele>1485.0</ele>
        <time>2026-07-19T05:38:19Z</time>
      </trkpt>
      <trkpt lat="47.499550" lon="-120.729703">
        <ele>1482.0</ele>
        <time>2026-07-19T05:38:26Z</time>
      </trkpt>
      <trkpt lat="47.499617" lon="-120.729710">
        <ele>1480.0</ele>
        <time>2026-07-19T05:38:40Z</time>
      </trkpt>
      <trkpt lat="47.499765" lon="-120.729611">
        <ele>1475.0</ele>
        <time>2026-07-19T05:39:07Z</time>
      </trkpt>
      <trkpt lat="47.499811" lon="-120.729609">
        <ele>1477.0</ele>
        <time>2026-07-19T05:39:12Z</time>
      </trkpt>
      <trkpt lat="47.499856" lon="-120.729593">
        <ele>1475.0</ele>
        <time>2026-07-19T05:39:21Z</time>
      </trkpt>
      <trkpt lat="47.499999" lon="-120.729636">
        <ele>1472.0</ele>
        <time>2026-07-19T05:39:41Z</time>
      </trkpt>
      <trkpt lat="47.500040" lon="-120.729799">
        <ele>1470.0</ele>
        <time>2026-07-19T05:40:05Z</time>
      </trkpt>
      <trkpt lat="47.500066" lon="-120.729813">
        <ele>1470.0</ele>
        <time>2026-07-19T05:40:16Z</time>
      </trkpt>
      <trkpt lat="47.500198" lon="-120.729776">
        <ele>1465.0</ele>
        <time>2026-07-19T05:40:42Z</time>
      </trkpt>
      <trkpt lat="47.500377" lon="-120.729678">
        <ele>1458.0</ele>
        <time>2026-07-19T05:41:20Z</time>
      </trkpt>
      <trkpt lat="47.500396" lon="-120.729645">
        <ele>1457.0</ele>
        <time>2026-07-19T05:41:26Z</time>
      </trkpt>
      <trkpt lat="47.500454" lon="-120.729608">
        <ele>1455.0</ele>
        <time>2026-07-19T05:41:36Z</time>
      </trkpt>
      <trkpt lat="47.500461" lon="-120.729572">
        <ele>1457.0</ele>
        <time>2026-07-19T05:41:41Z</time>
      </trkpt>
      <trkpt lat="47.500505" lon="-120.729570">
        <ele>1455.0</ele>
        <time>2026-07-19T05:42:02Z</time>
      </trkpt>
      <trkpt lat="47.500629" lon="-120.729539">
        <ele>1455.0</ele>
        <time>2026-07-19T05:42:18Z</time>
      </trkpt>
      <trkpt lat="47.500738" lon="-120.729467">
        <ele>1453.0</ele>
        <time>2026-07-19T05:42:34Z</time>
      </trkpt>
      <trkpt lat="47.500824" lon="-120.729383">
        <ele>1452.0</ele>
        <time>2026-07-19T05:42:51Z</time>
      </trkpt>
      <trkpt lat="47.500935" lon="-120.729360">
        <ele>1448.0</ele>
        <time>2026-07-19T05:43:07Z</time>
      </trkpt>
      <trkpt lat="47.500938" lon="-120.729330">
        <ele>1449.0</ele>
        <time>2026-07-19T05:43:13Z</time>
      </trkpt>
      <trkpt lat="47.500883" lon="-120.729289">
        <ele>1445.0</ele>
        <time>2026-07-19T05:43:24Z</time>
      </trkpt>
      <trkpt lat="47.500876" lon="-120.729258">
        <ele>1446.0</ele>
        <time>2026-07-19T05:43:29Z</time>
      </trkpt>
      <trkpt lat="47.500931" lon="-120.729256">
        <ele>1446.0</ele>
        <time>2026-07-19T05:43:40Z</time>
      </trkpt>
      <trkpt lat="47.501015" lon="-120.729226">
        <ele>1444.0</ele>
        <time>2026-07-19T05:44:01Z</time>
      </trkpt>
      <trkpt lat="47.501050" lon="-120.729227">
        <ele>1440.0</ele>
        <time>2026-07-19T05:44:08Z</time>
      </trkpt>
      <trkpt lat="47.501111" lon="-120.729193">
        <ele>1440.0</ele>
        <time>2026-07-19T05:44:18Z</time>
      </trkpt>
      <trkpt lat="47.501149" lon="-120.729152">
        <ele>1441.0</ele>
        <time>2026-07-19T05:44:31Z</time>
      </trkpt>
      <trkpt lat="47.501213" lon="-120.729142">
        <ele>1436.0</ele>
        <time>2026-07-19T05:44:41Z</time>
      </trkpt>
      <trkpt lat="47.501304" lon="-120.729101">
        <ele>1438.0</ele>
        <time>2026-07-19T05:44:53Z</time>
      </trkpt>
      <trkpt lat="47.501388" lon="-120.729046">
        <ele>1437.0</ele>
        <time>2026-07-19T05:45:01Z</time>
      </trkpt>
      <trkpt lat="47.501406" lon="-120.729016">
        <ele>1437.0</ele>
        <time>2026-07-19T05:45:04Z</time>
      </trkpt>
      <trkpt lat="47.501481" lon="-120.728956">
        <ele>1432.0</ele>
        <time>2026-07-19T05:45:21Z</time>
      </trkpt>
      <trkpt lat="47.501519" lon="-120.728937">
        <ele>1432.0</ele>
        <time>2026-07-19T05:45:27Z</time>
      </trkpt>
      <trkpt lat="47.501560" lon="-120.728895">
        <ele>1428.0</ele>
        <time>2026-07-19T05:45:39Z</time>
      </trkpt>
      <trkpt lat="47.501625" lon="-120.728878">
        <ele>1428.0</ele>
        <time>2026-07-19T05:45:49Z</time>
      </trkpt>
      <trkpt lat="47.501659" lon="-120.728809">
        <ele>1427.0</ele>
        <time>2026-07-19T05:45:57Z</time>
      </trkpt>
      <trkpt lat="47.501660" lon="-120.728768">
        <ele>1428.0</ele>
        <time>2026-07-19T05:45:59Z</time>
      </trkpt>
      <trkpt lat="47.501700" lon="-120.728639">
        <ele>1424.0</ele>
        <time>2026-07-19T05:46:11Z</time>
      </trkpt>
      <trkpt lat="47.501752" lon="-120.728520">
        <ele>1419.0</ele>
        <time>2026-07-19T05:46:27Z</time>
      </trkpt>
      <trkpt lat="47.501889" lon="-120.728360">
        <ele>1416.0</ele>
        <time>2026-07-19T05:46:54Z</time>
      </trkpt>
      <trkpt lat="47.501943" lon="-120.728316">
        <ele>1416.0</ele>
        <time>2026-07-19T05:47:02Z</time>
      </trkpt>
      <trkpt lat="47.502001" lon="-120.728309">
        <ele>1411.0</ele>
        <time>2026-07-19T05:47:10Z</time>
      </trkpt>
      <trkpt lat="47.502001" lon="-120.728276">
        <ele>1411.0</ele>
        <time>2026-07-19T05:47:20Z</time>
      </trkpt>
      <trkpt lat="47.501961" lon="-120.728262">
        <ele>1412.0</ele>
        <time>2026-07-19T05:47:27Z</time>
      </trkpt>
      <trkpt lat="47.501884" lon="-120.728263">
        <ele>1408.0</ele>
        <time>2026-07-19T05:47:37Z</time>
      </trkpt>
      <trkpt lat="47.501770" lon="-120.728276">
        <ele>1410.0</ele>
        <time>2026-07-19T05:47:52Z</time>
      </trkpt>
      <trkpt lat="47.501703" lon="-120.728327">
        <ele>1409.0</ele>
        <time>2026-07-19T05:48:07Z</time>
      </trkpt>
      <trkpt lat="47.501656" lon="-120.728340">
        <ele>1402.0</ele>
        <time>2026-07-19T05:48:23Z</time>
      </trkpt>
      <trkpt lat="47.501700" lon="-120.728221">
        <ele>1404.0</ele>
        <time>2026-07-19T05:48:40Z</time>
      </trkpt>
      <trkpt lat="47.501803" lon="-120.728115">
        <ele>1403.0</ele>
        <time>2026-07-19T05:49:08Z</time>
      </trkpt>
      <trkpt lat="47.501866" lon="-120.728090">
        <ele>1402.0</ele>
        <time>2026-07-19T05:49:15Z</time>
      </trkpt>
      <trkpt lat="47.501946" lon="-120.727979">
        <ele>1398.0</ele>
        <time>2026-07-19T05:49:34Z</time>
      </trkpt>
      <trkpt lat="47.501994" lon="-120.727968">
        <ele>1395.0</ele>
        <time>2026-07-19T05:49:46Z</time>
      </trkpt>
      <trkpt lat="47.502096" lon="-120.727889">
        <ele>1395.0</ele>
        <time>2026-07-19T05:50:12Z</time>
      </trkpt>
      <trkpt lat="47.502177" lon="-120.727860">
        <ele>1396.8</ele>
        <time>2026-07-19T05:50:33Z</time>
      </trkpt>
      <trkpt lat="47.502188" lon="-120.727811">
        <ele>1387.0</ele>
        <time>2026-07-19T05:51:09Z</time>
      </trkpt>
      <trkpt lat="47.502232" lon="-120.727814">
        <ele>1389.0</ele>
        <time>2026-07-19T05:52:08Z</time>
      </trkpt>
      <trkpt lat="47.502269" lon="-120.727793">
        <ele>1387.0</ele>
        <time>2026-07-19T05:52:36Z</time>
      </trkpt>
      <trkpt lat="47.502278" lon="-120.727753">
        <ele>1393.8</ele>
        <time>2026-07-19T05:52:53Z</time>
      </trkpt>
      <trkpt lat="47.502291" lon="-120.727737">
        <ele>1395.0</ele>
        <time>2026-07-19T05:52:56Z</time>
      </trkpt>
      <trkpt lat="47.502364" lon="-120.727711">
        <ele>1386.0</ele>
        <time>2026-07-19T05:53:18Z</time>
      </trkpt>
      <trkpt lat="47.502422" lon="-120.727730">
        <ele>1395.0</ele>
        <time>2026-07-19T05:53:57Z</time>
      </trkpt>
      <trkpt lat="47.502436" lon="-120.727685">
        <ele>1392.0</ele>
        <time>2026-07-19T05:54:14Z</time>
      </trkpt>
      <trkpt lat="47.502507" lon="-120.727623">
        <ele>1390.0</ele>
        <time>2026-07-19T05:54:30Z</time>
      </trkpt>
      <trkpt lat="47.502599" lon="-120.727429">
        <ele>1388.0</ele>
        <time>2026-07-19T05:54:55Z</time>
      </trkpt>
      <trkpt lat="47.502629" lon="-120.727294">
        <ele>1386.0</ele>
        <time>2026-07-19T05:55:05Z</time>
      </trkpt>
      <trkpt lat="47.502665" lon="-120.727234">
        <ele>1384.0</ele>
        <time>2026-07-19T05:55:10Z</time>
      </trkpt>
      <trkpt lat="47.502684" lon="-120.727127">
        <ele>1383.0</ele>
        <time>2026-07-19T05:55:17Z</time>
      </trkpt>
      <trkpt lat="47.502743" lon="-120.727002">
        <ele>1382.0</ele>
        <time>2026-07-19T05:55:28Z</time>
      </trkpt>
      <trkpt lat="47.502785" lon="-120.726953">
        <ele>1381.0</ele>
        <time>2026-07-19T05:55:33Z</time>
      </trkpt>
      <trkpt lat="47.502803" lon="-120.726913">
        <ele>1380.9</ele>
        <time>2026-07-19T05:55:37Z</time>
      </trkpt>
      <trkpt lat="47.502835" lon="-120.726892">
        <ele>1380.0</ele>
        <time>2026-07-19T05:55:40Z</time>
      </trkpt>
      <trkpt lat="47.502916" lon="-120.726743">
        <ele>1378.0</ele>
        <time>2026-07-19T05:55:56Z</time>
      </trkpt>
      <trkpt lat="47.502972" lon="-120.726686">
        <ele>1379.0</ele>
        <time>2026-07-19T05:56:03Z</time>
      </trkpt>
      <trkpt lat="47.502984" lon="-120.726655">
        <ele>1377.0</ele>
        <time>2026-07-19T05:56:06Z</time>
      </trkpt>
      <trkpt lat="47.503040" lon="-120.726610">
        <ele>1376.0</ele>
        <time>2026-07-19T05:56:12Z</time>
      </trkpt>
      <trkpt lat="47.503056" lon="-120.726582">
        <ele>1376.0</ele>
        <time>2026-07-19T05:56:16Z</time>
      </trkpt>
      <trkpt lat="47.503060" lon="-120.726512">
        <ele>1377.0</ele>
        <time>2026-07-19T05:56:21Z</time>
      </trkpt>
      <trkpt lat="47.503075" lon="-120.726482">
        <ele>1377.0</ele>
        <time>2026-07-19T05:56:24Z</time>
      </trkpt>
      <trkpt lat="47.503124" lon="-120.726430">
        <ele>1375.0</ele>
        <time>2026-07-19T05:56:33Z</time>
      </trkpt>
      <trkpt lat="47.503139" lon="-120.726365">
        <ele>1374.0</ele>
        <time>2026-07-19T05:56:39Z</time>
      </trkpt>
      <trkpt lat="47.503230" lon="-120.726221">
        <ele>1368.0</ele>
        <time>2026-07-19T05:56:54Z</time>
      </trkpt>
      <trkpt lat="47.503251" lon="-120.726109">
        <ele>1368.0</ele>
        <time>2026-07-19T05:57:03Z</time>
      </trkpt>
      <trkpt lat="47.503297" lon="-120.726008">
        <ele>1365.0</ele>
        <time>2026-07-19T05:57:11Z</time>
      </trkpt>
      <trkpt lat="47.503407" lon="-120.725891">
        <ele>1366.0</ele>
        <time>2026-07-19T05:57:20Z</time>
      </trkpt>
      <trkpt lat="47.503457" lon="-120.725792">
        <ele>1362.0</ele>
        <time>2026-07-19T05:57:28Z</time>
      </trkpt>
      <trkpt lat="47.503477" lon="-120.725712">
        <ele>1359.0</ele>
        <time>2026-07-19T05:57:34Z</time>
      </trkpt>
      <trkpt lat="47.503507" lon="-120.725690">
        <ele>1360.0</ele>
        <time>2026-07-19T05:57:39Z</time>
      </trkpt>
      <trkpt lat="47.503607" lon="-120.725695">
        <ele>1359.0</ele>
        <time>2026-07-19T05:57:46Z</time>
      </trkpt>
      <trkpt lat="47.503714" lon="-120.725608">
        <ele>1361.0</ele>
        <time>2026-07-19T05:57:58Z</time>
      </trkpt>
      <trkpt lat="47.503737" lon="-120.725551">
        <ele>1358.0</ele>
        <time>2026-07-19T05:58:04Z</time>
      </trkpt>
      <trkpt lat="47.503731" lon="-120.725483">
        <ele>1358.0</ele>
        <time>2026-07-19T05:58:07Z</time>
      </trkpt>
      <trkpt lat="47.503761" lon="-120.725375">
        <ele>1356.0</ele>
        <time>2026-07-19T05:58:14Z</time>
      </trkpt>
      <trkpt lat="47.503771" lon="-120.725263">
        <ele>1360.0</ele>
        <time>2026-07-19T05:58:20Z</time>
      </trkpt>
      <trkpt lat="47.503784" lon="-120.725227">
        <ele>1362.0</ele>
        <time>2026-07-19T05:58:22Z</time>
      </trkpt>
      <trkpt lat="47.503866" lon="-120.725117">
        <ele>1350.0</ele>
        <time>2026-07-19T05:58:38Z</time>
      </trkpt>
      <trkpt lat="47.503907" lon="-120.725110">
        <ele>1350.0</ele>
        <time>2026-07-19T05:58:42Z</time>
      </trkpt>
      <trkpt lat="47.503922" lon="-120.725078">
        <ele>1350.0</ele>
        <time>2026-07-19T05:58:46Z</time>
      </trkpt>
      <trkpt lat="47.503937" lon="-120.725000">
        <ele>1348.0</ele>
        <time>2026-07-19T05:58:55Z</time>
      </trkpt>
      <trkpt lat="47.503924" lon="-120.724951">
        <ele>1344.0</ele>
        <time>2026-07-19T05:59:00Z</time>
      </trkpt>
      <trkpt lat="47.503967" lon="-120.724805">
        <ele>1343.0</ele>
        <time>2026-07-19T05:59:13Z</time>
      </trkpt>
      <trkpt lat="47.504032" lon="-120.724772">
        <ele>1340.0</ele>
        <time>2026-07-19T05:59:20Z</time>
      </trkpt>
      <trkpt lat="47.504128" lon="-120.724755">
        <ele>1342.0</ele>
        <time>2026-07-19T05:59:28Z</time>
      </trkpt>
      <trkpt lat="47.504323" lon="-120.724880">
        <ele>1349.0</ele>
        <time>2026-07-19T05:59:53Z</time>
      </trkpt>
      <trkpt lat="47.504399" lon="-120.724875">
        <ele>1344.0</ele>
        <time>2026-07-19T06:00:10Z</time>
      </trkpt>
      <trkpt lat="47.504519" lon="-120.724927">
        <ele>1345.0</ele>
        <time>2026-07-19T06:00:17Z</time>
      </trkpt>
      <trkpt lat="47.504551" lon="-120.724910">
        <ele>1346.0</ele>
        <time>2026-07-19T06:00:19Z</time>
      </trkpt>
      <trkpt lat="47.504561" lon="-120.724860">
        <ele>1349.0</ele>
        <time>2026-07-19T06:00:22Z</time>
      </trkpt>
      <trkpt lat="47.504521" lon="-120.724823">
        <ele>1352.0</ele>
        <time>2026-07-19T06:00:25Z</time>
      </trkpt>
      <trkpt lat="47.504480" lon="-120.724751">
        <ele>1354.0</ele>
        <time>2026-07-19T06:00:29Z</time>
      </trkpt>
      <trkpt lat="47.504439" lon="-120.724738">
        <ele>1349.0</ele>
        <time>2026-07-19T06:00:31Z</time>
      </trkpt>
      <trkpt lat="47.504423" lon="-120.724765">
        <ele>1343.0</ele>
        <time>2026-07-19T06:00:34Z</time>
      </trkpt>
      <trkpt lat="47.504411" lon="-120.724747">
        <ele>1334.0</ele>
        <time>2026-07-19T06:00:44Z</time>
      </trkpt>
      <trkpt lat="47.504444" lon="-120.724727">
        <ele>1334.0</ele>
        <time>2026-07-19T06:00:51Z</time>
      </trkpt>
      <trkpt lat="47.504474" lon="-120.724728">
        <ele>1334.0</ele>
        <time>2026-07-19T06:00:55Z</time>
      </trkpt>
      <trkpt lat="47.504570" lon="-120.724695">
        <ele>1331.0</ele>
        <time>2026-07-19T06:01:08Z</time>
      </trkpt>
      <trkpt lat="47.504615" lon="-120.724705">
        <ele>1331.0</ele>
        <time>2026-07-19T06:01:14Z</time>
      </trkpt>
      <trkpt lat="47.504648" lon="-120.724667">
        <ele>1334.0</ele>
        <time>2026-07-19T06:01:23Z</time>
      </trkpt>
      <trkpt lat="47.504735" lon="-120.724613">
        <ele>1332.0</ele>
        <time>2026-07-19T06:01:38Z</time>
      </trkpt>
      <trkpt lat="47.504770" lon="-120.724600">
        <ele>1330.0</ele>
        <time>2026-07-19T06:01:44Z</time>
      </trkpt>
      <trkpt lat="47.504809" lon="-120.724615">
        <ele>1332.0</ele>
        <time>2026-07-19T06:01:48Z</time>
      </trkpt>
      <trkpt lat="47.504847" lon="-120.724613">
        <ele>1330.0</ele>
        <time>2026-07-19T06:01:52Z</time>
      </trkpt>
      <trkpt lat="47.504862" lon="-120.724581">
        <ele>1331.0</ele>
        <time>2026-07-19T06:01:56Z</time>
      </trkpt>
      <trkpt lat="47.504898" lon="-120.724565">
        <ele>1332.0</ele>
        <time>2026-07-19T06:02:00Z</time>
      </trkpt>
      <trkpt lat="47.504894" lon="-120.724495">
        <ele>1329.0</ele>
        <time>2026-07-19T06:02:08Z</time>
      </trkpt>
      <trkpt lat="47.504913" lon="-120.724467">
        <ele>1329.0</ele>
        <time>2026-07-19T06:02:11Z</time>
      </trkpt>
      <trkpt lat="47.504945" lon="-120.724447">
        <ele>1328.0</ele>
        <time>2026-07-19T06:02:14Z</time>
      </trkpt>
      <trkpt lat="47.504966" lon="-120.724403">
        <ele>1323.0</ele>
        <time>2026-07-19T06:02:21Z</time>
      </trkpt>
      <trkpt lat="47.505011" lon="-120.724375">
        <ele>1322.0</ele>
        <time>2026-07-19T06:02:32Z</time>
      </trkpt>
      <trkpt lat="47.505045" lon="-120.724317">
        <ele>1323.0</ele>
        <time>2026-07-19T06:02:39Z</time>
      </trkpt>
      <trkpt lat="47.505097" lon="-120.724284">
        <ele>1323.0</ele>
        <time>2026-07-19T06:02:49Z</time>
      </trkpt>
      <trkpt lat="47.505132" lon="-120.724233">
        <ele>1320.0</ele>
        <time>2026-07-19T06:02:56Z</time>
      </trkpt>
      <trkpt lat="47.505140" lon="-120.724165">
        <ele>1322.0</ele>
        <time>2026-07-19T06:03:05Z</time>
      </trkpt>
      <trkpt lat="47.505173" lon="-120.724133">
        <ele>1320.0</ele>
        <time>2026-07-19T06:03:11Z</time>
      </trkpt>
      <trkpt lat="47.505131" lon="-120.724128">
        <ele>1316.0</ele>
        <time>2026-07-19T06:03:23Z</time>
      </trkpt>
      <trkpt lat="47.505107" lon="-120.724104">
        <ele>1317.0</ele>
        <time>2026-07-19T06:03:28Z</time>
      </trkpt>
      <trkpt lat="47.505150" lon="-120.724016">
        <ele>1315.0</ele>
        <time>2026-07-19T06:03:38Z</time>
      </trkpt>
      <trkpt lat="47.505245" lon="-120.723949">
        <ele>1317.0</ele>
        <time>2026-07-19T06:03:45Z</time>
      </trkpt>
      <trkpt lat="47.505315" lon="-120.723791">
        <ele>1313.0</ele>
        <time>2026-07-19T06:04:02Z</time>
      </trkpt>
      <trkpt lat="47.505339" lon="-120.723763">
        <ele>1312.0</ele>
        <time>2026-07-19T06:04:05Z</time>
      </trkpt>
      <trkpt lat="47.505395" lon="-120.723735">
        <ele>1311.0</ele>
        <time>2026-07-19T06:04:13Z</time>
      </trkpt>
      <trkpt lat="47.505416" lon="-120.723710">
        <ele>1312.0</ele>
        <time>2026-07-19T06:04:15Z</time>
      </trkpt>
      <trkpt lat="47.505438" lon="-120.723673">
        <ele>1311.0</ele>
        <time>2026-07-19T06:04:17Z</time>
      </trkpt>
      <trkpt lat="47.505459" lon="-120.723594">
        <ele>1308.0</ele>
        <time>2026-07-19T06:04:25Z</time>
      </trkpt>
      <trkpt lat="47.505483" lon="-120.723568">
        <ele>1308.0</ele>
        <time>2026-07-19T06:04:30Z</time>
      </trkpt>
      <trkpt lat="47.505514" lon="-120.723548">
        <ele>1308.0</ele>
        <time>2026-07-19T06:04:33Z</time>
      </trkpt>
      <trkpt lat="47.505549" lon="-120.723554">
        <ele>1309.0</ele>
        <time>2026-07-19T06:04:35Z</time>
      </trkpt>
      <trkpt lat="47.505635" lon="-120.723528">
        <ele>1308.0</ele>
        <time>2026-07-19T06:04:45Z</time>
      </trkpt>
      <trkpt lat="47.505682" lon="-120.723419">
        <ele>1305.0</ele>
        <time>2026-07-19T06:05:00Z</time>
      </trkpt>
      <trkpt lat="47.505651" lon="-120.723418">
        <ele>1305.0</ele>
        <time>2026-07-19T06:05:03Z</time>
      </trkpt>
      <trkpt lat="47.505627" lon="-120.723393">
        <ele>1302.0</ele>
        <time>2026-07-19T06:05:07Z</time>
      </trkpt>
      <trkpt lat="47.505619" lon="-120.723364">
        <ele>1305.0</ele>
        <time>2026-07-19T06:05:12Z</time>
      </trkpt>
      <trkpt lat="47.505658" lon="-120.723305">
        <ele>1305.0</ele>
        <time>2026-07-19T06:05:19Z</time>
      </trkpt>
      <trkpt lat="47.505774" lon="-120.723194">
        <ele>1303.0</ele>
        <time>2026-07-19T06:05:33Z</time>
      </trkpt>
      <trkpt lat="47.505882" lon="-120.723040">
        <ele>1301.0</ele>
        <time>2026-07-19T06:05:42Z</time>
      </trkpt>
      <trkpt lat="47.505913" lon="-120.723013">
        <ele>1301.0</ele>
        <time>2026-07-19T06:05:44Z</time>
      </trkpt>
      <trkpt lat="47.505991" lon="-120.722986">
        <ele>1302.0</ele>
        <time>2026-07-19T06:05:49Z</time>
      </trkpt>
      <trkpt lat="47.506052" lon="-120.722905">
        <ele>1302.0</ele>
        <time>2026-07-19T06:05:58Z</time>
      </trkpt>
      <trkpt lat="47.506196" lon="-120.722786">
        <ele>1301.0</ele>
        <time>2026-07-19T06:06:13Z</time>
      </trkpt>
      <trkpt lat="47.506319" lon="-120.722641">
        <ele>1299.0</ele>
        <time>2026-07-19T06:06:28Z</time>
      </trkpt>
      <trkpt lat="47.506378" lon="-120.722520">
        <ele>1295.0</ele>
        <time>2026-07-19T06:06:40Z</time>
      </trkpt>
      <trkpt lat="47.506417" lon="-120.722503">
        <ele>1296.0</ele>
        <time>2026-07-19T06:06:44Z</time>
      </trkpt>
      <trkpt lat="47.506455" lon="-120.722502">
        <ele>1296.0</ele>
        <time>2026-07-19T06:06:47Z</time>
      </trkpt>
      <trkpt lat="47.506485" lon="-120.722481">
        <ele>1295.0</ele>
        <time>2026-07-19T06:06:49Z</time>
      </trkpt>
      <trkpt lat="47.506505" lon="-120.722373">
        <ele>1296.0</ele>
        <time>2026-07-19T06:07:01Z</time>
      </trkpt>
      <trkpt lat="47.506559" lon="-120.722255">
        <ele>1293.0</ele>
        <time>2026-07-19T06:07:13Z</time>
      </trkpt>
      <trkpt lat="47.506782" lon="-120.721955">
        <ele>1293.0</ele>
        <time>2026-07-19T06:07:53Z</time>
      </trkpt>
      <trkpt lat="47.506814" lon="-120.721795">
        <ele>1294.0</ele>
        <time>2026-07-19T06:08:02Z</time>
      </trkpt>
      <trkpt lat="47.506811" lon="-120.721691">
        <ele>1290.0</ele>
        <time>2026-07-19T06:08:12Z</time>
      </trkpt>
      <trkpt lat="47.506827" lon="-120.721654">
        <ele>1290.0</ele>
        <time>2026-07-19T06:08:24Z</time>
      </trkpt>
      <trkpt lat="47.506890" lon="-120.721650">
        <ele>1290.0</ele>
        <time>2026-07-19T06:09:19Z</time>
      </trkpt>
      <trkpt lat="47.507026" lon="-120.721587">
        <ele>1289.6</ele>
        <time>2026-07-19T06:09:41Z</time>
      </trkpt>
      <trkpt lat="47.507077" lon="-120.721589">
        <ele>1290.0</ele>
        <time>2026-07-19T06:09:48Z</time>
      </trkpt>
      <trkpt lat="47.507125" lon="-120.721563">
        <ele>1292.0</ele>
        <time>2026-07-19T06:09:55Z</time>
      </trkpt>
      <trkpt lat="47.507209" lon="-120.721493">
        <ele>1288.0</ele>
        <time>2026-07-19T06:10:07Z</time>
      </trkpt>
      <trkpt lat="47.507326" lon="-120.721433">
        <ele>1287.0</ele>
        <time>2026-07-19T06:10:15Z</time>
      </trkpt>
      <trkpt lat="47.507414" lon="-120.721365">
        <ele>1287.0</ele>
        <time>2026-07-19T06:10:22Z</time>
      </trkpt>
      <trkpt lat="47.507452" lon="-120.721357">
        <ele>1287.0</ele>
        <time>2026-07-19T06:10:25Z</time>
      </trkpt>
      <trkpt lat="47.507511" lon="-120.721267">
        <ele>1288.0</ele>
        <time>2026-07-19T06:10:31Z</time>
      </trkpt>
      <trkpt lat="47.507598" lon="-120.721221">
        <ele>1290.0</ele>
        <time>2026-07-19T06:10:38Z</time>
      </trkpt>
      <trkpt lat="47.507652" lon="-120.721178">
        <ele>1289.0</ele>
        <time>2026-07-19T06:10:45Z</time>
      </trkpt>
      <trkpt lat="47.507699" lon="-120.721074">
        <ele>1288.0</ele>
        <time>2026-07-19T06:10:57Z</time>
      </trkpt>
      <trkpt lat="47.507695" lon="-120.721044">
        <ele>1288.0</ele>
        <time>2026-07-19T06:11:00Z</time>
      </trkpt>
      <trkpt lat="47.507752" lon="-120.720985">
        <ele>1285.0</ele>
        <time>2026-07-19T06:11:14Z</time>
      </trkpt>
      <trkpt lat="47.507800" lon="-120.720962">
        <ele>1283.0</ele>
        <time>2026-07-19T06:11:24Z</time>
      </trkpt>
      <trkpt lat="47.507745" lon="-120.721119">
        <ele>1280.0</ele>
        <time>2026-07-19T06:11:41Z</time>
      </trkpt>
      <trkpt lat="47.507726" lon="-120.721201">
        <ele>1275.0</ele>
        <time>2026-07-19T06:11:49Z</time>
      </trkpt>
      <trkpt lat="47.507739" lon="-120.721235">
        <ele>1271.0</ele>
        <time>2026-07-19T06:11:59Z</time>
      </trkpt>
      <trkpt lat="47.507814" lon="-120.721199">
        <ele>1276.0</ele>
        <time>2026-07-19T06:12:11Z</time>
      </trkpt>
      <trkpt lat="47.507896" lon="-120.721101">
        <ele>1273.0</ele>
        <time>2026-07-19T06:12:23Z</time>
      </trkpt>
      <trkpt lat="47.508024" lon="-120.720994">
        <ele>1271.0</ele>
        <time>2026-07-19T06:12:50Z</time>
      </trkpt>
      <trkpt lat="47.508062" lon="-120.720984">
        <ele>1272.0</ele>
        <time>2026-07-19T06:12:55Z</time>
      </trkpt>
      <trkpt lat="47.508107" lon="-120.720949">
        <ele>1271.0</ele>
        <time>2026-07-19T06:13:31Z</time>
      </trkpt>
      <trkpt lat="47.508169" lon="-120.720941">
        <ele>1272.0</ele>
        <time>2026-07-19T06:14:34Z</time>
      </trkpt>
      <trkpt lat="47.508200" lon="-120.720905">
        <ele>1270.0</ele>
        <time>2026-07-19T06:14:40Z</time>
      </trkpt>
      <trkpt lat="47.508247" lon="-120.720909">
        <ele>1270.0</ele>
        <time>2026-07-19T06:14:47Z</time>
      </trkpt>
      <trkpt lat="47.508293" lon="-120.720986">
        <ele>1269.0</ele>
        <time>2026-07-19T06:15:04Z</time>
      </trkpt>
      <trkpt lat="47.508351" lon="-120.721023">
        <ele>1267.0</ele>
        <time>2026-07-19T06:15:15Z</time>
      </trkpt>
      <trkpt lat="47.508432" lon="-120.721027">
        <ele>1264.0</ele>
        <time>2026-07-19T06:15:31Z</time>
      </trkpt>
      <trkpt lat="47.508504" lon="-120.721015">
        <ele>1260.0</ele>
        <time>2026-07-19T06:15:45Z</time>
      </trkpt>
      <trkpt lat="47.508624" lon="-120.720948">
        <ele>1255.0</ele>
        <time>2026-07-19T06:16:05Z</time>
      </trkpt>
      <trkpt lat="47.508649" lon="-120.720922">
        <ele>1255.0</ele>
        <time>2026-07-19T06:16:10Z</time>
      </trkpt>
      <trkpt lat="47.508745" lon="-120.720880">
        <ele>1253.0</ele>
        <time>2026-07-19T06:16:22Z</time>
      </trkpt>
      <trkpt lat="47.508885" lon="-120.720839">
        <ele>1252.0</ele>
        <time>2026-07-19T06:16:39Z</time>
      </trkpt>
      <trkpt lat="47.508936" lon="-120.720796">
        <ele>1251.0</ele>
        <time>2026-07-19T06:16:46Z</time>
      </trkpt>
      <trkpt lat="47.508970" lon="-120.720738">
        <ele>1249.0</ele>
        <time>2026-07-19T06:16:51Z</time>
      </trkpt>
      <trkpt lat="47.508994" lon="-120.720716">
        <ele>1246.0</ele>
        <time>2026-07-19T06:16:56Z</time>
      </trkpt>
      <trkpt lat="47.509039" lon="-120.720706">
        <ele>1248.0</ele>
        <time>2026-07-19T06:17:00Z</time>
      </trkpt>
      <trkpt lat="47.509077" lon="-120.720685">
        <ele>1249.0</ele>
        <time>2026-07-19T06:17:03Z</time>
      </trkpt>
      <trkpt lat="47.509085" lon="-120.720652">
        <ele>1248.0</ele>
        <time>2026-07-19T06:17:06Z</time>
      </trkpt>
      <trkpt lat="47.509164" lon="-120.720569">
        <ele>1251.0</ele>
        <time>2026-07-19T06:17:15Z</time>
      </trkpt>
      <trkpt lat="47.509263" lon="-120.720345">
        <ele>1246.0</ele>
        <time>2026-07-19T06:17:35Z</time>
      </trkpt>
      <trkpt lat="47.509292" lon="-120.720243">
        <ele>1245.0</ele>
        <time>2026-07-19T06:17:43Z</time>
      </trkpt>
      <trkpt lat="47.509392" lon="-120.720129">
        <ele>1244.0</ele>
        <time>2026-07-19T06:17:55Z</time>
      </trkpt>
      <trkpt lat="47.509498" lon="-120.719883">
        <ele>1239.0</ele>
        <time>2026-07-19T06:18:16Z</time>
      </trkpt>
      <trkpt lat="47.509545" lon="-120.719822">
        <ele>1239.0</ele>
        <time>2026-07-19T06:18:20Z</time>
      </trkpt>
      <trkpt lat="47.509603" lon="-120.719793">
        <ele>1240.0</ele>
        <time>2026-07-19T06:18:28Z</time>
      </trkpt>
      <trkpt lat="47.509754" lon="-120.719758">
        <ele>1240.0</ele>
        <time>2026-07-19T06:18:44Z</time>
      </trkpt>
      <trkpt lat="47.509799" lon="-120.719731">
        <ele>1242.0</ele>
        <time>2026-07-19T06:18:51Z</time>
      </trkpt>
      <trkpt lat="47.509831" lon="-120.719689">
        <ele>1240.0</ele>
        <time>2026-07-19T06:18:56Z</time>
      </trkpt>
      <trkpt lat="47.509832" lon="-120.719650">
        <ele>1240.0</ele>
        <time>2026-07-19T06:19:01Z</time>
      </trkpt>
      <trkpt lat="47.509917" lon="-120.719463">
        <ele>1235.0</ele>
        <time>2026-07-19T06:19:30Z</time>
      </trkpt>
      <trkpt lat="47.509962" lon="-120.719417">
        <ele>1238.0</ele>
        <time>2026-07-19T06:19:41Z</time>
      </trkpt>
      <trkpt lat="47.510048" lon="-120.719253">
        <ele>1236.0</ele>
        <time>2026-07-19T06:20:08Z</time>
      </trkpt>
      <trkpt lat="47.510099" lon="-120.719214">
        <ele>1232.0</ele>
        <time>2026-07-19T06:20:18Z</time>
      </trkpt>
      <trkpt lat="47.510098" lon="-120.719179">
        <ele>1232.0</ele>
        <time>2026-07-19T06:20:22Z</time>
      </trkpt>
      <trkpt lat="47.510127" lon="-120.719131">
        <ele>1231.6</ele>
        <time>2026-07-19T06:20:31Z</time>
      </trkpt>
      <trkpt lat="47.510209" lon="-120.719042">
        <ele>1229.0</ele>
        <time>2026-07-19T06:20:46Z</time>
      </trkpt>
      <trkpt lat="47.510314" lon="-120.719008">
        <ele>1225.0</ele>
        <time>2026-07-19T06:21:03Z</time>
      </trkpt>
      <trkpt lat="47.510341" lon="-120.718987">
        <ele>1225.0</ele>
        <time>2026-07-19T06:21:07Z</time>
      </trkpt>
      <trkpt lat="47.510376" lon="-120.718981">
        <ele>1225.0</ele>
        <time>2026-07-19T06:21:12Z</time>
      </trkpt>
      <trkpt lat="47.510407" lon="-120.718956">
        <ele>1224.0</ele>
        <time>2026-07-19T06:21:17Z</time>
      </trkpt>
      <trkpt lat="47.510434" lon="-120.718953">
        <ele>1224.0</ele>
        <time>2026-07-19T06:21:22Z</time>
      </trkpt>
      <trkpt lat="47.510788" lon="-120.718767">
        <ele>1210.0</ele>
        <time>2026-07-19T06:22:25Z</time>
      </trkpt>
      <trkpt lat="47.510916" lon="-120.718663">
        <ele>1209.0</ele>
        <time>2026-07-19T06:22:43Z</time>
      </trkpt>
      <trkpt lat="47.510947" lon="-120.718608">
        <ele>1208.0</ele>
        <time>2026-07-19T06:22:48Z</time>
      </trkpt>
      <trkpt lat="47.511065" lon="-120.718471">
        <ele>1205.0</ele>
        <time>2026-07-19T06:23:13Z</time>
      </trkpt>
      <trkpt lat="47.511127" lon="-120.718442">
        <ele>1205.0</ele>
        <time>2026-07-19T06:23:22Z</time>
      </trkpt>
      <trkpt lat="47.511154" lon="-120.718410">
        <ele>1206.0</ele>
        <time>2026-07-19T06:23:27Z</time>
      </trkpt>
      <trkpt lat="47.511224" lon="-120.718380">
        <ele>1208.0</ele>
        <time>2026-07-19T06:23:36Z</time>
      </trkpt>
      <trkpt lat="47.511329" lon="-120.718317">
        <ele>1206.0</ele>
        <time>2026-07-19T06:23:52Z</time>
      </trkpt>
      <trkpt lat="47.511366" lon="-120.718247">
        <ele>1206.0</ele>
        <time>2026-07-19T06:24:06Z</time>
      </trkpt>
      <trkpt lat="47.511477" lon="-120.718141">
        <ele>1200.0</ele>
        <time>2026-07-19T06:24:26Z</time>
      </trkpt>
      <trkpt lat="47.511458" lon="-120.718229">
        <ele>1197.0</ele>
        <time>2026-07-19T06:24:41Z</time>
      </trkpt>
      <trkpt lat="47.511379" lon="-120.718464">
        <ele>1192.0</ele>
        <time>2026-07-19T06:25:03Z</time>
      </trkpt>
      <trkpt lat="47.511306" lon="-120.718593">
        <ele>1190.0</ele>
        <time>2026-07-19T06:25:31Z</time>
      </trkpt>
      <trkpt lat="47.511397" lon="-120.718538">
        <ele>1190.0</ele>
        <time>2026-07-19T06:25:44Z</time>
      </trkpt>
      <trkpt lat="47.511506" lon="-120.718492">
        <ele>1191.0</ele>
        <time>2026-07-19T06:25:59Z</time>
      </trkpt>
      <trkpt lat="47.511558" lon="-120.718430">
        <ele>1191.0</ele>
        <time>2026-07-19T06:26:07Z</time>
      </trkpt>
      <trkpt lat="47.511605" lon="-120.718308">
        <ele>1188.0</ele>
        <time>2026-07-19T06:26:20Z</time>
      </trkpt>
      <trkpt lat="47.511684" lon="-120.718186">
        <ele>1185.0</ele>
        <time>2026-07-19T06:26:41Z</time>
      </trkpt>
      <trkpt lat="47.511756" lon="-120.718165">
        <ele>1186.0</ele>
        <time>2026-07-19T06:26:58Z</time>
      </trkpt>
      <trkpt lat="47.511787" lon="-120.718172">
        <ele>1188.0</ele>
        <time>2026-07-19T06:27:06Z</time>
      </trkpt>
      <trkpt lat="47.511875" lon="-120.718138">
        <ele>1188.0</ele>
        <time>2026-07-19T06:27:15Z</time>
      </trkpt>
      <trkpt lat="47.512030" lon="-120.718122">
        <ele>1183.0</ele>
        <time>2026-07-19T06:27:37Z</time>
      </trkpt>
      <trkpt lat="47.512125" lon="-120.718090">
        <ele>1180.0</ele>
        <time>2026-07-19T06:27:57Z</time>
      </trkpt>
      <trkpt lat="47.512152" lon="-120.718108">
        <ele>1184.0</ele>
        <time>2026-07-19T06:28:00Z</time>
      </trkpt>
      <trkpt lat="47.512278" lon="-120.718077">
        <ele>1174.0</ele>
        <time>2026-07-19T06:28:15Z</time>
      </trkpt>
      <trkpt lat="47.512332" lon="-120.718102">
        <ele>1165.0</ele>
        <time>2026-07-19T06:28:31Z</time>
      </trkpt>
      <trkpt lat="47.512024" lon="-120.718371">
        <ele>1164.0</ele>
        <time>2026-07-19T06:29:23Z</time>
      </trkpt>
      <trkpt lat="47.512080" lon="-120.718378">
        <ele>1166.0</ele>
        <time>2026-07-19T06:29:41Z</time>
      </trkpt>
      <trkpt lat="47.512147" lon="-120.718354">
        <ele>1164.0</ele>
        <time>2026-07-19T06:29:50Z</time>
      </trkpt>
      <trkpt lat="47.512245" lon="-120.718342">
        <ele>1161.0</ele>
        <time>2026-07-19T06:30:04Z</time>
      </trkpt>
      <trkpt lat="47.512315" lon="-120.718368">
        <ele>1154.0</ele>
        <time>2026-07-19T06:30:26Z</time>
      </trkpt>
      <trkpt lat="47.512295" lon="-120.718408">
        <ele>1160.0</ele>
        <time>2026-07-19T06:30:54Z</time>
      </trkpt>
      <trkpt lat="47.512185" lon="-120.718496">
        <ele>1155.0</ele>
        <time>2026-07-19T06:31:11Z</time>
      </trkpt>
      <trkpt lat="47.512172" lon="-120.718530">
        <ele>1152.0</ele>
        <time>2026-07-19T06:31:18Z</time>
      </trkpt>
      <trkpt lat="47.512232" lon="-120.718523">
        <ele>1154.0</ele>
        <time>2026-07-19T06:31:26Z</time>
      </trkpt>
      <trkpt lat="47.512264" lon="-120.718504">
        <ele>1153.0</ele>
        <time>2026-07-19T06:31:29Z</time>
      </trkpt>
      <trkpt lat="47.512439" lon="-120.718531">
        <ele>1150.0</ele>
        <time>2026-07-19T06:31:54Z</time>
      </trkpt>
      <trkpt lat="47.512503" lon="-120.718525">
        <ele>1140.0</ele>
        <time>2026-07-19T06:32:10Z</time>
      </trkpt>
      <trkpt lat="47.512520" lon="-120.718616">
        <ele>1140.0</ele>
        <time>2026-07-19T06:32:36Z</time>
      </trkpt>
      <trkpt lat="47.512483" lon="-120.718659">
        <ele>1140.0</ele>
        <time>2026-07-19T06:32:44Z</time>
      </trkpt>
      <trkpt lat="47.512393" lon="-120.718727">
        <ele>1138.0</ele>
        <time>2026-07-19T06:32:59Z</time>
      </trkpt>
      <trkpt lat="47.512431" lon="-120.718796">
        <ele>1136.0</ele>
        <time>2026-07-19T06:33:13Z</time>
      </trkpt>
      <trkpt lat="47.512530" lon="-120.718780">
        <ele>1136.0</ele>
        <time>2026-07-19T06:33:28Z</time>
      </trkpt>
      <trkpt lat="47.512580" lon="-120.718680">
        <ele>1136.0</ele>
        <time>2026-07-19T06:33:38Z</time>
      </trkpt>
      <trkpt lat="47.512604" lon="-120.718653">
        <ele>1134.0</ele>
        <time>2026-07-19T06:33:44Z</time>
      </trkpt>
      <trkpt lat="47.512605" lon="-120.718618">
        <ele>1140.0</ele>
        <time>2026-07-19T06:33:56Z</time>
      </trkpt>
      <trkpt lat="47.512656" lon="-120.718580">
        <ele>1135.0</ele>
        <time>2026-07-19T06:34:13Z</time>
      </trkpt>
      <trkpt lat="47.512761" lon="-120.718568">
        <ele>1137.0</ele>
        <time>2026-07-19T06:34:32Z</time>
      </trkpt>
      <trkpt lat="47.512790" lon="-120.718538">
        <ele>1138.0</ele>
        <time>2026-07-19T06:34:35Z</time>
      </trkpt>
      <trkpt lat="47.512808" lon="-120.718499">
        <ele>1137.0</ele>
        <time>2026-07-19T06:34:38Z</time>
      </trkpt>
      <trkpt lat="47.512840" lon="-120.718483">
        <ele>1138.0</ele>
        <time>2026-07-19T06:34:40Z</time>
      </trkpt>
      <trkpt lat="47.512882" lon="-120.718420">
        <ele>1137.0</ele>
        <time>2026-07-19T06:34:46Z</time>
      </trkpt>
      <trkpt lat="47.512883" lon="-120.718387">
        <ele>1136.0</ele>
        <time>2026-07-19T06:34:51Z</time>
      </trkpt>
      <trkpt lat="47.512851" lon="-120.718425">
        <ele>1134.0</ele>
        <time>2026-07-19T06:34:56Z</time>
      </trkpt>
      <trkpt lat="47.512861" lon="-120.718559">
        <ele>1132.0</ele>
        <time>2026-07-19T06:35:12Z</time>
      </trkpt>
      <trkpt lat="47.512820" lon="-120.718649">
        <ele>1128.0</ele>
        <time>2026-07-19T06:35:23Z</time>
      </trkpt>
      <trkpt lat="47.512833" lon="-120.718678">
        <ele>1125.0</ele>
        <time>2026-07-19T06:35:32Z</time>
      </trkpt>
      <trkpt lat="47.512938" lon="-120.718644">
        <ele>1125.0</ele>
        <time>2026-07-19T06:35:50Z</time>
      </trkpt>
      <trkpt lat="47.512943" lon="-120.718604">
        <ele>1126.0</ele>
        <time>2026-07-19T06:35:53Z</time>
      </trkpt>
      <trkpt lat="47.512999" lon="-120.718565">
        <ele>1128.0</ele>
        <time>2026-07-19T06:35:57Z</time>
      </trkpt>
      <trkpt lat="47.513030" lon="-120.718475">
        <ele>1128.0</ele>
        <time>2026-07-19T06:36:03Z</time>
      </trkpt>
      <trkpt lat="47.513022" lon="-120.718432">
        <ele>1128.0</ele>
        <time>2026-07-19T06:36:06Z</time>
      </trkpt>
      <trkpt lat="47.513046" lon="-120.718406">
        <ele>1128.0</ele>
        <time>2026-07-19T06:36:11Z</time>
      </trkpt>
      <trkpt lat="47.513086" lon="-120.718414">
        <ele>1128.0</ele>
        <time>2026-07-19T06:36:16Z</time>
      </trkpt>
      <trkpt lat="47.513096" lon="-120.718458">
        <ele>1126.0</ele>
        <time>2026-07-19T06:36:20Z</time>
      </trkpt>
      <trkpt lat="47.513069" lon="-120.718560">
        <ele>1122.0</ele>
        <time>2026-07-19T06:36:31Z</time>
      </trkpt>
      <trkpt lat="47.513084" lon="-120.718600">
        <ele>1120.0</ele>
        <time>2026-07-19T06:36:36Z</time>
      </trkpt>
      <trkpt lat="47.513084" lon="-120.718663">
        <ele>1113.0</ele>
        <time>2026-07-19T06:36:44Z</time>
      </trkpt>
      <trkpt lat="47.513012" lon="-120.718863">
        <ele>1104.0</ele>
        <time>2026-07-19T06:37:02Z</time>
      </trkpt>
      <trkpt lat="47.513068" lon="-120.718792">
        <ele>1110.0</ele>
        <time>2026-07-19T06:37:15Z</time>
      </trkpt>
      <trkpt lat="47.513126" lon="-120.718750">
        <ele>1112.0</ele>
        <time>2026-07-19T06:37:21Z</time>
      </trkpt>
      <trkpt lat="47.513160" lon="-120.718691">
        <ele>1112.0</ele>
        <time>2026-07-19T06:37:28Z</time>
      </trkpt>
      <trkpt lat="47.513318" lon="-120.718536">
        <ele>1113.0</ele>
        <time>2026-07-19T06:37:44Z</time>
      </trkpt>
      <trkpt lat="47.513406" lon="-120.718501">
        <ele>1105.0</ele>
        <time>2026-07-19T06:38:06Z</time>
      </trkpt>
      <trkpt lat="47.513515" lon="-120.718552">
        <ele>1100.0</ele>
        <time>2026-07-19T06:38:23Z</time>
      </trkpt>
      <trkpt lat="47.513561" lon="-120.718538">
        <ele>1101.0</ele>
        <time>2026-07-19T06:38:30Z</time>
      </trkpt>
      <trkpt lat="47.513671" lon="-120.718577">
        <ele>1098.0</ele>
        <time>2026-07-19T06:38:56Z</time>
      </trkpt>
      <trkpt lat="47.513825" lon="-120.718577">
        <ele>1095.0</ele>
        <time>2026-07-19T06:39:14Z</time>
      </trkpt>
      <trkpt lat="47.513866" lon="-120.718571">
        <ele>1094.0</ele>
        <time>2026-07-19T06:39:18Z</time>
      </trkpt>
      <trkpt lat="47.513962" lon="-120.718536">
        <ele>1092.0</ele>
        <time>2026-07-19T06:39:29Z</time>
      </trkpt>
      <trkpt lat="47.514029" lon="-120.718540">
        <ele>1086.0</ele>
        <time>2026-07-19T06:39:40Z</time>
      </trkpt>
      <trkpt lat="47.514229" lon="-120.718479">
        <ele>1084.0</ele>
        <time>2026-07-19T06:40:05Z</time>
      </trkpt>
      <trkpt lat="47.514262" lon="-120.718456">
        <ele>1084.0</ele>
        <time>2026-07-19T06:40:14Z</time>
      </trkpt>
      <trkpt lat="47.514305" lon="-120.718456">
        <ele>1085.0</ele>
        <time>2026-07-19T06:40:18Z</time>
      </trkpt>
      <trkpt lat="47.514344" lon="-120.718444">
        <ele>1084.0</ele>
        <time>2026-07-19T06:40:23Z</time>
      </trkpt>
      <trkpt lat="47.514416" lon="-120.718461">
        <ele>1085.0</ele>
        <time>2026-07-19T06:40:31Z</time>
      </trkpt>
      <trkpt lat="47.514446" lon="-120.718458">
        <ele>1082.0</ele>
        <time>2026-07-19T06:40:35Z</time>
      </trkpt>
      <trkpt lat="47.514490" lon="-120.718432">
        <ele>1083.0</ele>
        <time>2026-07-19T06:40:39Z</time>
      </trkpt>
      <trkpt lat="47.514572" lon="-120.718434">
        <ele>1083.0</ele>
        <time>2026-07-19T06:40:53Z</time>
      </trkpt>
      <trkpt lat="47.514575" lon="-120.718453">
        <ele>1081.0</ele>
        <time>2026-07-19T06:40:56Z</time>
      </trkpt>
      <trkpt lat="47.514433" lon="-120.718530">
        <ele>1074.0</ele>
        <time>2026-07-19T06:41:19Z</time>
      </trkpt>
      <trkpt lat="47.514347" lon="-120.718588">
        <ele>1076.0</ele>
        <time>2026-07-19T06:41:36Z</time>
      </trkpt>
      <trkpt lat="47.514271" lon="-120.718661">
        <ele>1074.0</ele>
        <time>2026-07-19T06:41:49Z</time>
      </trkpt>
      <trkpt lat="47.514141" lon="-120.718896">
        <ele>1070.0</ele>
        <time>2026-07-19T06:42:25Z</time>
      </trkpt>
      <trkpt lat="47.513942" lon="-120.719022">
        <ele>1068.0</ele>
        <time>2026-07-19T06:42:50Z</time>
      </trkpt>
      <trkpt lat="47.513899" lon="-120.719110">
        <ele>1066.0</ele>
        <time>2026-07-19T06:43:01Z</time>
      </trkpt>
      <trkpt lat="47.513916" lon="-120.719137">
        <ele>1065.0</ele>
        <time>2026-07-19T06:43:07Z</time>
      </trkpt>
      <trkpt lat="47.513876" lon="-120.719206">
        <ele>1064.0</ele>
        <time>2026-07-19T06:43:12Z</time>
      </trkpt>
      <trkpt lat="47.513836" lon="-120.719241">
        <ele>1065.0</ele>
        <time>2026-07-19T06:43:14Z</time>
      </trkpt>
      <trkpt lat="47.513841" lon="-120.719335">
        <ele>1065.0</ele>
        <time>2026-07-19T06:43:19Z</time>
      </trkpt>
      <trkpt lat="47.513808" lon="-120.719396">
        <ele>1062.0</ele>
        <time>2026-07-19T06:43:23Z</time>
      </trkpt>
      <trkpt lat="47.513799" lon="-120.719476">
        <ele>1062.0</ele>
        <time>2026-07-19T06:43:28Z</time>
      </trkpt>
      <trkpt lat="47.513761" lon="-120.719580">
        <ele>1062.0</ele>
        <time>2026-07-19T06:43:36Z</time>
      </trkpt>
      <trkpt lat="47.513761" lon="-120.719625">
        <ele>1062.0</ele>
        <time>2026-07-19T06:43:39Z</time>
      </trkpt>
      <trkpt lat="47.513794" lon="-120.719645">
        <ele>1061.0</ele>
        <time>2026-07-19T06:43:45Z</time>
      </trkpt>
      <trkpt lat="47.513880" lon="-120.719542">
        <ele>1063.5</ele>
        <time>2026-07-19T06:43:55Z</time>
      </trkpt>
      <trkpt lat="47.513907" lon="-120.719473">
        <ele>1062.0</ele>
        <time>2026-07-19T06:43:59Z</time>
      </trkpt>
      <trkpt lat="47.513958" lon="-120.719446">
        <ele>1064.0</ele>
        <time>2026-07-19T06:44:04Z</time>
      </trkpt>
      <trkpt lat="47.514015" lon="-120.719350">
        <ele>1063.0</ele>
        <time>2026-07-19T06:44:13Z</time>
      </trkpt>
      <trkpt lat="47.514080" lon="-120.719282">
        <ele>1060.0</ele>
        <time>2026-07-19T06:44:23Z</time>
      </trkpt>
      <trkpt lat="47.514132" lon="-120.719253">
        <ele>1062.0</ele>
        <time>2026-07-19T06:44:31Z</time>
      </trkpt>
      <trkpt lat="47.514164" lon="-120.719265">
        <ele>1058.0</ele>
        <time>2026-07-19T06:44:37Z</time>
      </trkpt>
      <trkpt lat="47.514197" lon="-120.719264">
        <ele>1059.0</ele>
        <time>2026-07-19T06:44:42Z</time>
      </trkpt>
      <trkpt lat="47.514207" lon="-120.719288">
        <ele>1055.0</ele>
        <time>2026-07-19T06:44:49Z</time>
      </trkpt>
      <trkpt lat="47.514263" lon="-120.719280">
        <ele>1056.0</ele>
        <time>2026-07-19T06:44:59Z</time>
      </trkpt>
      <trkpt lat="47.514384" lon="-120.719381">
        <ele>1052.0</ele>
        <time>2026-07-19T06:45:13Z</time>
      </trkpt>
      <trkpt lat="47.514414" lon="-120.719440">
        <ele>1051.0</ele>
        <time>2026-07-19T06:45:22Z</time>
      </trkpt>
      <trkpt lat="47.514473" lon="-120.719480">
        <ele>1050.0</ele>
        <time>2026-07-19T06:45:31Z</time>
      </trkpt>
      <trkpt lat="47.514545" lon="-120.719471">
        <ele>1053.0</ele>
        <time>2026-07-19T06:45:37Z</time>
      </trkpt>
      <trkpt lat="47.514615" lon="-120.719482">
        <ele>1053.0</ele>
        <time>2026-07-19T06:45:42Z</time>
      </trkpt>
      <trkpt lat="47.514653" lon="-120.719463">
        <ele>1050.0</ele>
        <time>2026-07-19T06:45:45Z</time>
      </trkpt>
      <trkpt lat="47.514721" lon="-120.719476">
        <ele>1051.0</ele>
        <time>2026-07-19T06:45:55Z</time>
      </trkpt>
      <trkpt lat="47.514749" lon="-120.719471">
        <ele>1049.0</ele>
        <time>2026-07-19T06:46:00Z</time>
      </trkpt>
      <trkpt lat="47.514816" lon="-120.719497">
        <ele>1050.0</ele>
        <time>2026-07-19T06:46:10Z</time>
      </trkpt>
      <trkpt lat="47.514848" lon="-120.719499">
        <ele>1048.0</ele>
        <time>2026-07-19T06:46:14Z</time>
      </trkpt>
      <trkpt lat="47.514883" lon="-120.719484">
        <ele>1046.0</ele>
        <time>2026-07-19T06:46:18Z</time>
      </trkpt>
      <trkpt lat="47.514976" lon="-120.719515">
        <ele>1044.0</ele>
        <time>2026-07-19T06:46:30Z</time>
      </trkpt>
      <trkpt lat="47.515080" lon="-120.719503">
        <ele>1043.0</ele>
        <time>2026-07-19T06:46:42Z</time>
      </trkpt>
      <trkpt lat="47.515136" lon="-120.719460">
        <ele>1040.0</ele>
        <time>2026-07-19T06:46:46Z</time>
      </trkpt>
      <trkpt lat="47.515195" lon="-120.719499">
        <ele>1038.0</ele>
        <time>2026-07-19T06:46:53Z</time>
      </trkpt>
      <trkpt lat="47.515232" lon="-120.719480">
        <ele>1038.0</ele>
        <time>2026-07-19T06:46:56Z</time>
      </trkpt>
      <trkpt lat="47.515270" lon="-120.719412">
        <ele>1037.0</ele>
        <time>2026-07-19T06:47:00Z</time>
      </trkpt>
      <trkpt lat="47.515306" lon="-120.719395">
        <ele>1032.0</ele>
        <time>2026-07-19T06:47:04Z</time>
      </trkpt>
      <trkpt lat="47.515341" lon="-120.719422">
        <ele>1035.0</ele>
        <time>2026-07-19T06:47:08Z</time>
      </trkpt>
      <trkpt lat="47.515372" lon="-120.719409">
        <ele>1036.0</ele>
        <time>2026-07-19T06:47:11Z</time>
      </trkpt>
      <trkpt lat="47.515490" lon="-120.719323">
        <ele>1032.0</ele>
        <time>2026-07-19T06:47:21Z</time>
      </trkpt>
      <trkpt lat="47.515513" lon="-120.719296">
        <ele>1030.0</ele>
        <time>2026-07-19T06:47:25Z</time>
      </trkpt>
      <trkpt lat="47.515553" lon="-120.719301">
        <ele>1033.9</ele>
        <time>2026-07-19T06:47:33Z</time>
      </trkpt>
      <trkpt lat="47.515601" lon="-120.719226">
        <ele>1028.0</ele>
        <time>2026-07-19T06:47:47Z</time>
      </trkpt>
      <trkpt lat="47.515693" lon="-120.719167">
        <ele>1028.0</ele>
        <time>2026-07-19T06:48:00Z</time>
      </trkpt>
      <trkpt lat="47.515804" lon="-120.719141">
        <ele>1023.0</ele>
        <time>2026-07-19T06:51:04Z</time>
      </trkpt>
      <trkpt lat="47.515901" lon="-120.719134">
        <ele>1008.0</ele>
        <time>2026-07-19T06:51:36Z</time>
      </trkpt>
      <trkpt lat="47.515905" lon="-120.719172">
        <ele>1016.0</ele>
        <time>2026-07-19T06:51:48Z</time>
      </trkpt>
      <trkpt lat="47.515855" lon="-120.719203">
        <ele>1020.0</ele>
        <time>2026-07-19T06:51:58Z</time>
      </trkpt>
      <trkpt lat="47.515810" lon="-120.719259">
        <ele>1020.0</ele>
        <time>2026-07-19T06:52:04Z</time>
      </trkpt>
      <trkpt lat="47.515775" lon="-120.719330">
        <ele>1018.0</ele>
        <time>2026-07-19T06:52:12Z</time>
      </trkpt>
      <trkpt lat="47.515743" lon="-120.719523">
        <ele>1016.0</ele>
        <time>2026-07-19T06:52:34Z</time>
      </trkpt>
      <trkpt lat="47.515694" lon="-120.719679">
        <ele>1012.0</ele>
        <time>2026-07-19T06:52:52Z</time>
      </trkpt>
      <trkpt lat="47.515704" lon="-120.719752">
        <ele>1012.0</ele>
        <time>2026-07-19T06:52:59Z</time>
      </trkpt>
      <trkpt lat="47.515732" lon="-120.719756">
        <ele>1013.0</ele>
        <time>2026-07-19T06:53:01Z</time>
      </trkpt>
      <trkpt lat="47.515765" lon="-120.719710">
        <ele>1014.0</ele>
        <time>2026-07-19T06:53:07Z</time>
      </trkpt>
      <trkpt lat="47.515818" lon="-120.719671">
        <ele>1012.0</ele>
        <time>2026-07-19T06:53:13Z</time>
      </trkpt>
      <trkpt lat="47.515867" lon="-120.719603">
        <ele>1008.0</ele>
        <time>2026-07-19T06:53:22Z</time>
      </trkpt>
      <trkpt lat="47.515994" lon="-120.719562">
        <ele>1006.0</ele>
        <time>2026-07-19T06:53:43Z</time>
      </trkpt>
      <trkpt lat="47.515970" lon="-120.719592">
        <ele>1005.5</ele>
        <time>2026-07-19T06:53:51Z</time>
      </trkpt>
      <trkpt lat="47.515933" lon="-120.719684">
        <ele>1002.0</ele>
        <time>2026-07-19T06:53:58Z</time>
      </trkpt>
      <trkpt lat="47.515890" lon="-120.719743">
        <ele>1004.0</ele>
        <time>2026-07-19T06:54:08Z</time>
      </trkpt>
      <trkpt lat="47.515846" lon="-120.719849">
        <ele>1003.0</ele>
        <time>2026-07-19T06:54:17Z</time>
      </trkpt>
      <trkpt lat="47.515851" lon="-120.719882">
        <ele>1003.0</ele>
        <time>2026-07-19T06:54:20Z</time>
      </trkpt>
      <trkpt lat="47.515838" lon="-120.719960">
        <ele>1000.0</ele>
        <time>2026-07-19T06:54:25Z</time>
      </trkpt>
      <trkpt lat="47.515895" lon="-120.719982">
        <ele>1002.0</ele>
        <time>2026-07-19T06:54:32Z</time>
      </trkpt>
      <trkpt lat="47.515988" lon="-120.719940">
        <ele>1004.2</ele>
        <time>2026-07-19T06:54:41Z</time>
      </trkpt>
      <trkpt lat="47.516115" lon="-120.719843">
        <ele>992.0</ele>
        <time>2026-07-19T06:54:55Z</time>
      </trkpt>
      <trkpt lat="47.516145" lon="-120.719851">
        <ele>996.0</ele>
        <time>2026-07-19T06:55:01Z</time>
      </trkpt>
      <trkpt lat="47.516196" lon="-120.719895">
        <ele>992.0</ele>
        <time>2026-07-19T06:55:06Z</time>
      </trkpt>
      <trkpt lat="47.516182" lon="-120.719932">
        <ele>996.0</ele>
        <time>2026-07-19T06:55:10Z</time>
      </trkpt>
      <trkpt lat="47.516208" lon="-120.719910">
        <ele>996.0</ele>
        <time>2026-07-19T06:55:14Z</time>
      </trkpt>
      <trkpt lat="47.516330" lon="-120.719922">
        <ele>994.0</ele>
        <time>2026-07-19T06:55:26Z</time>
      </trkpt>
      <trkpt lat="47.516498" lon="-120.719805">
        <ele>988.0</ele>
        <time>2026-07-19T06:55:47Z</time>
      </trkpt>
      <trkpt lat="47.516608" lon="-120.719769">
        <ele>986.0</ele>
        <time>2026-07-19T06:55:55Z</time>
      </trkpt>
      <trkpt lat="47.516654" lon="-120.719718">
        <ele>981.0</ele>
        <time>2026-07-19T06:56:07Z</time>
      </trkpt>
      <trkpt lat="47.516694" lon="-120.719692">
        <ele>980.0</ele>
        <time>2026-07-19T06:56:13Z</time>
      </trkpt>
      <trkpt lat="47.516740" lon="-120.719592">
        <ele>980.0</ele>
        <time>2026-07-19T06:56:22Z</time>
      </trkpt>
      <trkpt lat="47.516823" lon="-120.719527">
        <ele>978.0</ele>
        <time>2026-07-19T06:56:35Z</time>
      </trkpt>
      <trkpt lat="47.516891" lon="-120.719497">
        <ele>983.0</ele>
        <time>2026-07-19T06:56:43Z</time>
      </trkpt>
      <trkpt lat="47.516946" lon="-120.719388">
        <ele>984.0</ele>
        <time>2026-07-19T06:56:51Z</time>
      </trkpt>
      <trkpt lat="47.516965" lon="-120.719317">
        <ele>983.0</ele>
        <time>2026-07-19T06:56:56Z</time>
      </trkpt>
      <trkpt lat="47.517062" lon="-120.719164">
        <ele>980.0</ele>
        <time>2026-07-19T06:57:14Z</time>
      </trkpt>
      <trkpt lat="47.517082" lon="-120.719205">
        <ele>981.0</ele>
        <time>2026-07-19T06:57:20Z</time>
      </trkpt>
      <trkpt lat="47.517119" lon="-120.719237">
        <ele>980.0</ele>
        <time>2026-07-19T06:57:23Z</time>
      </trkpt>
      <trkpt lat="47.517191" lon="-120.719274">
        <ele>980.0</ele>
        <time>2026-07-19T06:57:28Z</time>
      </trkpt>
      <trkpt lat="47.517289" lon="-120.719277">
        <ele>978.0</ele>
        <time>2026-07-19T06:57:38Z</time>
      </trkpt>
      <trkpt lat="47.517319" lon="-120.719258">
        <ele>977.0</ele>
        <time>2026-07-19T06:57:41Z</time>
      </trkpt>
      <trkpt lat="47.517343" lon="-120.719213">
        <ele>976.0</ele>
        <time>2026-07-19T06:57:43Z</time>
      </trkpt>
      <trkpt lat="47.517372" lon="-120.719194">
        <ele>975.0</ele>
        <time>2026-07-19T06:57:46Z</time>
      </trkpt>
      <trkpt lat="47.517494" lon="-120.719176">
        <ele>975.0</ele>
        <time>2026-07-19T06:57:56Z</time>
      </trkpt>
      <trkpt lat="47.517525" lon="-120.719143">
        <ele>976.0</ele>
        <time>2026-07-19T06:58:02Z</time>
      </trkpt>
      <trkpt lat="47.517620" lon="-120.719093">
        <ele>975.0</ele>
        <time>2026-07-19T06:58:11Z</time>
      </trkpt>
      <trkpt lat="47.517671" lon="-120.719090">
        <ele>972.0</ele>
        <time>2026-07-19T06:58:15Z</time>
      </trkpt>
      <trkpt lat="47.517769" lon="-120.719000">
        <ele>976.0</ele>
        <time>2026-07-19T06:58:25Z</time>
      </trkpt>
      <trkpt lat="47.517911" lon="-120.718896">
        <ele>973.0</ele>
        <time>2026-07-19T06:58:42Z</time>
      </trkpt>
      <trkpt lat="47.517944" lon="-120.718886">
        <ele>975.0</ele>
        <time>2026-07-19T06:58:47Z</time>
      </trkpt>
      <trkpt lat="47.517985" lon="-120.718825">
        <ele>974.0</ele>
        <time>2026-07-19T06:58:52Z</time>
      </trkpt>
      <trkpt lat="47.517997" lon="-120.718788">
        <ele>972.9</ele>
        <time>2026-07-19T06:58:56Z</time>
      </trkpt>
      <trkpt lat="47.518061" lon="-120.718751">
        <ele>972.0</ele>
        <time>2026-07-19T06:59:00Z</time>
      </trkpt>
      <trkpt lat="47.518133" lon="-120.718693">
        <ele>969.0</ele>
        <time>2026-07-19T06:59:10Z</time>
      </trkpt>
      <trkpt lat="47.518169" lon="-120.718706">
        <ele>970.0</ele>
        <time>2026-07-19T06:59:16Z</time>
      </trkpt>
      <trkpt lat="47.518251" lon="-120.718682">
        <ele>966.0</ele>
        <time>2026-07-19T06:59:25Z</time>
      </trkpt>
      <trkpt lat="47.518271" lon="-120.718646">
        <ele>970.0</ele>
        <time>2026-07-19T06:59:29Z</time>
      </trkpt>
      <trkpt lat="47.518313" lon="-120.718611">
        <ele>968.0</ele>
        <time>2026-07-19T06:59:39Z</time>
      </trkpt>
      <trkpt lat="47.518329" lon="-120.718585">
        <ele>968.2</ele>
        <time>2026-07-19T06:59:42Z</time>
      </trkpt>
      <trkpt lat="47.518350" lon="-120.718580">
        <ele>967.0</ele>
        <time>2026-07-19T06:59:44Z</time>
      </trkpt>
      <trkpt lat="47.518391" lon="-120.718464">
        <ele>966.0</ele>
        <time>2026-07-19T06:59:52Z</time>
      </trkpt>
      <trkpt lat="47.518434" lon="-120.718409">
        <ele>966.0</ele>
        <time>2026-07-19T06:59:58Z</time>
      </trkpt>
      <trkpt lat="47.518457" lon="-120.718291">
        <ele>968.0</ele>
        <time>2026-07-19T07:00:10Z</time>
      </trkpt>
      <trkpt lat="47.518587" lon="-120.718152">
        <ele>968.0</ele>
        <time>2026-07-19T07:00:26Z</time>
      </trkpt>
      <trkpt lat="47.518593" lon="-120.718097">
        <ele>968.0</ele>
        <time>2026-07-19T07:00:34Z</time>
      </trkpt>
      <trkpt lat="47.518630" lon="-120.718059">
        <ele>970.5</ele>
        <time>2026-07-19T07:00:40Z</time>
      </trkpt>
      <trkpt lat="47.518762" lon="-120.717995">
        <ele>967.0</ele>
        <time>2026-07-19T07:00:56Z</time>
      </trkpt>
      <trkpt lat="47.518897" lon="-120.718048">
        <ele>966.0</ele>
        <time>2026-07-19T07:01:13Z</time>
      </trkpt>
      <trkpt lat="47.518979" lon="-120.718057">
        <ele>963.0</ele>
        <time>2026-07-19T07:01:21Z</time>
      </trkpt>
      <trkpt lat="47.519066" lon="-120.718036">
        <ele>960.0</ele>
        <time>2026-07-19T07:01:28Z</time>
      </trkpt>
      <trkpt lat="47.519156" lon="-120.718037">
        <ele>957.0</ele>
        <time>2026-07-19T07:01:40Z</time>
      </trkpt>
      <trkpt lat="47.519248" lon="-120.717999">
        <ele>950.0</ele>
        <time>2026-07-19T07:01:54Z</time>
      </trkpt>
      <trkpt lat="47.519315" lon="-120.717991">
        <ele>952.0</ele>
        <time>2026-07-19T07:02:00Z</time>
      </trkpt>
      <trkpt lat="47.519444" lon="-120.717928">
        <ele>950.0</ele>
        <time>2026-07-19T07:02:13Z</time>
      </trkpt>
      <trkpt lat="47.519511" lon="-120.717924">
        <ele>947.0</ele>
        <time>2026-07-19T07:02:24Z</time>
      </trkpt>
      <trkpt lat="47.519582" lon="-120.717937">
        <ele>942.0</ele>
        <time>2026-07-19T07:02:33Z</time>
      </trkpt>
      <trkpt lat="47.519663" lon="-120.717911">
        <ele>942.0</ele>
        <time>2026-07-19T07:02:41Z</time>
      </trkpt>
      <trkpt lat="47.519753" lon="-120.717870">
        <ele>936.0</ele>
        <time>2026-07-19T07:02:54Z</time>
      </trkpt>
      <trkpt lat="47.519782" lon="-120.717847">
        <ele>936.0</ele>
        <time>2026-07-19T07:03:02Z</time>
      </trkpt>
      <trkpt lat="47.519831" lon="-120.717840">
        <ele>938.0</ele>
        <time>2026-07-19T07:03:13Z</time>
      </trkpt>
      <trkpt lat="47.520029" lon="-120.717759">
        <ele>930.0</ele>
        <time>2026-07-19T07:03:42Z</time>
      </trkpt>
      <trkpt lat="47.520065" lon="-120.717756">
        <ele>937.0</ele>
        <time>2026-07-19T07:03:52Z</time>
      </trkpt>
      <trkpt lat="47.520074" lon="-120.717653">
        <ele>938.0</ele>
        <time>2026-07-19T07:04:02Z</time>
      </trkpt>
      <trkpt lat="47.520097" lon="-120.717600">
        <ele>936.0</ele>
        <time>2026-07-19T07:04:09Z</time>
      </trkpt>
      <trkpt lat="47.520191" lon="-120.717482">
        <ele>936.0</ele>
        <time>2026-07-19T07:04:29Z</time>
      </trkpt>
      <trkpt lat="47.520209" lon="-120.717417">
        <ele>936.0</ele>
        <time>2026-07-19T07:04:37Z</time>
      </trkpt>
      <trkpt lat="47.520256" lon="-120.717341">
        <ele>934.0</ele>
        <time>2026-07-19T07:04:51Z</time>
      </trkpt>
      <trkpt lat="47.520289" lon="-120.717300">
        <ele>930.0</ele>
        <time>2026-07-19T07:04:58Z</time>
      </trkpt>
      <trkpt lat="47.520325" lon="-120.717288">
        <ele>928.0</ele>
        <time>2026-07-19T07:05:05Z</time>
      </trkpt>
      <trkpt lat="47.520345" lon="-120.717217">
        <ele>931.0</ele>
        <time>2026-07-19T07:05:15Z</time>
      </trkpt>
      <trkpt lat="47.520438" lon="-120.717185">
        <ele>930.0</ele>
        <time>2026-07-19T07:05:28Z</time>
      </trkpt>
      <trkpt lat="47.520516" lon="-120.717186">
        <ele>930.0</ele>
        <time>2026-07-19T07:05:41Z</time>
      </trkpt>
      <trkpt lat="47.520586" lon="-120.717150">
        <ele>912.0</ele>
        <time>2026-07-19T07:06:00Z</time>
      </trkpt>
      <trkpt lat="47.520604" lon="-120.717186">
        <ele>925.0</ele>
        <time>2026-07-19T07:06:12Z</time>
      </trkpt>
      <trkpt lat="47.520574" lon="-120.717240">
        <ele>925.0</ele>
        <time>2026-07-19T07:06:19Z</time>
      </trkpt>
      <trkpt lat="47.520526" lon="-120.717280">
        <ele>925.0</ele>
        <time>2026-07-19T07:06:28Z</time>
      </trkpt>
      <trkpt lat="47.520508" lon="-120.717327">
        <ele>925.0</ele>
        <time>2026-07-19T07:06:32Z</time>
      </trkpt>
      <trkpt lat="47.520424" lon="-120.717429">
        <ele>925.0</ele>
        <time>2026-07-19T07:06:44Z</time>
      </trkpt>
      <trkpt lat="47.520398" lon="-120.717532">
        <ele>924.0</ele>
        <time>2026-07-19T07:06:56Z</time>
      </trkpt>
      <trkpt lat="47.520445" lon="-120.717509">
        <ele>925.0</ele>
        <time>2026-07-19T07:07:03Z</time>
      </trkpt>
      <trkpt lat="47.520591" lon="-120.717479">
        <ele>920.0</ele>
        <time>2026-07-19T07:07:22Z</time>
      </trkpt>
      <trkpt lat="47.520699" lon="-120.717475">
        <ele>917.0</ele>
        <time>2026-07-19T07:07:44Z</time>
      </trkpt>
      <trkpt lat="47.520758" lon="-120.717457">
        <ele>918.0</ele>
        <time>2026-07-19T07:08:00Z</time>
      </trkpt>
      <trkpt lat="47.520769" lon="-120.717517">
        <ele>918.0</ele>
        <time>2026-07-19T07:08:12Z</time>
      </trkpt>
      <trkpt lat="47.520664" lon="-120.717663">
        <ele>918.0</ele>
        <time>2026-07-19T07:08:30Z</time>
      </trkpt>
      <trkpt lat="47.520611" lon="-120.717758">
        <ele>918.0</ele>
        <time>2026-07-19T07:08:40Z</time>
      </trkpt>
      <trkpt lat="47.520589" lon="-120.717828">
        <ele>917.0</ele>
        <time>2026-07-19T07:08:46Z</time>
      </trkpt>
      <trkpt lat="47.520620" lon="-120.717850">
        <ele>916.0</ele>
        <time>2026-07-19T07:08:50Z</time>
      </trkpt>
      <trkpt lat="47.520645" lon="-120.717816">
        <ele>918.0</ele>
        <time>2026-07-19T07:08:54Z</time>
      </trkpt>
      <trkpt lat="47.520701" lon="-120.717794">
        <ele>920.5</ele>
        <time>2026-07-19T07:09:01Z</time>
      </trkpt>
      <trkpt lat="47.520724" lon="-120.717795">
        <ele>919.0</ele>
        <time>2026-07-19T07:09:03Z</time>
      </trkpt>
      <trkpt lat="47.520769" lon="-120.717719">
        <ele>915.0</ele>
        <time>2026-07-19T07:09:13Z</time>
      </trkpt>
      <trkpt lat="47.520812" lon="-120.717669">
        <ele>915.0</ele>
        <time>2026-07-19T07:09:19Z</time>
      </trkpt>
      <trkpt lat="47.520902" lon="-120.717621">
        <ele>914.0</ele>
        <time>2026-07-19T07:09:28Z</time>
      </trkpt>
      <trkpt lat="47.521034" lon="-120.717594">
        <ele>911.0</ele>
        <time>2026-07-19T07:09:47Z</time>
      </trkpt>
      <trkpt lat="47.521086" lon="-120.717556">
        <ele>912.0</ele>
        <time>2026-07-19T07:09:54Z</time>
      </trkpt>
      <trkpt lat="47.521160" lon="-120.717535">
        <ele>908.0</ele>
        <time>2026-07-19T07:10:03Z</time>
      </trkpt>
      <trkpt lat="47.521227" lon="-120.717555">
        <ele>903.0</ele>
        <time>2026-07-19T07:10:13Z</time>
      </trkpt>
      <trkpt lat="47.521252" lon="-120.717514">
        <ele>904.0</ele>
        <time>2026-07-19T07:10:20Z</time>
      </trkpt>
      <trkpt lat="47.521313" lon="-120.717538">
        <ele>908.0</ele>
        <time>2026-07-19T07:10:29Z</time>
      </trkpt>
      <trkpt lat="47.521353" lon="-120.717539">
        <ele>906.0</ele>
        <time>2026-07-19T07:10:33Z</time>
      </trkpt>
      <trkpt lat="47.521390" lon="-120.717515">
        <ele>906.0</ele>
        <time>2026-07-19T07:10:43Z</time>
      </trkpt>
      <trkpt lat="47.521526" lon="-120.717525">
        <ele>903.0</ele>
        <time>2026-07-19T07:11:10Z</time>
      </trkpt>
      <trkpt lat="47.521595" lon="-120.717610">
        <ele>904.0</ele>
        <time>2026-07-19T07:11:21Z</time>
      </trkpt>
      <trkpt lat="47.521664" lon="-120.717643">
        <ele>902.0</ele>
        <time>2026-07-19T07:11:32Z</time>
      </trkpt>
      <trkpt lat="47.521671" lon="-120.717681">
        <ele>904.2</ele>
        <time>2026-07-19T07:11:37Z</time>
      </trkpt>
      <trkpt lat="47.521772" lon="-120.717780">
        <ele>900.0</ele>
        <time>2026-07-19T07:12:03Z</time>
      </trkpt>
      <trkpt lat="47.521792" lon="-120.717812">
        <ele>902.0</ele>
        <time>2026-07-19T07:12:09Z</time>
      </trkpt>
      <trkpt lat="47.521770" lon="-120.717839">
        <ele>900.0</ele>
        <time>2026-07-19T07:12:13Z</time>
      </trkpt>
      <trkpt lat="47.521714" lon="-120.717852">
        <ele>900.0</ele>
        <time>2026-07-19T07:12:22Z</time>
      </trkpt>
      <trkpt lat="47.521607" lon="-120.717858">
        <ele>896.0</ele>
        <time>2026-07-19T07:12:37Z</time>
      </trkpt>
      <trkpt lat="47.521612" lon="-120.717891">
        <ele>896.0</ele>
        <time>2026-07-19T07:12:43Z</time>
      </trkpt>
      <trkpt lat="47.521593" lon="-120.717955">
        <ele>898.0</ele>
        <time>2026-07-19T07:12:50Z</time>
      </trkpt>
      <trkpt lat="47.521617" lon="-120.718046">
        <ele>896.0</ele>
        <time>2026-07-19T07:13:10Z</time>
      </trkpt>
      <trkpt lat="47.521646" lon="-120.718080">
        <ele>896.0</ele>
        <time>2026-07-19T07:13:14Z</time>
      </trkpt>
      <trkpt lat="47.521689" lon="-120.718102">
        <ele>895.0</ele>
        <time>2026-07-19T07:13:22Z</time>
      </trkpt>
      <trkpt lat="47.521744" lon="-120.718099">
        <ele>894.0</ele>
        <time>2026-07-19T07:13:27Z</time>
      </trkpt>
      <trkpt lat="47.521776" lon="-120.718116">
        <ele>894.0</ele>
        <time>2026-07-19T07:13:30Z</time>
      </trkpt>
      <trkpt lat="47.521859" lon="-120.718133">
        <ele>894.0</ele>
        <time>2026-07-19T07:13:35Z</time>
      </trkpt>
      <trkpt lat="47.521981" lon="-120.718048">
        <ele>888.0</ele>
        <time>2026-07-19T07:13:50Z</time>
      </trkpt>
      <trkpt lat="47.521996" lon="-120.718013">
        <ele>892.0</ele>
        <time>2026-07-19T07:13:56Z</time>
      </trkpt>
      <trkpt lat="47.522110" lon="-120.717896">
        <ele>886.0</ele>
        <time>2026-07-19T07:14:16Z</time>
      </trkpt>
      <trkpt lat="47.522278" lon="-120.717853">
        <ele>888.0</ele>
        <time>2026-07-19T07:14:38Z</time>
      </trkpt>
      <trkpt lat="47.522354" lon="-120.717848">
        <ele>888.0</ele>
        <time>2026-07-19T07:14:45Z</time>
      </trkpt>
      <trkpt lat="47.522478" lon="-120.717912">
        <ele>887.8</ele>
        <time>2026-07-19T07:14:56Z</time>
      </trkpt>
      <trkpt lat="47.522517" lon="-120.717895">
        <ele>884.0</ele>
        <time>2026-07-19T07:14:59Z</time>
      </trkpt>
      <trkpt lat="47.522568" lon="-120.717889">
        <ele>882.0</ele>
        <time>2026-07-19T07:15:05Z</time>
      </trkpt>
      <trkpt lat="47.522641" lon="-120.717849">
        <ele>882.0</ele>
        <time>2026-07-19T07:15:13Z</time>
      </trkpt>
      <trkpt lat="47.522668" lon="-120.717821">
        <ele>882.0</ele>
        <time>2026-07-19T07:15:16Z</time>
      </trkpt>
      <trkpt lat="47.522732" lon="-120.717809">
        <ele>885.0</ele>
        <time>2026-07-19T07:15:22Z</time>
      </trkpt>
      <trkpt lat="47.522829" lon="-120.717759">
        <ele>880.0</ele>
        <time>2026-07-19T07:15:36Z</time>
      </trkpt>
      <trkpt lat="47.522869" lon="-120.717703">
        <ele>880.0</ele>
        <time>2026-07-19T07:15:42Z</time>
      </trkpt>
      <trkpt lat="47.522910" lon="-120.717672">
        <ele>880.8</ele>
        <time>2026-07-19T07:15:48Z</time>
      </trkpt>
      <trkpt lat="47.522998" lon="-120.717574">
        <ele>880.0</ele>
        <time>2026-07-19T07:15:58Z</time>
      </trkpt>
      <trkpt lat="47.523047" lon="-120.717485">
        <ele>875.0</ele>
        <time>2026-07-19T07:16:10Z</time>
      </trkpt>
      <trkpt lat="47.523075" lon="-120.717467">
        <ele>877.0</ele>
        <time>2026-07-19T07:16:15Z</time>
      </trkpt>
      <trkpt lat="47.523125" lon="-120.717506">
        <ele>872.0</ele>
        <time>2026-07-19T07:16:25Z</time>
      </trkpt>
      <trkpt lat="47.523210" lon="-120.717525">
        <ele>877.3</ele>
        <time>2026-07-19T07:16:38Z</time>
      </trkpt>
      <trkpt lat="47.523262" lon="-120.717490">
        <ele>873.0</ele>
        <time>2026-07-19T07:16:46Z</time>
      </trkpt>
      <trkpt lat="47.523306" lon="-120.717436">
        <ele>876.0</ele>
        <time>2026-07-19T07:16:51Z</time>
      </trkpt>
      <trkpt lat="47.523333" lon="-120.717419">
        <ele>872.0</ele>
        <time>2026-07-19T07:16:54Z</time>
      </trkpt>
      <trkpt lat="47.523410" lon="-120.717416">
        <ele>873.0</ele>
        <time>2026-07-19T07:17:04Z</time>
      </trkpt>
      <trkpt lat="47.523511" lon="-120.717357">
        <ele>872.0</ele>
        <time>2026-07-19T07:17:16Z</time>
      </trkpt>
      <trkpt lat="47.523608" lon="-120.717263">
        <ele>872.0</ele>
        <time>2026-07-19T07:17:27Z</time>
      </trkpt>
      <trkpt lat="47.523637" lon="-120.717254">
        <ele>870.0</ele>
        <time>2026-07-19T07:17:32Z</time>
      </trkpt>
      <trkpt lat="47.523726" lon="-120.717111">
        <ele>870.0</ele>
        <time>2026-07-19T07:17:53Z</time>
      </trkpt>
      <trkpt lat="47.523776" lon="-120.717060">
        <ele>870.0</ele>
        <time>2026-07-19T07:18:00Z</time>
      </trkpt>
      <trkpt lat="47.523839" lon="-120.717026">
        <ele>868.0</ele>
        <time>2026-07-19T07:18:06Z</time>
      </trkpt>
      <trkpt lat="47.523870" lon="-120.716989">
        <ele>868.0</ele>
        <time>2026-07-19T07:18:12Z</time>
      </trkpt>
      <trkpt lat="47.523881" lon="-120.716948">
        <ele>867.0</ele>
        <time>2026-07-19T07:18:17Z</time>
      </trkpt>
      <trkpt lat="47.523962" lon="-120.716902">
        <ele>865.0</ele>
        <time>2026-07-19T07:18:30Z</time>
      </trkpt>
      <trkpt lat="47.523970" lon="-120.716862">
        <ele>865.0</ele>
        <time>2026-07-19T07:18:35Z</time>
      </trkpt>
      <trkpt lat="47.524004" lon="-120.716841">
        <ele>864.0</ele>
        <time>2026-07-19T07:18:41Z</time>
      </trkpt>
      <trkpt lat="47.524021" lon="-120.716754">
        <ele>869.0</ele>
        <time>2026-07-19T07:19:06Z</time>
      </trkpt>
      <trkpt lat="47.524120" lon="-120.716712">
        <ele>867.0</ele>
        <time>2026-07-19T07:19:20Z</time>
      </trkpt>
      <trkpt lat="47.524175" lon="-120.716734">
        <ele>864.0</ele>
        <time>2026-07-19T07:19:28Z</time>
      </trkpt>
      <trkpt lat="47.524206" lon="-120.716760">
        <ele>864.0</ele>
        <time>2026-07-19T07:19:31Z</time>
      </trkpt>
      <trkpt lat="47.524294" lon="-120.716885">
        <ele>864.0</ele>
        <time>2026-07-19T07:19:41Z</time>
      </trkpt>
      <trkpt lat="47.524325" lon="-120.716912">
        <ele>864.0</ele>
        <time>2026-07-19T07:19:44Z</time>
      </trkpt>
      <trkpt lat="47.524375" lon="-120.716908">
        <ele>860.0</ele>
        <time>2026-07-19T07:19:48Z</time>
      </trkpt>
      <trkpt lat="47.524392" lon="-120.716897">
        <ele>862.0</ele>
        <time>2026-07-19T07:19:51Z</time>
      </trkpt>
      <trkpt lat="47.524500" lon="-120.716944">
        <ele>858.0</ele>
        <time>2026-07-19T07:19:58Z</time>
      </trkpt>
      <trkpt lat="47.524632" lon="-120.717033">
        <ele>856.0</ele>
        <time>2026-07-19T07:20:13Z</time>
      </trkpt>
      <trkpt lat="47.524658" lon="-120.717069">
        <ele>856.0</ele>
        <time>2026-07-19T07:20:16Z</time>
      </trkpt>
      <trkpt lat="47.524729" lon="-120.717105">
        <ele>854.0</ele>
        <time>2026-07-19T07:20:27Z</time>
      </trkpt>
      <trkpt lat="47.524769" lon="-120.717087">
        <ele>854.0</ele>
        <time>2026-07-19T07:20:34Z</time>
      </trkpt>
      <trkpt lat="47.524850" lon="-120.717113">
        <ele>855.0</ele>
        <time>2026-07-19T07:20:45Z</time>
      </trkpt>
      <trkpt lat="47.524896" lon="-120.717146">
        <ele>852.0</ele>
        <time>2026-07-19T07:20:49Z</time>
      </trkpt>
      <trkpt lat="47.524928" lon="-120.717144">
        <ele>852.0</ele>
        <time>2026-07-19T07:20:52Z</time>
      </trkpt>
      <trkpt lat="47.525066" lon="-120.717069">
        <ele>849.0</ele>
        <time>2026-07-19T07:21:08Z</time>
      </trkpt>
      <trkpt lat="47.525104" lon="-120.717065">
        <ele>852.0</ele>
        <time>2026-07-19T07:21:12Z</time>
      </trkpt>
      <trkpt lat="47.525189" lon="-120.717002">
        <ele>852.0</ele>
        <time>2026-07-19T07:21:24Z</time>
      </trkpt>
      <trkpt lat="47.525253" lon="-120.717002">
        <ele>848.9</ele>
        <time>2026-07-19T07:21:31Z</time>
      </trkpt>
      <trkpt lat="47.525279" lon="-120.716993">
        <ele>848.0</ele>
        <time>2026-07-19T07:21:32Z</time>
      </trkpt>
      <trkpt lat="47.525340" lon="-120.717001">
        <ele>848.0</ele>
        <time>2026-07-19T07:21:39Z</time>
      </trkpt>
      <trkpt lat="47.525400" lon="-120.717041">
        <ele>849.0</ele>
        <time>2026-07-19T07:21:47Z</time>
      </trkpt>
      <trkpt lat="47.525439" lon="-120.717034">
        <ele>849.0</ele>
        <time>2026-07-19T07:21:50Z</time>
      </trkpt>
      <trkpt lat="47.525523" lon="-120.716969">
        <ele>847.0</ele>
        <time>2026-07-19T07:21:58Z</time>
      </trkpt>
      <trkpt lat="47.525573" lon="-120.716868">
        <ele>844.0</ele>
        <time>2026-07-19T07:22:06Z</time>
      </trkpt>
      <trkpt lat="47.525725" lon="-120.716704">
        <ele>843.0</ele>
        <time>2026-07-19T07:22:26Z</time>
      </trkpt>
      <trkpt lat="47.525874" lon="-120.716623">
        <ele>840.0</ele>
        <time>2026-07-19T07:22:44Z</time>
      </trkpt>
      <trkpt lat="47.526005" lon="-120.716605">
        <ele>844.0</ele>
        <time>2026-07-19T07:23:11Z</time>
      </trkpt>
      <trkpt lat="47.526053" lon="-120.716566">
        <ele>846.0</ele>
        <time>2026-07-19T07:23:21Z</time>
      </trkpt>
      <trkpt lat="47.526097" lon="-120.716485">
        <ele>843.0</ele>
        <time>2026-07-19T07:23:28Z</time>
      </trkpt>
      <trkpt lat="47.526141" lon="-120.716332">
        <ele>842.0</ele>
        <time>2026-07-19T07:23:37Z</time>
      </trkpt>
      <trkpt lat="47.526221" lon="-120.716213">
        <ele>837.0</ele>
        <time>2026-07-19T07:23:50Z</time>
      </trkpt>
      <trkpt lat="47.526316" lon="-120.716123">
        <ele>834.0</ele>
        <time>2026-07-19T07:24:00Z</time>
      </trkpt>
      <trkpt lat="47.526411" lon="-120.715989">
        <ele>832.0</ele>
        <time>2026-07-19T07:24:13Z</time>
      </trkpt>
      <trkpt lat="47.526484" lon="-120.715916">
        <ele>832.0</ele>
        <time>2026-07-19T07:24:20Z</time>
      </trkpt>
      <trkpt lat="47.526556" lon="-120.715824">
        <ele>834.0</ele>
        <time>2026-07-19T07:24:28Z</time>
      </trkpt>
      <trkpt lat="47.526567" lon="-120.715789">
        <ele>834.0</ele>
        <time>2026-07-19T07:24:31Z</time>
      </trkpt>
      <trkpt lat="47.526614" lon="-120.715731">
        <ele>834.0</ele>
        <time>2026-07-19T07:24:36Z</time>
      </trkpt>
      <trkpt lat="47.526671" lon="-120.715627">
        <ele>836.0</ele>
        <time>2026-07-19T07:24:43Z</time>
      </trkpt>
      <trkpt lat="47.526706" lon="-120.715477">
        <ele>834.5</ele>
        <time>2026-07-19T07:24:54Z</time>
      </trkpt>
      <trkpt lat="47.526768" lon="-120.715371">
        <ele>836.0</ele>
        <time>2026-07-19T07:25:02Z</time>
      </trkpt>
      <trkpt lat="47.526813" lon="-120.715221">
        <ele>836.0</ele>
        <time>2026-07-19T07:25:11Z</time>
      </trkpt>
      <trkpt lat="47.526842" lon="-120.715167">
        <ele>839.0</ele>
        <time>2026-07-19T07:25:19Z</time>
      </trkpt>
      <trkpt lat="47.526980" lon="-120.715144">
        <ele>838.0</ele>
        <time>2026-07-19T07:25:31Z</time>
      </trkpt>
      <trkpt lat="47.527089" lon="-120.715068">
        <ele>838.0</ele>
        <time>2026-07-19T07:25:47Z</time>
      </trkpt>
      <trkpt lat="47.527121" lon="-120.715066">
        <ele>839.0</ele>
        <time>2026-07-19T07:25:51Z</time>
      </trkpt>
      <trkpt lat="47.527155" lon="-120.715082">
        <ele>840.0</ele>
        <time>2026-07-19T07:25:55Z</time>
      </trkpt>
      <trkpt lat="47.527187" lon="-120.715084">
        <ele>837.0</ele>
        <time>2026-07-19T07:26:01Z</time>
      </trkpt>
      <trkpt lat="47.527218" lon="-120.715071">
        <ele>836.0</ele>
        <time>2026-07-19T07:26:08Z</time>
      </trkpt>
      <trkpt lat="47.527253" lon="-120.715071">
        <ele>837.0</ele>
        <time>2026-07-19T07:26:12Z</time>
      </trkpt>
      <trkpt lat="47.527421" lon="-120.715008">
        <ele>833.0</ele>
        <time>2026-07-19T07:26:31Z</time>
      </trkpt>
      <trkpt lat="47.527445" lon="-120.714969">
        <ele>833.2</ele>
        <time>2026-07-19T07:26:36Z</time>
      </trkpt>
      <trkpt lat="47.527509" lon="-120.714942">
        <ele>832.0</ele>
        <time>2026-07-19T07:26:42Z</time>
      </trkpt>
      <trkpt lat="47.527536" lon="-120.714915">
        <ele>831.0</ele>
        <time>2026-07-19T07:26:46Z</time>
      </trkpt>
      <trkpt lat="47.527559" lon="-120.714844">
        <ele>831.0</ele>
        <time>2026-07-19T07:26:52Z</time>
      </trkpt>
      <trkpt lat="47.527599" lon="-120.714785">
        <ele>832.0</ele>
        <time>2026-07-19T07:26:58Z</time>
      </trkpt>
      <trkpt lat="47.527625" lon="-120.714763">
        <ele>832.0</ele>
        <time>2026-07-19T07:27:01Z</time>
      </trkpt>
      <trkpt lat="47.527714" lon="-120.714720">
        <ele>834.0</ele>
        <time>2026-07-19T07:27:13Z</time>
      </trkpt>
      <trkpt lat="47.527761" lon="-120.714660">
        <ele>834.0</ele>
        <time>2026-07-19T07:27:24Z</time>
      </trkpt>
      <trkpt lat="47.527897" lon="-120.714655">
        <ele>836.0</ele>
        <time>2026-07-19T07:27:50Z</time>
      </trkpt>
      <trkpt lat="47.527928" lon="-120.714645">
        <ele>834.0</ele>
        <time>2026-07-19T07:27:53Z</time>
      </trkpt>
      <trkpt lat="47.527951" lon="-120.714625">
        <ele>836.0</ele>
        <time>2026-07-19T07:27:57Z</time>
      </trkpt>
      <trkpt lat="47.528051" lon="-120.714599">
        <ele>835.0</ele>
        <time>2026-07-19T07:28:07Z</time>
      </trkpt>
      <trkpt lat="47.528151" lon="-120.714507">
        <ele>832.0</ele>
        <time>2026-07-19T07:28:20Z</time>
      </trkpt>
      <trkpt lat="47.528167" lon="-120.714436">
        <ele>830.0</ele>
        <time>2026-07-19T07:28:29Z</time>
      </trkpt>
      <trkpt lat="47.528203" lon="-120.714390">
        <ele>828.0</ele>
        <time>2026-07-19T07:28:43Z</time>
      </trkpt>
      <trkpt lat="47.528252" lon="-120.714282">
        <ele>830.0</ele>
        <time>2026-07-19T07:29:01Z</time>
      </trkpt>
      <trkpt lat="47.528304" lon="-120.714246">
        <ele>829.0</ele>
        <time>2026-07-19T07:29:07Z</time>
      </trkpt>
      <trkpt lat="47.528372" lon="-120.714173">
        <ele>831.0</ele>
        <time>2026-07-19T07:29:17Z</time>
      </trkpt>
      <trkpt lat="47.528521" lon="-120.713954">
        <ele>828.0</ele>
        <time>2026-07-19T07:29:41Z</time>
      </trkpt>
      <trkpt lat="47.528627" lon="-120.713903">
        <ele>830.0</ele>
        <time>2026-07-19T07:29:53Z</time>
      </trkpt>
      <trkpt lat="47.528705" lon="-120.713901">
        <ele>830.0</ele>
        <time>2026-07-19T07:29:58Z</time>
      </trkpt>
      <trkpt lat="47.528797" lon="-120.713808">
        <ele>828.0</ele>
        <time>2026-07-19T07:30:16Z</time>
      </trkpt>
      <trkpt lat="47.528833" lon="-120.713797">
        <ele>828.0</ele>
        <time>2026-07-19T07:30:21Z</time>
      </trkpt>
      <trkpt lat="47.528850" lon="-120.713769">
        <ele>824.0</ele>
        <time>2026-07-19T07:30:26Z</time>
      </trkpt>
      <trkpt lat="47.528902" lon="-120.713744">
        <ele>825.0</ele>
        <time>2026-07-19T07:30:38Z</time>
      </trkpt>
      <trkpt lat="47.528929" lon="-120.713750">
        <ele>828.0</ele>
        <time>2026-07-19T07:30:42Z</time>
      </trkpt>
      <trkpt lat="47.529070" lon="-120.713713">
        <ele>826.0</ele>
        <time>2026-07-19T07:30:58Z</time>
      </trkpt>
      <trkpt lat="47.529102" lon="-120.713687">
        <ele>826.0</ele>
        <time>2026-07-19T07:31:01Z</time>
      </trkpt>
      <trkpt lat="47.529136" lon="-120.713632">
        <ele>824.0</ele>
        <time>2026-07-19T07:31:07Z</time>
      </trkpt>
      <trkpt lat="47.529319" lon="-120.713479">
        <ele>828.0</ele>
        <time>2026-07-19T07:31:26Z</time>
      </trkpt>
      <trkpt lat="47.529341" lon="-120.713421">
        <ele>828.6</ele>
        <time>2026-07-19T07:31:31Z</time>
      </trkpt>
      <trkpt lat="47.529337" lon="-120.713395">
        <ele>828.0</ele>
        <time>2026-07-19T07:31:33Z</time>
      </trkpt>
      <trkpt lat="47.529353" lon="-120.713327">
        <ele>828.0</ele>
        <time>2026-07-19T07:31:40Z</time>
      </trkpt>
      <trkpt lat="47.529427" lon="-120.713190">
        <ele>828.0</ele>
        <time>2026-07-19T07:31:51Z</time>
      </trkpt>
      <trkpt lat="47.529475" lon="-120.713148">
        <ele>828.0</ele>
        <time>2026-07-19T07:31:57Z</time>
      </trkpt>
      <trkpt lat="47.529512" lon="-120.713076">
        <ele>828.0</ele>
        <time>2026-07-19T07:32:03Z</time>
      </trkpt>
      <trkpt lat="47.529617" lon="-120.712987">
        <ele>830.0</ele>
        <time>2026-07-19T07:32:16Z</time>
      </trkpt>
      <trkpt lat="47.529669" lon="-120.712960">
        <ele>831.0</ele>
        <time>2026-07-19T07:32:21Z</time>
      </trkpt>
      <trkpt lat="47.529707" lon="-120.712899">
        <ele>829.0</ele>
        <time>2026-07-19T07:32:29Z</time>
      </trkpt>
      <trkpt lat="47.529756" lon="-120.712853">
        <ele>829.0</ele>
        <time>2026-07-19T07:32:39Z</time>
      </trkpt>
      <trkpt lat="47.529865" lon="-120.712680">
        <ele>831.0</ele>
        <time>2026-07-19T07:33:01Z</time>
      </trkpt>
      <trkpt lat="47.529905" lon="-120.712591">
        <ele>830.0</ele>
        <time>2026-07-19T07:33:11Z</time>
      </trkpt>
      <trkpt lat="47.529934" lon="-120.712555">
        <ele>832.4</ele>
        <time>2026-07-19T07:33:15Z</time>
      </trkpt>
      <trkpt lat="47.529979" lon="-120.712407">
        <ele>832.0</ele>
        <time>2026-07-19T07:33:25Z</time>
      </trkpt>
      <trkpt lat="47.530009" lon="-120.712241">
        <ele>828.0</ele>
        <time>2026-07-19T07:33:39Z</time>
      </trkpt>
      <trkpt lat="47.530032" lon="-120.712215">
        <ele>828.0</ele>
        <time>2026-07-19T07:33:43Z</time>
      </trkpt>
      <trkpt lat="47.530046" lon="-120.712176">
        <ele>828.0</ele>
        <time>2026-07-19T07:33:46Z</time>
      </trkpt>
      <trkpt lat="47.530103" lon="-120.712156">
        <ele>828.0</ele>
        <time>2026-07-19T07:33:53Z</time>
      </trkpt>
      <trkpt lat="47.530167" lon="-120.712109">
        <ele>828.0</ele>
        <time>2026-07-19T07:34:02Z</time>
      </trkpt>
      <trkpt lat="47.530237" lon="-120.712079">
        <ele>827.0</ele>
        <time>2026-07-19T07:34:11Z</time>
      </trkpt>
      <trkpt lat="47.530273" lon="-120.712024">
        <ele>825.0</ele>
        <time>2026-07-19T07:34:17Z</time>
      </trkpt>
      <trkpt lat="47.530378" lon="-120.712007">
        <ele>820.0</ele>
        <time>2026-07-19T07:34:32Z</time>
      </trkpt>
      <trkpt lat="47.530450" lon="-120.711967">
        <ele>824.0</ele>
        <time>2026-07-19T07:34:50Z</time>
      </trkpt>
      <trkpt lat="47.530511" lon="-120.711960">
        <ele>819.0</ele>
        <time>2026-07-19T07:35:04Z</time>
      </trkpt>
      <trkpt lat="47.530601" lon="-120.711853">
        <ele>816.0</ele>
        <time>2026-07-19T07:35:23Z</time>
      </trkpt>
      <trkpt lat="47.530651" lon="-120.711827">
        <ele>816.0</ele>
        <time>2026-07-19T07:35:31Z</time>
      </trkpt>
      <trkpt lat="47.530707" lon="-120.711746">
        <ele>815.0</ele>
        <time>2026-07-19T07:35:45Z</time>
      </trkpt>
      <trkpt lat="47.530745" lon="-120.711661">
        <ele>812.0</ele>
        <time>2026-07-19T07:36:09Z</time>
      </trkpt>
      <trkpt lat="47.530818" lon="-120.711634">
        <ele>812.0</ele>
        <time>2026-07-19T07:36:21Z</time>
      </trkpt>
      <trkpt lat="47.530853" lon="-120.711595">
        <ele>815.0</ele>
        <time>2026-07-19T07:36:29Z</time>
      </trkpt>
      <trkpt lat="47.530921" lon="-120.711585">
        <ele>812.0</ele>
        <time>2026-07-19T07:36:49Z</time>
      </trkpt>
      <trkpt lat="47.530980" lon="-120.711545">
        <ele>812.0</ele>
        <time>2026-07-19T07:36:55Z</time>
      </trkpt>
      <trkpt lat="47.531014" lon="-120.711443">
        <ele>809.0</ele>
        <time>2026-07-19T07:37:08Z</time>
      </trkpt>
      <trkpt lat="47.531071" lon="-120.711342">
        <ele>810.0</ele>
        <time>2026-07-19T07:37:19Z</time>
      </trkpt>
      <trkpt lat="47.531172" lon="-120.711219">
        <ele>810.0</ele>
        <time>2026-07-19T07:37:31Z</time>
      </trkpt>
      <trkpt lat="47.531227" lon="-120.711127">
        <ele>808.0</ele>
        <time>2026-07-19T07:37:42Z</time>
      </trkpt>
      <trkpt lat="47.531280" lon="-120.711088">
        <ele>809.0</ele>
        <time>2026-07-19T07:37:46Z</time>
      </trkpt>
      <trkpt lat="47.531317" lon="-120.711031">
        <ele>807.0</ele>
        <time>2026-07-19T07:37:51Z</time>
      </trkpt>
      <trkpt lat="47.531324" lon="-120.710989">
        <ele>808.0</ele>
        <time>2026-07-19T07:37:54Z</time>
      </trkpt>
      <trkpt lat="47.531350" lon="-120.710965">
        <ele>808.0</ele>
        <time>2026-07-19T07:37:57Z</time>
      </trkpt>
      <trkpt lat="47.531382" lon="-120.710958">
        <ele>808.0</ele>
        <time>2026-07-19T07:37:59Z</time>
      </trkpt>
      <trkpt lat="47.531429" lon="-120.710878">
        <ele>810.0</ele>
        <time>2026-07-19T07:38:08Z</time>
      </trkpt>
      <trkpt lat="47.531475" lon="-120.710850">
        <ele>810.0</ele>
        <time>2026-07-19T07:38:13Z</time>
      </trkpt>
      <trkpt lat="47.531504" lon="-120.710805">
        <ele>805.0</ele>
        <time>2026-07-19T07:38:24Z</time>
      </trkpt>
      <trkpt lat="47.531564" lon="-120.710770">
        <ele>807.0</ele>
        <time>2026-07-19T07:38:36Z</time>
      </trkpt>
      <trkpt lat="47.531627" lon="-120.710608">
        <ele>801.0</ele>
        <time>2026-07-19T07:38:59Z</time>
      </trkpt>
      <trkpt lat="47.531647" lon="-120.710595">
        <ele>802.0</ele>
        <time>2026-07-19T07:39:08Z</time>
      </trkpt>
      <trkpt lat="47.531714" lon="-120.710511">
        <ele>800.0</ele>
        <time>2026-07-19T07:39:21Z</time>
      </trkpt>
      <trkpt lat="47.531813" lon="-120.710355">
        <ele>801.0</ele>
        <time>2026-07-19T07:39:49Z</time>
      </trkpt>
      <trkpt lat="47.531846" lon="-120.710348">
        <ele>800.0</ele>
        <time>2026-07-19T07:39:56Z</time>
      </trkpt>
      <trkpt lat="47.531947" lon="-120.710117">
        <ele>798.0</ele>
        <time>2026-07-19T07:40:20Z</time>
      </trkpt>
      <trkpt lat="47.532041" lon="-120.709997">
        <ele>797.0</ele>
        <time>2026-07-19T07:40:37Z</time>
      </trkpt>
      <trkpt lat="47.532056" lon="-120.709947">
        <ele>796.0</ele>
        <time>2026-07-19T07:40:43Z</time>
      </trkpt>
      <trkpt lat="47.532079" lon="-120.709923">
        <ele>794.0</ele>
        <time>2026-07-19T07:40:48Z</time>
      </trkpt>
      <trkpt lat="47.532194" lon="-120.709859">
        <ele>792.0</ele>
        <time>2026-07-19T07:41:08Z</time>
      </trkpt>
      <trkpt lat="47.532220" lon="-120.709829">
        <ele>792.0</ele>
        <time>2026-07-19T07:41:12Z</time>
      </trkpt>
      <trkpt lat="47.532260" lon="-120.709817">
        <ele>792.0</ele>
        <time>2026-07-19T07:41:15Z</time>
      </trkpt>
      <trkpt lat="47.532287" lon="-120.709797">
        <ele>792.0</ele>
        <time>2026-07-19T07:41:18Z</time>
      </trkpt>
      <trkpt lat="47.532365" lon="-120.709791">
        <ele>793.1</ele>
        <time>2026-07-19T07:41:28Z</time>
      </trkpt>
      <trkpt lat="47.532483" lon="-120.709741">
        <ele>790.0</ele>
        <time>2026-07-19T07:41:45Z</time>
      </trkpt>
      <trkpt lat="47.532513" lon="-120.709711">
        <ele>788.0</ele>
        <time>2026-07-19T07:41:49Z</time>
      </trkpt>
      <trkpt lat="47.532618" lon="-120.709652">
        <ele>789.0</ele>
        <time>2026-07-19T07:42:00Z</time>
      </trkpt>
      <trkpt lat="47.532730" lon="-120.709551">
        <ele>786.0</ele>
        <time>2026-07-19T07:42:18Z</time>
      </trkpt>
      <trkpt lat="47.532854" lon="-120.709472">
        <ele>784.0</ele>
        <time>2026-07-19T07:42:32Z</time>
      </trkpt>
      <trkpt lat="47.532899" lon="-120.709403">
        <ele>787.0</ele>
        <time>2026-07-19T07:42:41Z</time>
      </trkpt>
      <trkpt lat="47.532995" lon="-120.709408">
        <ele>786.0</ele>
        <time>2026-07-19T07:42:55Z</time>
      </trkpt>
      <trkpt lat="47.533093" lon="-120.709339">
        <ele>784.0</ele>
        <time>2026-07-19T07:43:10Z</time>
      </trkpt>
      <trkpt lat="47.533161" lon="-120.709328">
        <ele>780.0</ele>
        <time>2026-07-19T07:43:17Z</time>
      </trkpt>
      <trkpt lat="47.533185" lon="-120.709298">
        <ele>780.0</ele>
        <time>2026-07-19T07:43:20Z</time>
      </trkpt>
      <trkpt lat="47.533234" lon="-120.709318">
        <ele>780.0</ele>
        <time>2026-07-19T07:43:25Z</time>
      </trkpt>
      <trkpt lat="47.533272" lon="-120.709316">
        <ele>780.0</ele>
        <time>2026-07-19T07:43:29Z</time>
      </trkpt>
      <trkpt lat="47.533354" lon="-120.709268">
        <ele>780.0</ele>
        <time>2026-07-19T07:43:39Z</time>
      </trkpt>
      <trkpt lat="47.533483" lon="-120.709233">
        <ele>780.0</ele>
        <time>2026-07-19T07:44:00Z</time>
      </trkpt>
      <trkpt lat="47.533571" lon="-120.709104">
        <ele>775.0</ele>
        <time>2026-07-19T07:44:26Z</time>
      </trkpt>
      <trkpt lat="47.533624" lon="-120.709060">
        <ele>776.0</ele>
        <time>2026-07-19T07:44:36Z</time>
      </trkpt>
      <trkpt lat="47.533645" lon="-120.709030">
        <ele>776.0</ele>
        <time>2026-07-19T07:44:40Z</time>
      </trkpt>
      <trkpt lat="47.533672" lon="-120.709014">
        <ele>775.0</ele>
        <time>2026-07-19T07:44:44Z</time>
      </trkpt>
      <trkpt lat="47.533788" lon="-120.708849">
        <ele>774.0</ele>
        <time>2026-07-19T07:45:01Z</time>
      </trkpt>
      <trkpt lat="47.533820" lon="-120.708838">
        <ele>772.0</ele>
        <time>2026-07-19T07:45:04Z</time>
      </trkpt>
      <trkpt lat="47.533836" lon="-120.708807">
        <ele>772.0</ele>
        <time>2026-07-19T07:45:08Z</time>
      </trkpt>
      <trkpt lat="47.533921" lon="-120.708762">
        <ele>770.0</ele>
        <time>2026-07-19T07:45:22Z</time>
      </trkpt>
      <trkpt lat="47.533942" lon="-120.708731">
        <ele>768.0</ele>
        <time>2026-07-19T07:45:25Z</time>
      </trkpt>
      <trkpt lat="47.534073" lon="-120.708702">
        <ele>768.0</ele>
        <time>2026-07-19T07:45:40Z</time>
      </trkpt>
      <trkpt lat="47.534137" lon="-120.708652">
        <ele>768.0</ele>
        <time>2026-07-19T07:45:48Z</time>
      </trkpt>
      <trkpt lat="47.534170" lon="-120.708643">
        <ele>769.0</ele>
        <time>2026-07-19T07:45:52Z</time>
      </trkpt>
      <trkpt lat="47.534225" lon="-120.708610">
        <ele>768.0</ele>
        <time>2026-07-19T07:45:57Z</time>
      </trkpt>
      <trkpt lat="47.534355" lon="-120.708462">
        <ele>767.0</ele>
        <time>2026-07-19T07:46:11Z</time>
      </trkpt>
      <trkpt lat="47.534396" lon="-120.708468">
        <ele>767.0</ele>
        <time>2026-07-19T07:46:15Z</time>
      </trkpt>
      <trkpt lat="47.534498" lon="-120.708364">
        <ele>766.4</ele>
        <time>2026-07-19T07:46:34Z</time>
      </trkpt>
      <trkpt lat="47.534578" lon="-120.708340">
        <ele>764.0</ele>
        <time>2026-07-19T07:46:45Z</time>
      </trkpt>
      <trkpt lat="47.534619" lon="-120.708345">
        <ele>764.0</ele>
        <time>2026-07-19T07:46:49Z</time>
      </trkpt>
      <trkpt lat="47.534684" lon="-120.708318">
        <ele>760.0</ele>
        <time>2026-07-19T07:46:58Z</time>
      </trkpt>
      <trkpt lat="47.534829" lon="-120.708292">
        <ele>760.0</ele>
        <time>2026-07-19T07:47:15Z</time>
      </trkpt>
      <trkpt lat="47.534960" lon="-120.708220">
        <ele>757.0</ele>
        <time>2026-07-19T07:47:51Z</time>
      </trkpt>
      <trkpt lat="47.535027" lon="-120.708201">
        <ele>756.0</ele>
        <time>2026-07-19T07:48:00Z</time>
      </trkpt>
      <trkpt lat="47.535131" lon="-120.708142">
        <ele>756.0</ele>
        <time>2026-07-19T07:48:15Z</time>
      </trkpt>
      <trkpt lat="47.535238" lon="-120.708024">
        <ele>749.0</ele>
        <time>2026-07-19T07:48:29Z</time>
      </trkpt>
      <trkpt lat="47.535294" lon="-120.708058">
        <ele>750.0</ele>
        <time>2026-07-19T07:48:37Z</time>
      </trkpt>
      <trkpt lat="47.535331" lon="-120.708052">
        <ele>748.0</ele>
        <time>2026-07-19T07:48:41Z</time>
      </trkpt>
      <trkpt lat="47.535362" lon="-120.708068">
        <ele>750.0</ele>
        <time>2026-07-19T07:48:45Z</time>
      </trkpt>
      <trkpt lat="47.535384" lon="-120.708099">
        <ele>753.0</ele>
        <time>2026-07-19T07:48:48Z</time>
      </trkpt>
      <trkpt lat="47.535454" lon="-120.708089">
        <ele>750.0</ele>
        <time>2026-07-19T07:48:57Z</time>
      </trkpt>
      <trkpt lat="47.535636" lon="-120.708089">
        <ele>744.0</ele>
        <time>2026-07-19T07:49:22Z</time>
      </trkpt>
      <trkpt lat="47.535669" lon="-120.708099">
        <ele>744.0</ele>
        <time>2026-07-19T07:49:26Z</time>
      </trkpt>
      <trkpt lat="47.535820" lon="-120.708054">
        <ele>740.0</ele>
        <time>2026-07-19T07:49:48Z</time>
      </trkpt>
      <trkpt lat="47.535850" lon="-120.708032">
        <ele>740.6</ele>
        <time>2026-07-19T07:49:52Z</time>
      </trkpt>
      <trkpt lat="47.535934" lon="-120.708025">
        <ele>737.0</ele>
        <time>2026-07-19T07:50:06Z</time>
      </trkpt>
      <trkpt lat="47.535875" lon="-120.708075">
        <ele>734.0</ele>
        <time>2026-07-19T07:50:16Z</time>
      </trkpt>
      <trkpt lat="47.535840" lon="-120.708142">
        <ele>732.0</ele>
        <time>2026-07-19T07:50:23Z</time>
      </trkpt>
      <trkpt lat="47.535762" lon="-120.708250">
        <ele>735.0</ele>
        <time>2026-07-19T07:50:36Z</time>
      </trkpt>
      <trkpt lat="47.535624" lon="-120.708373">
        <ele>722.0</ele>
        <time>2026-07-19T07:51:04Z</time>
      </trkpt>
      <trkpt lat="47.535524" lon="-120.708414">
        <ele>728.0</ele>
        <time>2026-07-19T07:51:19Z</time>
      </trkpt>
      <trkpt lat="47.535463" lon="-120.708461">
        <ele>728.0</ele>
        <time>2026-07-19T07:51:28Z</time>
      </trkpt>
      <trkpt lat="47.535519" lon="-120.708486">
        <ele>728.3</ele>
        <time>2026-07-19T07:51:32Z</time>
      </trkpt>
      <trkpt lat="47.535557" lon="-120.708488">
        <ele>726.0</ele>
        <time>2026-07-19T07:51:36Z</time>
      </trkpt>
      <trkpt lat="47.535610" lon="-120.708529">
        <ele>724.0</ele>
        <time>2026-07-19T07:51:42Z</time>
      </trkpt>
      <trkpt lat="47.535741" lon="-120.708587">
        <ele>722.0</ele>
        <time>2026-07-19T07:51:54Z</time>
      </trkpt>
      <trkpt lat="47.535762" lon="-120.708611">
        <ele>723.0</ele>
        <time>2026-07-19T07:51:58Z</time>
      </trkpt>
      <trkpt lat="47.535895" lon="-120.708574">
        <ele>720.0</ele>
        <time>2026-07-19T07:52:13Z</time>
      </trkpt>
      <trkpt lat="47.535948" lon="-120.708594">
        <ele>720.0</ele>
        <time>2026-07-19T07:52:18Z</time>
      </trkpt>
      <trkpt lat="47.535999" lon="-120.708596">
        <ele>716.0</ele>
        <time>2026-07-19T07:52:24Z</time>
      </trkpt>
      <trkpt lat="47.536029" lon="-120.708583">
        <ele>714.0</ele>
        <time>2026-07-19T07:52:29Z</time>
      </trkpt>
      <trkpt lat="47.536104" lon="-120.708518">
        <ele>716.0</ele>
        <time>2026-07-19T07:52:43Z</time>
      </trkpt>
      <trkpt lat="47.536165" lon="-120.708505">
        <ele>711.0</ele>
        <time>2026-07-19T07:52:54Z</time>
      </trkpt>
      <trkpt lat="47.536034" lon="-120.708695">
        <ele>711.0</ele>
        <time>2026-07-19T07:53:14Z</time>
      </trkpt>
      <trkpt lat="47.536005" lon="-120.708775">
        <ele>711.0</ele>
        <time>2026-07-19T07:53:21Z</time>
      </trkpt>
      <trkpt lat="47.535950" lon="-120.708804">
        <ele>708.0</ele>
        <time>2026-07-19T07:53:27Z</time>
      </trkpt>
      <trkpt lat="47.535918" lon="-120.708834">
        <ele>708.0</ele>
        <time>2026-07-19T07:53:30Z</time>
      </trkpt>
      <trkpt lat="47.535974" lon="-120.708879">
        <ele>708.0</ele>
        <time>2026-07-19T07:53:34Z</time>
      </trkpt>
      <trkpt lat="47.536007" lon="-120.708886">
        <ele>707.0</ele>
        <time>2026-07-19T07:53:37Z</time>
      </trkpt>
      <trkpt lat="47.536096" lon="-120.708828">
        <ele>700.0</ele>
        <time>2026-07-19T07:53:47Z</time>
      </trkpt>
      <trkpt lat="47.536193" lon="-120.708818">
        <ele>701.0</ele>
        <time>2026-07-19T07:53:58Z</time>
      </trkpt>
      <trkpt lat="47.536341" lon="-120.708751">
        <ele>702.0</ele>
        <time>2026-07-19T07:54:13Z</time>
      </trkpt>
      <trkpt lat="47.536420" lon="-120.708670">
        <ele>697.0</ele>
        <time>2026-07-19T07:54:26Z</time>
      </trkpt>
      <trkpt lat="47.536448" lon="-120.708656">
        <ele>698.0</ele>
        <time>2026-07-19T07:54:31Z</time>
      </trkpt>
      <trkpt lat="47.536479" lon="-120.708654">
        <ele>696.0</ele>
        <time>2026-07-19T07:54:35Z</time>
      </trkpt>
      <trkpt lat="47.536514" lon="-120.708671">
        <ele>696.0</ele>
        <time>2026-07-19T07:54:38Z</time>
      </trkpt>
      <trkpt lat="47.536713" lon="-120.708587">
        <ele>693.0</ele>
        <time>2026-07-19T07:55:00Z</time>
      </trkpt>
      <trkpt lat="47.536784" lon="-120.708587">
        <ele>692.0</ele>
        <time>2026-07-19T07:55:09Z</time>
      </trkpt>
      <trkpt lat="47.536818" lon="-120.708606">
        <ele>692.0</ele>
        <time>2026-07-19T07:55:13Z</time>
      </trkpt>
      <trkpt lat="47.536925" lon="-120.708619">
        <ele>691.0</ele>
        <time>2026-07-19T07:55:25Z</time>
      </trkpt>
      <trkpt lat="47.536984" lon="-120.708590">
        <ele>687.0</ele>
        <time>2026-07-19T07:55:36Z</time>
      </trkpt>
      <trkpt lat="47.537018" lon="-120.708593">
        <ele>689.0</ele>
        <time>2026-07-19T07:55:40Z</time>
      </trkpt>
      <trkpt lat="47.537099" lon="-120.708559">
        <ele>684.0</ele>
        <time>2026-07-19T07:56:04Z</time>
      </trkpt>
      <trkpt lat="47.537134" lon="-120.708557">
        <ele>684.0</ele>
        <time>2026-07-19T07:56:13Z</time>
      </trkpt>
      <trkpt lat="47.537159" lon="-120.708575">
        <ele>688.0</ele>
        <time>2026-07-19T07:56:21Z</time>
      </trkpt>
      <trkpt lat="47.537176" lon="-120.708616">
        <ele>690.0</ele>
        <time>2026-07-19T07:56:24Z</time>
      </trkpt>
      <trkpt lat="47.537230" lon="-120.708658">
        <ele>695.0</ele>
        <time>2026-07-19T07:56:28Z</time>
      </trkpt>
      <trkpt lat="47.537304" lon="-120.708600">
        <ele>695.0</ele>
        <time>2026-07-19T07:56:37Z</time>
      </trkpt>
      <trkpt lat="47.537335" lon="-120.708529">
        <ele>686.0</ele>
        <time>2026-07-19T07:56:46Z</time>
      </trkpt>
      <trkpt lat="47.537500" lon="-120.708453">
        <ele>679.0</ele>
        <time>2026-07-19T07:57:16Z</time>
      </trkpt>
      <trkpt lat="47.537634" lon="-120.708356">
        <ele>675.0</ele>
        <time>2026-07-19T07:57:37Z</time>
      </trkpt>
      <trkpt lat="47.537683" lon="-120.708362">
        <ele>674.0</ele>
        <time>2026-07-19T07:58:03Z</time>
      </trkpt>
      <trkpt lat="47.537731" lon="-120.708329">
        <ele>671.0</ele>
        <time>2026-07-19T07:58:19Z</time>
      </trkpt>
      <trkpt lat="47.537776" lon="-120.708326">
        <ele>672.0</ele>
        <time>2026-07-19T07:58:24Z</time>
      </trkpt>
      <trkpt lat="47.537948" lon="-120.708230">
        <ele>668.0</ele>
        <time>2026-07-19T07:58:42Z</time>
      </trkpt>
      <trkpt lat="47.538007" lon="-120.708257">
        <ele>669.0</ele>
        <time>2026-07-19T07:58:50Z</time>
      </trkpt>
      <trkpt lat="47.538177" lon="-120.708246">
        <ele>666.0</ele>
        <time>2026-07-19T07:59:05Z</time>
      </trkpt>
      <trkpt lat="47.538223" lon="-120.708189">
        <ele>663.0</ele>
        <time>2026-07-19T07:59:10Z</time>
      </trkpt>
      <trkpt lat="47.538256" lon="-120.708165">
        <ele>663.0</ele>
        <time>2026-07-19T07:59:13Z</time>
      </trkpt>
      <trkpt lat="47.538327" lon="-120.708073">
        <ele>662.0</ele>
        <time>2026-07-19T07:59:23Z</time>
      </trkpt>
      <trkpt lat="47.538340" lon="-120.708033">
        <ele>660.0</ele>
        <time>2026-07-19T07:59:26Z</time>
      </trkpt>
      <trkpt lat="47.538365" lon="-120.708004">
        <ele>660.0</ele>
        <time>2026-07-19T07:59:29Z</time>
      </trkpt>
      <trkpt lat="47.538672" lon="-120.707877">
        <ele>656.0</ele>
        <time>2026-07-19T08:00:08Z</time>
      </trkpt>
      <trkpt lat="47.538805" lon="-120.707728">
        <ele>658.0</ele>
        <time>2026-07-19T08:00:23Z</time>
      </trkpt>
      <trkpt lat="47.538833" lon="-120.707609">
        <ele>658.0</ele>
        <time>2026-07-19T08:00:29Z</time>
      </trkpt>
      <trkpt lat="47.538868" lon="-120.707544">
        <ele>659.0</ele>
        <time>2026-07-19T08:00:34Z</time>
      </trkpt>
      <trkpt lat="47.538896" lon="-120.707428">
        <ele>657.0</ele>
        <time>2026-07-19T08:00:41Z</time>
      </trkpt>
      <trkpt lat="47.538967" lon="-120.707309">
        <ele>654.0</ele>
        <time>2026-07-19T08:00:52Z</time>
      </trkpt>
      <trkpt lat="47.539042" lon="-120.707245">
        <ele>654.0</ele>
        <time>2026-07-19T08:01:05Z</time>
      </trkpt>
      <trkpt lat="47.539091" lon="-120.707157">
        <ele>651.0</ele>
        <time>2026-07-19T08:01:14Z</time>
      </trkpt>
      <trkpt lat="47.539130" lon="-120.707141">
        <ele>652.0</ele>
        <time>2026-07-19T08:01:19Z</time>
      </trkpt>
      <trkpt lat="47.539231" lon="-120.706991">
        <ele>649.0</ele>
        <time>2026-07-19T08:01:36Z</time>
      </trkpt>
      <trkpt lat="47.539292" lon="-120.706945">
        <ele>648.0</ele>
        <time>2026-07-19T08:02:27Z</time>
      </trkpt>
      <trkpt lat="47.539296" lon="-120.706918">
        <ele>648.0</ele>
        <time>2026-07-19T08:02:42Z</time>
      </trkpt>
      <trkpt lat="47.539350" lon="-120.706875">
        <ele>644.0</ele>
        <time>2026-07-19T08:02:59Z</time>
      </trkpt>
      <trkpt lat="47.539330" lon="-120.707013">
        <ele>642.0</ele>
        <time>2026-07-19T08:03:12Z</time>
      </trkpt>
      <trkpt lat="47.539268" lon="-120.707290">
        <ele>642.0</ele>
        <time>2026-07-19T08:03:24Z</time>
      </trkpt>
      <trkpt lat="47.539282" lon="-120.707342">
        <ele>640.0</ele>
        <time>2026-07-19T08:03:29Z</time>
      </trkpt>
      <trkpt lat="47.539278" lon="-120.707414">
        <ele>641.1</ele>
        <time>2026-07-19T08:03:34Z</time>
      </trkpt>
      <trkpt lat="47.539336" lon="-120.707578">
        <ele>640.0</ele>
        <time>2026-07-19T08:03:50Z</time>
      </trkpt>
      <trkpt lat="47.539374" lon="-120.707632">
        <ele>635.0</ele>
        <time>2026-07-19T08:04:02Z</time>
      </trkpt>
      <trkpt lat="47.539378" lon="-120.707684">
        <ele>635.0</ele>
        <time>2026-07-19T08:04:06Z</time>
      </trkpt>
      <trkpt lat="47.539391" lon="-120.707714">
        <ele>634.0</ele>
        <time>2026-07-19T08:04:09Z</time>
      </trkpt>
      <trkpt lat="47.539392" lon="-120.707781">
        <ele>633.0</ele>
        <time>2026-07-19T08:04:14Z</time>
      </trkpt>
      <trkpt lat="47.539325" lon="-120.707931">
        <ele>631.0</ele>
        <time>2026-07-19T08:04:28Z</time>
      </trkpt>
      <trkpt lat="47.539314" lon="-120.708044">
        <ele>630.0</ele>
        <time>2026-07-19T08:04:40Z</time>
      </trkpt>
      <trkpt lat="47.539334" lon="-120.708112">
        <ele>629.0</ele>
        <time>2026-07-19T08:04:48Z</time>
      </trkpt>
      <trkpt lat="47.539330" lon="-120.708149">
        <ele>630.0</ele>
        <time>2026-07-19T08:04:53Z</time>
      </trkpt>
      <trkpt lat="47.539180" lon="-120.708286">
        <ele>623.0</ele>
        <time>2026-07-19T08:05:19Z</time>
      </trkpt>
      <trkpt lat="47.539207" lon="-120.708317">
        <ele>621.0</ele>
        <time>2026-07-19T08:05:30Z</time>
      </trkpt>
      <trkpt lat="47.539281" lon="-120.708331">
        <ele>621.0</ele>
        <time>2026-07-19T08:05:43Z</time>
      </trkpt>
      <trkpt lat="47.539369" lon="-120.708321">
        <ele>622.0</ele>
        <time>2026-07-19T08:05:59Z</time>
      </trkpt>
      <trkpt lat="47.539429" lon="-120.708325">
        <ele>621.0</ele>
        <time>2026-07-19T08:06:05Z</time>
      </trkpt>
      <trkpt lat="47.539547" lon="-120.708309">
        <ele>621.0</ele>
        <time>2026-07-19T08:06:15Z</time>
      </trkpt>
      <trkpt lat="47.539635" lon="-120.708273">
        <ele>620.0</ele>
        <time>2026-07-19T08:06:25Z</time>
      </trkpt>
      <trkpt lat="47.539648" lon="-120.708240">
        <ele>618.0</ele>
        <time>2026-07-19T08:06:28Z</time>
      </trkpt>
      <trkpt lat="47.539623" lon="-120.708178">
        <ele>616.0</ele>
        <time>2026-07-19T08:06:38Z</time>
      </trkpt>
      <trkpt lat="47.539627" lon="-120.708146">
        <ele>616.0</ele>
        <time>2026-07-19T08:06:42Z</time>
      </trkpt>
      <trkpt lat="47.539652" lon="-120.708125">
        <ele>616.0</ele>
        <time>2026-07-19T08:06:46Z</time>
      </trkpt>
      <trkpt lat="47.539724" lon="-120.708213">
        <ele>616.0</ele>
        <time>2026-07-19T08:07:01Z</time>
      </trkpt>
      <trkpt lat="47.539770" lon="-120.708242">
        <ele>611.0</ele>
        <time>2026-07-19T08:07:14Z</time>
      </trkpt>
      <trkpt lat="47.539798" lon="-120.708310">
        <ele>615.0</ele>
        <time>2026-07-19T08:07:23Z</time>
      </trkpt>
      <trkpt lat="47.539791" lon="-120.708343">
        <ele>615.0</ele>
        <time>2026-07-19T08:07:26Z</time>
      </trkpt>
      <trkpt lat="47.539765" lon="-120.708361">
        <ele>613.0</ele>
        <time>2026-07-19T08:07:29Z</time>
      </trkpt>
      <trkpt lat="47.539722" lon="-120.708422">
        <ele>612.0</ele>
        <time>2026-07-19T08:07:36Z</time>
      </trkpt>
      <trkpt lat="47.539696" lon="-120.708432">
        <ele>612.0</ele>
        <time>2026-07-19T08:07:39Z</time>
      </trkpt>
      <trkpt lat="47.539634" lon="-120.708508">
        <ele>610.0</ele>
        <time>2026-07-19T08:07:49Z</time>
      </trkpt>
      <trkpt lat="47.539563" lon="-120.708551">
        <ele>605.0</ele>
        <time>2026-07-19T08:07:56Z</time>
      </trkpt>
      <trkpt lat="47.539525" lon="-120.708553">
        <ele>605.0</ele>
        <time>2026-07-19T08:08:00Z</time>
      </trkpt>
      <trkpt lat="47.539499" lon="-120.708568">
        <ele>605.0</ele>
        <time>2026-07-19T08:08:03Z</time>
      </trkpt>
      <trkpt lat="47.539429" lon="-120.708655">
        <ele>603.0</ele>
        <time>2026-07-19T08:08:17Z</time>
      </trkpt>
      <trkpt lat="47.539456" lon="-120.708674">
        <ele>604.0</ele>
        <time>2026-07-19T08:08:23Z</time>
      </trkpt>
      <trkpt lat="47.539529" lon="-120.708650">
        <ele>605.0</ele>
        <time>2026-07-19T08:08:29Z</time>
      </trkpt>
      <trkpt lat="47.539787" lon="-120.708604">
        <ele>602.0</ele>
        <time>2026-07-19T08:08:59Z</time>
      </trkpt>
      <trkpt lat="47.539820" lon="-120.708606">
        <ele>601.0</ele>
        <time>2026-07-19T08:09:02Z</time>
      </trkpt>
      <trkpt lat="47.539884" lon="-120.708636">
        <ele>604.0</ele>
        <time>2026-07-19T08:09:07Z</time>
      </trkpt>
      <trkpt lat="47.540031" lon="-120.708626">
        <ele>601.0</ele>
        <time>2026-07-19T08:09:19Z</time>
      </trkpt>
      <trkpt lat="47.540070" lon="-120.708638">
        <ele>598.0</ele>
        <time>2026-07-19T08:09:24Z</time>
      </trkpt>
      <trkpt lat="47.540196" lon="-120.708629">
        <ele>594.0</ele>
        <time>2026-07-19T08:09:38Z</time>
      </trkpt>
      <trkpt lat="47.540265" lon="-120.708608">
        <ele>593.0</ele>
        <time>2026-07-19T08:09:49Z</time>
      </trkpt>
      <trkpt lat="47.540226" lon="-120.708503">
        <ele>592.0</ele>
        <time>2026-07-19T08:09:59Z</time>
      </trkpt>
      <trkpt lat="47.540201" lon="-120.708371">
        <ele>593.0</ele>
        <time>2026-07-19T08:10:09Z</time>
      </trkpt>
      <trkpt lat="47.540248" lon="-120.708364">
        <ele>593.3</ele>
        <time>2026-07-19T08:10:13Z</time>
      </trkpt>
      <trkpt lat="47.540434" lon="-120.708586">
        <ele>586.0</ele>
        <time>2026-07-19T08:10:44Z</time>
      </trkpt>
      <trkpt lat="47.540484" lon="-120.708674">
        <ele>586.0</ele>
        <time>2026-07-19T08:10:55Z</time>
      </trkpt>
      <trkpt lat="47.540470" lon="-120.708730">
        <ele>586.0</ele>
        <time>2026-07-19T08:10:59Z</time>
      </trkpt>
      <trkpt lat="47.540403" lon="-120.708785">
        <ele>582.0</ele>
        <time>2026-07-19T08:11:06Z</time>
      </trkpt>
      <trkpt lat="47.540283" lon="-120.708848">
        <ele>580.0</ele>
        <time>2026-07-19T08:11:17Z</time>
      </trkpt>
      <trkpt lat="47.540208" lon="-120.708923">
        <ele>582.0</ele>
        <time>2026-07-19T08:11:28Z</time>
      </trkpt>
      <trkpt lat="47.540146" lon="-120.708952">
        <ele>581.0</ele>
        <time>2026-07-19T08:11:36Z</time>
      </trkpt>
      <trkpt lat="47.540068" lon="-120.708956">
        <ele>579.0</ele>
        <time>2026-07-19T08:11:46Z</time>
      </trkpt>
      <trkpt lat="47.540081" lon="-120.708990">
        <ele>580.0</ele>
        <time>2026-07-19T08:11:49Z</time>
      </trkpt>
      <trkpt lat="47.540164" lon="-120.709026">
        <ele>579.0</ele>
        <time>2026-07-19T08:11:58Z</time>
      </trkpt>
      <trkpt lat="47.540266" lon="-120.709050">
        <ele>579.0</ele>
        <time>2026-07-19T08:12:09Z</time>
      </trkpt>
      <trkpt lat="47.540375" lon="-120.709047">
        <ele>575.0</ele>
        <time>2026-07-19T08:12:23Z</time>
      </trkpt>
      <trkpt lat="47.540492" lon="-120.709012">
        <ele>572.0</ele>
        <time>2026-07-19T08:12:39Z</time>
      </trkpt>
      <trkpt lat="47.540577" lon="-120.709021">
        <ele>573.0</ele>
        <time>2026-07-19T08:12:49Z</time>
      </trkpt>
      <trkpt lat="47.540658" lon="-120.709014">
        <ele>570.0</ele>
        <time>2026-07-19T08:12:58Z</time>
      </trkpt>
      <trkpt lat="47.540726" lon="-120.708993">
        <ele>567.0</ele>
        <time>2026-07-19T08:13:08Z</time>
      </trkpt>
      <trkpt lat="47.540783" lon="-120.708961">
        <ele>565.0</ele>
        <time>2026-07-19T08:13:19Z</time>
      </trkpt>
      <trkpt lat="47.540876" lon="-120.708939">
        <ele>564.0</ele>
        <time>2026-07-19T08:13:29Z</time>
      </trkpt>
      <trkpt lat="47.540984" lon="-120.708863">
        <ele>560.0</ele>
        <time>2026-07-19T08:13:50Z</time>
      </trkpt>
      <trkpt lat="47.540982" lon="-120.708822">
        <ele>560.0</ele>
        <time>2026-07-19T08:13:54Z</time>
      </trkpt>
      <trkpt lat="47.540965" lon="-120.708789">
        <ele>560.0</ele>
        <time>2026-07-19T08:13:59Z</time>
      </trkpt>
      <trkpt lat="47.540930" lon="-120.708596">
        <ele>557.0</ele>
        <time>2026-07-19T08:14:20Z</time>
      </trkpt>
      <trkpt lat="47.541037" lon="-120.708685">
        <ele>556.0</ele>
        <time>2026-07-19T08:14:32Z</time>
      </trkpt>
      <trkpt lat="47.541131" lon="-120.708898">
        <ele>553.0</ele>
        <time>2026-07-19T08:14:51Z</time>
      </trkpt>
      <trkpt lat="47.541124" lon="-120.708938">
        <ele>555.0</ele>
        <time>2026-07-19T08:14:54Z</time>
      </trkpt>
      <trkpt lat="47.541059" lon="-120.709074">
        <ele>552.0</ele>
        <time>2026-07-19T08:15:09Z</time>
      </trkpt>
      <trkpt lat="47.540732" lon="-120.709440">
        <ele>546.0</ele>
        <time>2026-07-19T08:16:09Z</time>
      </trkpt>
      <trkpt lat="47.540663" lon="-120.709567">
        <ele>545.0</ele>
        <time>2026-07-19T08:16:24Z</time>
      </trkpt>
      <trkpt lat="47.540641" lon="-120.709679">
        <ele>543.0</ele>
        <time>2026-07-19T08:16:35Z</time>
      </trkpt>
      <trkpt lat="47.540556" lon="-120.709767">
        <ele>542.0</ele>
        <time>2026-07-19T08:16:44Z</time>
      </trkpt>
      <trkpt lat="47.540500" lon="-120.709800">
        <ele>540.0</ele>
        <time>2026-07-19T08:16:49Z</time>
      </trkpt>
      <trkpt lat="47.540383" lon="-120.709950">
        <ele>540.0</ele>
        <time>2026-07-19T08:17:10Z</time>
      </trkpt>
      <trkpt lat="47.540330" lon="-120.709991">
        <ele>540.0</ele>
        <time>2026-07-19T08:17:17Z</time>
      </trkpt>
      <trkpt lat="47.540259" lon="-120.710069">
        <ele>538.0</ele>
        <time>2026-07-19T08:17:31Z</time>
      </trkpt>
      <trkpt lat="47.540247" lon="-120.710113">
        <ele>535.0</ele>
        <time>2026-07-19T08:17:38Z</time>
      </trkpt>
      <trkpt lat="47.540215" lon="-120.710152">
        <ele>535.5</ele>
        <time>2026-07-19T08:17:43Z</time>
      </trkpt>
      <trkpt lat="47.540205" lon="-120.710227">
        <ele>535.0</ele>
        <time>2026-07-19T08:17:52Z</time>
      </trkpt>
      <trkpt lat="47.540363" lon="-120.710189">
        <ele>535.0</ele>
        <time>2026-07-19T08:18:29Z</time>
      </trkpt>
      <trkpt lat="47.540440" lon="-120.710185">
        <ele>532.0</ele>
        <time>2026-07-19T08:18:47Z</time>
      </trkpt>
      <trkpt lat="47.540496" lon="-120.710156">
        <ele>531.0</ele>
        <time>2026-07-19T08:18:58Z</time>
      </trkpt>
      <trkpt lat="47.540550" lon="-120.710152">
        <ele>526.0</ele>
        <time>2026-07-19T08:19:07Z</time>
      </trkpt>
      <trkpt lat="47.540664" lon="-120.710114">
        <ele>530.6</ele>
        <time>2026-07-19T08:19:19Z</time>
      </trkpt>
      <trkpt lat="47.540804" lon="-120.710033">
        <ele>520.0</ele>
        <time>2026-07-19T08:19:39Z</time>
      </trkpt>
      <trkpt lat="47.540827" lon="-120.710003">
        <ele>526.0</ele>
        <time>2026-07-19T08:19:45Z</time>
      </trkpt>
      <trkpt lat="47.540883" lon="-120.709974">
        <ele>525.0</ele>
        <time>2026-07-19T08:19:50Z</time>
      </trkpt>
      <trkpt lat="47.540933" lon="-120.709926">
        <ele>525.0</ele>
        <time>2026-07-19T08:19:57Z</time>
      </trkpt>
      <trkpt lat="47.540918" lon="-120.709897">
        <ele>523.0</ele>
        <time>2026-07-19T08:20:03Z</time>
      </trkpt>
      <trkpt lat="47.540924" lon="-120.709866">
        <ele>522.0</ele>
        <time>2026-07-19T08:20:08Z</time>
      </trkpt>
      <trkpt lat="47.540963" lon="-120.709768">
        <ele>517.0</ele>
        <time>2026-07-19T08:20:20Z</time>
      </trkpt>
      <trkpt lat="47.540996" lon="-120.709758">
        <ele>516.0</ele>
        <time>2026-07-19T08:20:28Z</time>
      </trkpt>
      <trkpt lat="47.540999" lon="-120.709849">
        <ele>517.0</ele>
        <time>2026-07-19T08:20:35Z</time>
      </trkpt>
      <trkpt lat="47.540978" lon="-120.709936">
        <ele>513.0</ele>
        <time>2026-07-19T08:20:51Z</time>
      </trkpt>
      <trkpt lat="47.541001" lon="-120.710145">
        <ele>509.0</ele>
        <time>2026-07-19T08:21:14Z</time>
      </trkpt>
      <trkpt lat="47.541040" lon="-120.710161">
        <ele>506.0</ele>
        <time>2026-07-19T08:21:18Z</time>
      </trkpt>
      <trkpt lat="47.541044" lon="-120.710194">
        <ele>508.0</ele>
        <time>2026-07-19T08:21:25Z</time>
      </trkpt>
      <trkpt lat="47.541027" lon="-120.710157">
        <ele>508.0</ele>
        <time>2026-07-19T08:21:31Z</time>
      </trkpt>
      <trkpt lat="47.541034" lon="-120.710080">
        <ele>510.0</ele>
        <time>2026-07-19T08:21:40Z</time>
      </trkpt>
      <trkpt lat="47.541100" lon="-120.709925">
        <ele>505.0</ele>
        <time>2026-07-19T08:21:57Z</time>
      </trkpt>
      <trkpt lat="47.541208" lon="-120.709833">
        <ele>504.0</ele>
        <time>2026-07-19T08:22:28Z</time>
      </trkpt>
      <trkpt lat="47.541243" lon="-120.709832">
        <ele>504.0</ele>
        <time>2026-07-19T08:22:35Z</time>
      </trkpt>
      <trkpt lat="47.541172" lon="-120.710024">
        <ele>503.8</ele>
        <time>2026-07-19T08:23:05Z</time>
      </trkpt>
      <trkpt lat="47.541182" lon="-120.710040">
        <ele>504.0</ele>
        <time>2026-07-19T08:23:08Z</time>
      </trkpt>
      <trkpt lat="47.541190" lon="-120.710113">
        <ele>500.0</ele>
        <time>2026-07-19T08:23:18Z</time>
      </trkpt>
      <trkpt lat="47.541217" lon="-120.710177">
        <ele>495.0</ele>
        <time>2026-07-19T08:23:33Z</time>
      </trkpt>
      <trkpt lat="47.541266" lon="-120.710038">
        <ele>495.0</ele>
        <time>2026-07-19T08:23:57Z</time>
      </trkpt>
      <trkpt lat="47.541318" lon="-120.709991">
        <ele>494.0</ele>
        <time>2026-07-19T08:24:10Z</time>
      </trkpt>
      <trkpt lat="47.541335" lon="-120.710022">
        <ele>492.0</ele>
        <time>2026-07-19T08:24:15Z</time>
      </trkpt>
      <trkpt lat="47.541318" lon="-120.710142">
        <ele>490.0</ele>
        <time>2026-07-19T08:24:32Z</time>
      </trkpt>
      <trkpt lat="47.541350" lon="-120.710217">
        <ele>491.0</ele>
        <time>2026-07-19T08:24:44Z</time>
      </trkpt>
      <trkpt lat="47.541351" lon="-120.710263">
        <ele>484.0</ele>
        <time>2026-07-19T08:24:55Z</time>
      </trkpt>
      <trkpt lat="47.541359" lon="-120.710228">
        <ele>488.0</ele>
        <time>2026-07-19T08:25:08Z</time>
      </trkpt>
      <trkpt lat="47.541391" lon="-120.710190">
        <ele>488.0</ele>
        <time>2026-07-19T08:25:16Z</time>
      </trkpt>
      <trkpt lat="47.541400" lon="-120.710119">
        <ele>484.0</ele>
        <time>2026-07-19T08:25:26Z</time>
      </trkpt>
      <trkpt lat="47.541450" lon="-120.710050">
        <ele>486.0</ele>
        <time>2026-07-19T08:25:36Z</time>
      </trkpt>
      <trkpt lat="47.541464" lon="-120.710114">
        <ele>484.0</ele>
        <time>2026-07-19T08:25:44Z</time>
      </trkpt>
      <trkpt lat="47.541461" lon="-120.710254">
        <ele>484.0</ele>
        <time>2026-07-19T08:26:03Z</time>
      </trkpt>
      <trkpt lat="47.541486" lon="-120.710381">
        <ele>480.0</ele>
        <time>2026-07-19T08:26:26Z</time>
      </trkpt>
      <trkpt lat="47.541482" lon="-120.710363">
        <ele>479.0</ele>
        <time>2026-07-19T08:26:30Z</time>
      </trkpt>
      <trkpt lat="47.541512" lon="-120.710289">
        <ele>480.0</ele>
        <time>2026-07-19T08:26:40Z</time>
      </trkpt>
      <trkpt lat="47.541510" lon="-120.710258">
        <ele>478.0</ele>
        <time>2026-07-19T08:26:45Z</time>
      </trkpt>
      <trkpt lat="47.541568" lon="-120.710081">
        <ele>469.0</ele>
        <time>2026-07-19T08:27:40Z</time>
      </trkpt>
      <trkpt lat="47.541662" lon="-120.709975">
        <ele>472.0</ele>
        <time>2026-07-19T08:27:57Z</time>
      </trkpt>
      <trkpt lat="47.541680" lon="-120.709946">
        <ele>471.0</ele>
        <time>2026-07-19T08:28:02Z</time>
      </trkpt>
      <trkpt lat="47.541682" lon="-120.709919">
        <ele>474.0</ele>
        <time>2026-07-19T08:28:05Z</time>
      </trkpt>
      <trkpt lat="47.541745" lon="-120.709833">
        <ele>471.0</ele>
        <time>2026-07-19T08:28:24Z</time>
      </trkpt>
      <trkpt lat="47.541776" lon="-120.709813">
        <ele>471.0</ele>
        <time>2026-07-19T08:28:27Z</time>
      </trkpt>
      <trkpt lat="47.541788" lon="-120.709769">
        <ele>469.0</ele>
        <time>2026-07-19T08:28:33Z</time>
      </trkpt>
      <trkpt lat="47.541811" lon="-120.709741">
        <ele>468.0</ele>
        <time>2026-07-19T08:28:39Z</time>
      </trkpt>
      <trkpt lat="47.541833" lon="-120.709720">
        <ele>468.0</ele>
        <time>2026-07-19T08:28:44Z</time>
      </trkpt>
      <trkpt lat="47.541868" lon="-120.709711">
        <ele>468.0</ele>
        <time>2026-07-19T08:28:48Z</time>
      </trkpt>
      <trkpt lat="47.541895" lon="-120.709682">
        <ele>468.1</ele>
        <time>2026-07-19T08:28:54Z</time>
      </trkpt>
      <trkpt lat="47.541909" lon="-120.709692">
        <ele>468.0</ele>
        <time>2026-07-19T08:28:57Z</time>
      </trkpt>
      <trkpt lat="47.541866" lon="-120.709860">
        <ele>464.0</ele>
        <time>2026-07-19T08:29:15Z</time>
      </trkpt>
      <trkpt lat="47.541855" lon="-120.710032">
        <ele>460.0</ele>
        <time>2026-07-19T08:29:33Z</time>
      </trkpt>
      <trkpt lat="47.541841" lon="-120.710066">
        <ele>460.0</ele>
        <time>2026-07-19T08:29:37Z</time>
      </trkpt>
      <trkpt lat="47.541854" lon="-120.710182">
        <ele>460.6</ele>
        <time>2026-07-19T08:29:48Z</time>
      </trkpt>
      <trkpt lat="47.541846" lon="-120.710251">
        <ele>455.0</ele>
        <time>2026-07-19T08:29:57Z</time>
      </trkpt>
      <trkpt lat="47.541852" lon="-120.710344">
        <ele>453.0</ele>
        <time>2026-07-19T08:30:11Z</time>
      </trkpt>
      <trkpt lat="47.541781" lon="-120.710562">
        <ele>450.0</ele>
        <time>2026-07-19T08:30:36Z</time>
      </trkpt>
      <trkpt lat="47.541733" lon="-120.710637">
        <ele>448.0</ele>
        <time>2026-07-19T08:30:46Z</time>
      </trkpt>
      <trkpt lat="47.541713" lon="-120.710696">
        <ele>450.0</ele>
        <time>2026-07-19T08:30:53Z</time>
      </trkpt>
      <trkpt lat="47.541548" lon="-120.710891">
        <ele>449.0</ele>
        <time>2026-07-19T08:31:26Z</time>
      </trkpt>
      <trkpt lat="47.541525" lon="-120.711005">
        <ele>444.0</ele>
        <time>2026-07-19T08:31:43Z</time>
      </trkpt>
      <trkpt lat="47.541666" lon="-120.710914">
        <ele>445.0</ele>
        <time>2026-07-19T08:32:23Z</time>
      </trkpt>
      <trkpt lat="47.541840" lon="-120.710831">
        <ele>444.0</ele>
        <time>2026-07-19T08:32:57Z</time>
      </trkpt>
      <trkpt lat="47.541933" lon="-120.710758">
        <ele>441.0</ele>
        <time>2026-07-19T08:33:20Z</time>
      </trkpt>
      <trkpt lat="47.541987" lon="-120.710681">
        <ele>438.0</ele>
        <time>2026-07-19T08:33:34Z</time>
      </trkpt>
      <trkpt lat="47.542018" lon="-120.710673">
        <ele>438.0</ele>
        <time>2026-07-19T08:33:39Z</time>
      </trkpt>
      <trkpt lat="47.542014" lon="-120.710744">
        <ele>437.0</ele>
        <time>2026-07-19T08:33:48Z</time>
      </trkpt>
      <trkpt lat="47.542001" lon="-120.710788">
        <ele>438.0</ele>
        <time>2026-07-19T08:33:50Z</time>
      </trkpt>
      <trkpt lat="47.541945" lon="-120.710888">
        <ele>434.0</ele>
        <time>2026-07-19T08:34:00Z</time>
      </trkpt>
      <trkpt lat="47.541830" lon="-120.711021">
        <ele>432.0</ele>
        <time>2026-07-19T08:34:19Z</time>
      </trkpt>
      <trkpt lat="47.541760" lon="-120.711131">
        <ele>435.0</ele>
        <time>2026-07-19T08:34:30Z</time>
      </trkpt>
      <trkpt lat="47.541719" lon="-120.711176">
        <ele>435.0</ele>
        <time>2026-07-19T08:34:37Z</time>
      </trkpt>
      <trkpt lat="47.541697" lon="-120.711226">
        <ele>435.0</ele>
        <time>2026-07-19T08:34:44Z</time>
      </trkpt>
      <trkpt lat="47.541669" lon="-120.711245">
        <ele>430.0</ele>
        <time>2026-07-19T08:34:51Z</time>
      </trkpt>
      <trkpt lat="47.541620" lon="-120.711343">
        <ele>435.0</ele>
        <time>2026-07-19T08:35:22Z</time>
      </trkpt>
      <trkpt lat="47.541615" lon="-120.711413">
        <ele>435.0</ele>
        <time>2026-07-19T08:35:32Z</time>
      </trkpt>
      <trkpt lat="47.541640" lon="-120.711469">
        <ele>434.0</ele>
        <time>2026-07-19T08:35:38Z</time>
      </trkpt>
      <trkpt lat="47.541677" lon="-120.711517">
        <ele>432.0</ele>
        <time>2026-07-19T08:35:46Z</time>
      </trkpt>
      <trkpt lat="47.541770" lon="-120.711466">
        <ele>428.0</ele>
        <time>2026-07-19T08:36:02Z</time>
      </trkpt>
      <trkpt lat="47.541799" lon="-120.711394">
        <ele>426.0</ele>
        <time>2026-07-19T08:36:09Z</time>
      </trkpt>
      <trkpt lat="47.541835" lon="-120.711381">
        <ele>425.0</ele>
        <time>2026-07-19T08:36:13Z</time>
      </trkpt>
      <trkpt lat="47.541872" lon="-120.711401">
        <ele>430.0</ele>
        <time>2026-07-19T08:36:28Z</time>
      </trkpt>
      <trkpt lat="47.541954" lon="-120.711312">
        <ele>425.0</ele>
        <time>2026-07-19T08:36:43Z</time>
      </trkpt>
      <trkpt lat="47.541951" lon="-120.711281">
        <ele>423.0</ele>
        <time>2026-07-19T08:36:46Z</time>
      </trkpt>
      <trkpt lat="47.541962" lon="-120.711248">
        <ele>422.0</ele>
        <time>2026-07-19T08:36:48Z</time>
      </trkpt>
      <trkpt lat="47.542034" lon="-120.711218">
        <ele>421.0</ele>
        <time>2026-07-19T08:36:54Z</time>
      </trkpt>
      <trkpt lat="47.542057" lon="-120.711198">
        <ele>420.0</ele>
        <time>2026-07-19T08:36:57Z</time>
      </trkpt>
      <trkpt lat="47.542111" lon="-120.711198">
        <ele>422.0</ele>
        <time>2026-07-19T08:37:00Z</time>
      </trkpt>
      <trkpt lat="47.542136" lon="-120.711178">
        <ele>420.0</ele>
        <time>2026-07-19T08:37:03Z</time>
      </trkpt>
      <trkpt lat="47.542134" lon="-120.711144">
        <ele>420.0</ele>
        <time>2026-07-19T08:37:07Z</time>
      </trkpt>
      <trkpt lat="47.542235" lon="-120.711074">
        <ele>420.0</ele>
        <time>2026-07-19T08:37:16Z</time>
      </trkpt>
      <trkpt lat="47.542232" lon="-120.711050">
        <ele>420.0</ele>
        <time>2026-07-19T08:37:18Z</time>
      </trkpt>
      <trkpt lat="47.542279" lon="-120.710998">
        <ele>420.0</ele>
        <time>2026-07-19T08:37:24Z</time>
      </trkpt>
      <trkpt lat="47.542319" lon="-120.710930">
        <ele>418.0</ele>
        <time>2026-07-19T08:37:29Z</time>
      </trkpt>
      <trkpt lat="47.542415" lon="-120.710831">
        <ele>414.0</ele>
        <time>2026-07-19T08:37:42Z</time>
      </trkpt>
      <trkpt lat="47.542639" lon="-120.710536">
        <ele>412.0</ele>
        <time>2026-07-19T08:38:08Z</time>
      </trkpt>
      <trkpt lat="47.542727" lon="-120.710403">
        <ele>411.0</ele>
        <time>2026-07-19T08:38:21Z</time>
      </trkpt>
      <trkpt lat="47.542759" lon="-120.710380">
        <ele>411.0</ele>
        <time>2026-07-19T08:38:24Z</time>
      </trkpt>
      <trkpt lat="47.542833" lon="-120.710274">
        <ele>408.0</ele>
        <time>2026-07-19T08:38:36Z</time>
      </trkpt>
      <trkpt lat="47.542860" lon="-120.710252">
        <ele>408.0</ele>
        <time>2026-07-19T08:38:40Z</time>
      </trkpt>
      <trkpt lat="47.542893" lon="-120.710186">
        <ele>405.0</ele>
        <time>2026-07-19T08:38:48Z</time>
      </trkpt>
      <trkpt lat="47.542956" lon="-120.710110">
        <ele>406.0</ele>
        <time>2026-07-19T08:38:58Z</time>
      </trkpt>
      <trkpt lat="47.543016" lon="-120.709985">
        <ele>403.0</ele>
        <time>2026-07-19T08:39:09Z</time>
      </trkpt>
      <trkpt lat="47.543096" lon="-120.709867">
        <ele>403.0</ele>
        <time>2026-07-19T08:39:19Z</time>
      </trkpt>
      <trkpt lat="47.543139" lon="-120.709768">
        <ele>403.0</ele>
        <time>2026-07-19T08:39:27Z</time>
      </trkpt>
      <trkpt lat="47.543184" lon="-120.709581">
        <ele>402.0</ele>
        <time>2026-07-19T08:39:40Z</time>
      </trkpt>
      <trkpt lat="47.543192" lon="-120.709505">
        <ele>402.0</ele>
        <time>2026-07-19T08:39:46Z</time>
      </trkpt>
      <trkpt lat="47.543300" lon="-120.709318">
        <ele>400.0</ele>
        <time>2026-07-19T08:40:02Z</time>
      </trkpt>
      <trkpt lat="47.543358" lon="-120.709098">
        <ele>396.0</ele>
        <time>2026-07-19T08:40:17Z</time>
      </trkpt>
      <trkpt lat="47.543390" lon="-120.709081">
        <ele>398.0</ele>
        <time>2026-07-19T08:40:20Z</time>
      </trkpt>
      <trkpt lat="47.543427" lon="-120.709025">
        <ele>396.0</ele>
        <time>2026-07-19T08:40:26Z</time>
      </trkpt>
      <trkpt lat="47.543632" lon="-120.708894">
        <ele>399.0</ele>
        <time>2026-07-19T08:40:47Z</time>
      </trkpt>
      <trkpt lat="47.543707" lon="-120.708882">
        <ele>396.0</ele>
        <time>2026-07-19T08:40:58Z</time>
      </trkpt>
      <trkpt lat="47.543769" lon="-120.708997">
        <ele>398.0</ele>
        <time>2026-07-19T08:41:16Z</time>
      </trkpt>
      <trkpt lat="47.543825" lon="-120.709002">
        <ele>395.0</ele>
        <time>2026-07-19T08:41:22Z</time>
      </trkpt>
      <trkpt lat="47.543840" lon="-120.709050">
        <ele>397.0</ele>
        <time>2026-07-19T08:41:29Z</time>
      </trkpt>
      <trkpt lat="47.543886" lon="-120.709054">
        <ele>398.0</ele>
        <time>2026-07-19T08:41:33Z</time>
      </trkpt>
      <trkpt lat="47.543918" lon="-120.709155">
        <ele>400.0</ele>
        <time>2026-07-19T08:41:47Z</time>
      </trkpt>
      <trkpt lat="47.543925" lon="-120.709226">
        <ele>404.0</ele>
        <time>2026-07-19T08:41:52Z</time>
      </trkpt>
      <trkpt lat="47.543918" lon="-120.709263">
        <ele>402.0</ele>
        <time>2026-07-19T08:41:56Z</time>
      </trkpt>
      <trkpt lat="47.543981" lon="-120.709286">
        <ele>400.0</ele>
        <time>2026-07-19T08:42:06Z</time>
      </trkpt>
      <trkpt lat="47.544016" lon="-120.709347">
        <ele>401.0</ele>
        <time>2026-07-19T08:42:15Z</time>
      </trkpt>
      <trkpt lat="47.544035" lon="-120.709496">
        <ele>405.0</ele>
        <time>2026-07-19T08:42:30Z</time>
      </trkpt>
      <trkpt lat="47.544069" lon="-120.709642">
        <ele>407.0</ele>
        <time>2026-07-19T08:42:47Z</time>
      </trkpt>
      <trkpt lat="47.544133" lon="-120.709674">
        <ele>410.0</ele>
        <time>2026-07-19T08:43:00Z</time>
      </trkpt>
      <trkpt lat="47.544180" lon="-120.709723">
        <ele>412.0</ele>
        <time>2026-07-19T08:43:27Z</time>
      </trkpt>
      <trkpt lat="47.544179" lon="-120.709750">
        <ele>414.0</ele>
        <time>2026-07-19T08:45:13Z</time>
      </trkpt>
      <trkpt lat="47.544184" lon="-120.709727">
        <ele>411.0</ele>
        <time>2026-07-19T08:46:50Z</time>
      </trkpt>
      <trkpt lat="47.544153" lon="-120.709771">
        <ele>412.0</ele>
        <time>2026-07-19T08:47:27Z</time>
      </trkpt>
      <trkpt lat="47.544177" lon="-120.709813">
        <ele>412.7</ele>
        <time>2026-07-19T08:47:30Z</time>
      </trkpt>
      <trkpt lat="47.544217" lon="-120.710009">
        <ele>412.9</ele>
        <time>2026-07-19T08:47:37Z</time>
      </trkpt>
      <trkpt lat="47.544292" lon="-120.710272">
        <ele>414.1</ele>
        <time>2026-07-19T08:47:45Z</time>
      </trkpt>
      <trkpt lat="47.544308" lon="-120.710452">
        <ele>415.3</ele>
        <time>2026-07-19T08:47:50Z</time>
      </trkpt>
      <trkpt lat="47.544320" lon="-120.710494">
        <ele>414.0</ele>
        <time>2026-07-19T08:47:51Z</time>
      </trkpt>
      <trkpt lat="47.544353" lon="-120.710542">
        <ele>416.0</ele>
        <time>2026-07-19T08:47:53Z</time>
      </trkpt>
      <trkpt lat="47.544394" lon="-120.710572">
        <ele>416.0</ele>
        <time>2026-07-19T08:47:55Z</time>
      </trkpt>
      <trkpt lat="47.544483" lon="-120.710572">
        <ele>417.4</ele>
        <time>2026-07-19T08:48:02Z</time>
      </trkpt>
    </trkseg>
  </trk>
</gpx>
